station,date,temperature_2m_max,temperature_2m_min,temperature_2m_mean,apparent_temperature_max,apparent_temperature_min,precipitation_sum,rain_sum,showers_sum,precipitation_hours,wind_speed_10m_max,wind_gusts_10m_max,wind_direction_10m_dominant,cloud_cover_mean,cloud_cover_max,dew_point_2m_mean,pressure_msl_mean,shortwave_radiation_sum,sunshine_duration,model,latitude,longitude
EGLC,2022-01-01,,,,,,,,,0.0,,,,,,,,,,ukmo_uk_deterministic_2km,51.507725,0.042434692
EGLC,2022-01-02,,,,,,,,,0.0,,,,,,,,,,ukmo_uk_deterministic_2km,51.507725,0.042434692
EGLC,2022-01-03,,,,,,,,,0.0,,,,,,,,,,ukmo_uk_deterministic_2km,51.507725,0.042434692
EGLC,2022-01-04,,,,,,,,,0.0,,,,,,,,,,ukmo_uk_deterministic_2km,51.507725,0.042434692
EGLC,2022-01-05,,,,,,,,,0.0,,,,,,,,,,ukmo_uk_deterministic_2km,51.507725,0.042434692
EGLC,2022-01-06,,,,,,,,,0.0,,,,,,,,,,ukmo_uk_deterministic_2km,51.507725,0.042434692
EGLC,2022-01-07,,,,,,,,,0.0,,,,,,,,,,ukmo_uk_deterministic_2km,51.507725,0.042434692
EGLC,2022-01-08,,,,,,,,,0.0,,,,,,,,,,ukmo_uk_deterministic_2km,51.507725,0.042434692
EGLC,2022-01-09,,,,,,,,,0.0,,,,,,,,,,ukmo_uk_deterministic_2km,51.507725,0.042434692
EGLC,2022-01-10,,,,,,,,,0.0,,,,,,,,,,ukmo_uk_deterministic_2km,51.507725,0.042434692
EGLC,2022-01-11,,,,,,,,,0.0,,,,,,,,,,ukmo_uk_deterministic_2km,51.507725,0.042434692
EGLC,2022-01-12,,,,,,,,,0.0,,,,,,,,,,ukmo_uk_deterministic_2km,51.507725,0.042434692
EGLC,2022-01-13,,,,,,,,,0.0,,,,,,,,,,ukmo_uk_deterministic_2km,51.507725,0.042434692
EGLC,2022-01-14,,,,,,,,,0.0,,,,,,,,,,ukmo_uk_deterministic_2km,51.507725,0.042434692
EGLC,2022-01-15,,,,,,,,,0.0,,,,,,,,,,ukmo_uk_deterministic_2km,51.507725,0.042434692
EGLC,2022-01-16,,,,,,,,,0.0,,,,,,,,,,ukmo_uk_deterministic_2km,51.507725,0.042434692
EGLC,2022-01-17,,,,,,,,,0.0,,,,,,,,,,ukmo_uk_deterministic_2km,51.507725,0.042434692
EGLC,2022-01-18,,,,,,,,,0.0,,,,,,,,,,ukmo_uk_deterministic_2km,51.507725,0.042434692
EGLC,2022-01-19,,,,,,,,,0.0,,,,,,,,,,ukmo_uk_deterministic_2km,51.507725,0.042434692
EGLC,2022-01-20,,,,,,,,,0.0,,,,,,,,,,ukmo_uk_deterministic_2km,51.507725,0.042434692
EGLC,2022-01-21,,,,,,,,,0.0,,,,,,,,,,ukmo_uk_deterministic_2km,51.507725,0.042434692
EGLC,2022-01-22,,,,,,,,,0.0,,,,,,,,,,ukmo_uk_deterministic_2km,51.507725,0.042434692
EGLC,2022-01-23,,,,,,,,,0.0,,,,,,,,,,ukmo_uk_deterministic_2km,51.507725,0.042434692
EGLC,2022-01-24,,,,,,,,,0.0,,,,,,,,,,ukmo_uk_deterministic_2km,51.507725,0.042434692
EGLC,2022-01-25,,,,,,,,,0.0,,,,,,,,,,ukmo_uk_deterministic_2km,51.507725,0.042434692
EGLC,2022-01-26,,,,,,,,,0.0,,,,,,,,,,ukmo_uk_deterministic_2km,51.507725,0.042434692
EGLC,2022-01-27,,,,,,,,,0.0,,,,,,,,,,ukmo_uk_deterministic_2km,51.507725,0.042434692
EGLC,2022-01-28,,,,,,,,,0.0,,,,,,,,,,ukmo_uk_deterministic_2km,51.507725,0.042434692
EGLC,2022-01-29,,,,,,,,,0.0,,,,,,,,,,ukmo_uk_deterministic_2km,51.507725,0.042434692
EGLC,2022-01-30,,,,,,,,,0.0,,,,,,,,,,ukmo_uk_deterministic_2km,51.507725,0.042434692
EGLC,2022-01-31,,,,,,,,,0.0,,,,,,,,,,ukmo_uk_deterministic_2km,51.507725,0.042434692
EGLC,2022-02-01,,,,,,,,,0.0,,,,,,,,,,ukmo_uk_deterministic_2km,51.507725,0.042434692
EGLC,2022-02-02,,,,,,,,,0.0,,,,,,,,,,ukmo_uk_deterministic_2km,51.507725,0.042434692
EGLC,2022-02-03,,,,,,,,,0.0,,,,,,,,,,ukmo_uk_deterministic_2km,51.507725,0.042434692
EGLC,2022-02-04,,,,,,,,,0.0,,,,,,,,,,ukmo_uk_deterministic_2km,51.507725,0.042434692
EGLC,2022-02-05,,,,,,,,,0.0,,,,,,,,,,ukmo_uk_deterministic_2km,51.507725,0.042434692
EGLC,2022-02-06,,,,,,,,,0.0,,,,,,,,,,ukmo_uk_deterministic_2km,51.507725,0.042434692
EGLC,2022-02-07,,,,,,,,,0.0,,,,,,,,,,ukmo_uk_deterministic_2km,51.507725,0.042434692
EGLC,2022-02-08,,,,,,,,,0.0,,,,,,,,,,ukmo_uk_deterministic_2km,51.507725,0.042434692
EGLC,2022-02-09,,,,,,,,,0.0,,,,,,,,,,ukmo_uk_deterministic_2km,51.507725,0.042434692
EGLC,2022-02-10,,,,,,,,,0.0,,,,,,,,,,ukmo_uk_deterministic_2km,51.507725,0.042434692
EGLC,2022-02-11,,,,,,,,,0.0,,,,,,,,,,ukmo_uk_deterministic_2km,51.507725,0.042434692
EGLC,2022-02-12,,,,,,,,,0.0,,,,,,,,,,ukmo_uk_deterministic_2km,51.507725,0.042434692
EGLC,2022-02-13,,,,,,,,,0.0,,,,,,,,,,ukmo_uk_deterministic_2km,51.507725,0.042434692
EGLC,2022-02-14,,,,,,,,,0.0,,,,,,,,,,ukmo_uk_deterministic_2km,51.507725,0.042434692
EGLC,2022-02-15,,,,,,,,,0.0,,,,,,,,,,ukmo_uk_deterministic_2km,51.507725,0.042434692
EGLC,2022-02-16,,,,,,,,,0.0,,,,,,,,,,ukmo_uk_deterministic_2km,51.507725,0.042434692
EGLC,2022-02-17,,,,,,,,,0.0,,,,,,,,,,ukmo_uk_deterministic_2km,51.507725,0.042434692
EGLC,2022-02-18,,,,,,,,,0.0,,,,,,,,,,ukmo_uk_deterministic_2km,51.507725,0.042434692
EGLC,2022-02-19,,,,,,,,,0.0,,,,,,,,,,ukmo_uk_deterministic_2km,51.507725,0.042434692
EGLC,2022-02-20,,,,,,,,,0.0,,,,,,,,,,ukmo_uk_deterministic_2km,51.507725,0.042434692
EGLC,2022-02-21,,,,,,,,,0.0,,,,,,,,,,ukmo_uk_deterministic_2km,51.507725,0.042434692
EGLC,2022-02-22,,,,,,,,,0.0,,,,,,,,,,ukmo_uk_deterministic_2km,51.507725,0.042434692
EGLC,2022-02-23,,,,,,,,,0.0,,,,,,,,,,ukmo_uk_deterministic_2km,51.507725,0.042434692
EGLC,2022-02-24,,,,,,,,,0.0,,,,,,,,,,ukmo_uk_deterministic_2km,51.507725,0.042434692
EGLC,2022-02-25,,,,,,,,,0.0,,,,,,,,,,ukmo_uk_deterministic_2km,51.507725,0.042434692
EGLC,2022-02-26,,,,,,,,,0.0,,,,,,,,,,ukmo_uk_deterministic_2km,51.507725,0.042434692
EGLC,2022-02-27,,,,,,,,,0.0,,,,,,,,,,ukmo_uk_deterministic_2km,51.507725,0.042434692
EGLC,2022-02-28,,,,,,,,,0.0,,,,,,,,,,ukmo_uk_deterministic_2km,51.507725,0.042434692
EGLC,2022-03-01,9.9,7.6,,9.1,4.9,,,,5.0,15.1,32.8,,,100.0,,,,,ukmo_uk_deterministic_2km,51.507725,0.042434692
EGLC,2022-03-02,8.1,6.9,7.2,4.9,4.0,1.1,1.1,,8.0,14.0,30.6,96.0,100.0,100.0,5.5,1021.4,0.89,0.0,ukmo_uk_deterministic_2km,51.507725,0.042434692
EGLC,2022-03-03,13.0,6.1,9.2,10.7,3.2,0.0,0.0,,0.0,12.2,27.7,124.0,95.0,100.0,5.4,1015.5,6.4,12535.51,ukmo_uk_deterministic_2km,51.507725,0.042434692
EGLC,2022-03-04,9.7,6.2,8.3,8.4,3.0,0.0,0.0,,0.0,13.0,29.2,325.0,100.0,100.0,6.1,1018.8,1.34,0.0,ukmo_uk_deterministic_2km,51.507725,0.042434692
EGLC,2022-03-05,7.3,4.4,6.0,3.4,-0.5,0.1,0.1,,1.0,19.8,43.6,4.0,100.0,100.0,3.6,1023.1,2.11,0.0,ukmo_uk_deterministic_2km,51.507725,0.042434692
EGLC,2022-03-06,7.5,4.1,5.6,2.5,-0.8,0.0,0.0,,0.0,19.8,44.6,43.0,85.0,100.0,-1.1,1028.2,7.3,12795.81,ukmo_uk_deterministic_2km,51.507725,0.042434692
EGLC,2022-03-07,6.5,3.7,5.1,1.6,-1.0,0.0,0.0,,0.0,25.6,55.1,78.0,42.0,100.0,-0.6,1024.8,11.47,33223.16,ukmo_uk_deterministic_2km,51.507725,0.042434692
EGLC,2022-03-08,11.5,1.3,6.2,7.1,-3.4,0.0,0.0,,0.0,20.5,44.3,125.0,17.0,98.0,-1.2,1015.5,13.01,37479.34,ukmo_uk_deterministic_2km,51.507725,0.042434692
EGLC,2022-03-09,12.4,8.8,10.3,8.3,5.8,0.0,0.0,,0.0,21.2,47.2,168.0,74.0,100.0,5.0,1016.6,9.56,25700.48,ukmo_uk_deterministic_2km,51.507725,0.042434692
EGLC,2022-03-10,15.3,8.1,11.8,12.3,4.8,0.0,0.0,,0.0,18.4,40.0,146.0,68.0,100.0,5.7,1016.4,7.96,22633.84,ukmo_uk_deterministic_2km,51.507725,0.042434692
EGLC,2022-03-11,12.4,9.1,10.7,9.1,5.9,0.0,0.0,,0.0,24.8,53.3,147.0,89.0,100.0,6.4,1005.7,2.56,3600.0,ukmo_uk_deterministic_2km,51.507725,0.042434692
EGLC,2022-03-12,12.6,8.4,10.2,8.5,4.2,0.0,0.0,,0.0,22.7,49.7,179.0,74.0,100.0,5.0,1008.5,10.23,29997.26,ukmo_uk_deterministic_2km,51.507725,0.042434692
EGLC,2022-03-13,11.8,8.4,9.7,8.1,5.0,1.0,1.0,,6.0,19.1,41.4,168.0,90.0,100.0,5.5,1007.4,3.73,3918.51,ukmo_uk_deterministic_2km,51.507725,0.042434692
EGLC,2022-03-14,13.0,5.6,9.3,10.5,2.7,0.0,0.0,,0.0,13.0,30.2,236.0,74.0,100.0,4.8,1022.5,8.64,20297.0,ukmo_uk_deterministic_2km,51.507725,0.042434692
EGLC,2022-03-15,15.1,6.4,10.7,12.3,4.0,0.0,0.0,,0.0,14.8,31.7,130.0,78.0,100.0,5.0,1022.3,9.85,19045.01,ukmo_uk_deterministic_2km,51.507725,0.042434692
EGLC,2022-03-16,11.5,7.4,9.8,10.4,3.8,9.6,9.6,,12.0,20.9,45.4,113.0,99.0,100.0,7.6,1018.2,1.89,0.0,ukmo_uk_deterministic_2km,51.507725,0.042434692
EGLC,2022-03-17,14.2,3.8,9.3,10.3,0.1,0.0,0.0,,0.0,19.4,41.8,263.0,24.0,100.0,1.8,1030.6,15.03,38710.7,ukmo_uk_deterministic_2km,51.507725,0.042434692
EGLC,2022-03-18,14.8,5.5,10.2,11.4,3.9,0.0,0.0,,0.0,18.0,40.3,82.0,6.0,50.0,4.7,1041.7,14.61,38848.43,ukmo_uk_deterministic_2km,51.507725,0.042434692
EGLC,2022-03-19,13.0,8.0,10.0,7.5,3.7,0.0,0.0,,0.0,30.2,65.9,83.0,0.0,0.0,3.4,1037.8,15.64,38985.85,ukmo_uk_deterministic_2km,51.507725,0.042434692
EGLC,2022-03-20,11.2,4.7,8.2,7.7,1.6,0.1,0.1,,1.0,22.0,46.1,97.0,17.0,98.0,-0.6,1028.4,12.15,29753.29,ukmo_uk_deterministic_2km,51.507725,0.042434692
EGLC,2022-03-21,16.9,1.8,9.2,13.6,-0.9,0.0,0.0,,0.0,15.5,32.8,104.0,17.0,99.0,0.8,1028.2,15.43,39259.27,ukmo_uk_deterministic_2km,51.507725,0.042434692
EGLC,2022-03-22,19.4,7.9,12.9,15.8,5.3,0.0,0.0,,0.0,15.1,34.9,99.0,46.0,100.0,5.1,1028.5,14.64,37629.99,ukmo_uk_deterministic_2km,51.507725,0.042434692
EGLC,2022-03-23,19.1,6.0,12.6,16.5,4.4,0.0,0.0,,0.0,15.1,31.7,88.0,4.0,45.0,4.0,1029.7,15.61,39529.88,ukmo_uk_deterministic_2km,51.507725,0.042434692
EGLC,2022-03-24,18.6,5.1,11.7,15.8,3.0,0.0,0.0,,0.0,16.6,36.0,76.0,3.0,77.0,2.2,1029.9,16.81,39658.29,ukmo_uk_deterministic_2km,51.507725,0.042434692
EGLC,2022-03-25,17.4,5.3,11.3,14.5,3.1,0.0,0.0,,0.0,16.9,39.2,75.0,6.0,52.0,2.6,1031.5,16.71,39792.63,ukmo_uk_deterministic_2km,51.507725,0.042434692
EGLC,2022-03-26,17.7,5.4,11.5,14.0,2.5,0.0,0.0,,0.0,16.6,38.9,74.0,0.0,0.0,2.7,1032.6,17.01,39600.0,ukmo_uk_deterministic_2km,51.507725,0.042434692
EGLC,2022-03-27,12.4,6.2,8.9,10.1,3.5,0.0,0.0,,0.0,12.2,28.4,74.0,58.0,100.0,5.9,1031.7,7.36,10506.7,ukmo_uk_deterministic_2km,51.507725,0.042434692
EGLC,2022-03-28,14.4,4.7,8.6,12.4,2.5,0.0,0.0,,0.0,10.8,25.2,84.0,78.0,100.0,4.9,1023.3,12.49,25890.98,ukmo_uk_deterministic_2km,51.507725,0.042434692
EGLC,2022-03-29,11.2,7.8,9.1,8.4,4.7,0.0,0.0,,0.0,16.6,37.1,74.0,97.0,100.0,5.8,1012.6,5.86,1606.73,ukmo_uk_deterministic_2km,51.507725,0.042434692
EGLC,2022-03-30,10.9,4.2,8.1,8.7,-0.6,0.6,0.6,,3.0,19.8,43.6,17.0,100.0,100.0,4.4,1006.1,3.18,0.0,ukmo_uk_deterministic_2km,51.507725,0.042434692
EGLC,2022-03-31,7.8,1.3,4.3,1.5,-3.4,0.1,0.1,,1.0,25.6,59.0,7.0,56.0,100.0,-3.8,1008.6,13.83,27445.74,ukmo_uk_deterministic_2km,51.507725,0.042434692
EGLC,2022-04-01,7.5,1.2,4.3,1.7,-4.6,0.0,0.0,,0.0,25.2,57.2,2.0,58.0,100.0,-3.1,1016.3,9.36,17123.81,ukmo_uk_deterministic_2km,51.507725,0.042434692
EGLC,2022-04-02,8.2,0.4,4.3,3.8,-3.3,0.0,0.0,,0.0,16.6,39.2,4.0,72.0,100.0,-2.3,1022.7,10.81,22014.81,ukmo_uk_deterministic_2km,51.507725,0.042434692
EGLC,2022-04-03,9.6,0.1,5.4,6.0,-3.1,0.0,0.0,,0.0,14.4,31.0,295.0,59.0,100.0,-3.2,1025.4,13.34,28280.15,ukmo_uk_deterministic_2km,51.507725,0.042434692
EGLC,2022-04-04,14.5,5.6,9.6,11.9,0.4,10.6,10.6,,8.0,25.9,55.4,253.0,96.0,100.0,5.9,1012.8,6.9,9698.23,ukmo_uk_deterministic_2km,51.507725,0.042434692
EGLC,2022-04-05,14.6,11.1,12.5,10.3,6.8,1.2,1.2,,4.0,23.4,50.0,262.0,87.0,100.0,6.7,1008.5,5.85,5830.43,ukmo_uk_deterministic_2km,51.507725,0.042434692
EGLC,2022-04-06,13.4,9.9,11.1,9.5,5.0,4.9,4.9,,6.0,28.1,60.8,236.0,94.0,100.0,6.7,997.6,3.72,3600.0,ukmo_uk_deterministic_2km,51.507725,0.042434692
EGLC,2022-04-07,14.0,7.5,10.2,6.9,2.3,7.3,7.3,,4.0,36.0,79.6,262.0,60.0,100.0,1.7,989.4,15.82,30512.52,ukmo_uk_deterministic_2km,51.507725,0.042434692
EGLC,2022-04-08,11.2,3.6,7.2,7.5,0.3,0.0,0.0,,0.0,17.6,41.8,333.0,81.0,100.0,-0.9,1000.6,12.48,24417.43,ukmo_uk_deterministic_2km,51.507725,0.042434692
EGLC,2022-04-09,11.8,3.4,7.7,7.9,-0.1,1.8,1.8,,2.0,15.5,39.2,289.0,51.0,100.0,-1.4,1015.1,17.81,33340.77,ukmo_uk_deterministic_2km,51.507725,0.042434692
EGLC,2022-04-10,13.6,3.6,9.2,10.1,1.1,0.0,0.0,,0.0,13.0,33.5,184.0,82.0,100.0,-1.6,1019.1,17.32,37068.43,ukmo_uk_deterministic_2km,51.507725,0.042434692
EGLC,2022-04-11,15.4,5.5,11.3,11.8,2.3,0.0,0.0,,0.0,25.2,55.8,96.0,92.0,100.0,2.6,1010.6,14.71,26398.72,ukmo_uk_deterministic_2km,51.507725,0.042434692
EGLC,2022-04-12,18.7,9.2,13.7,16.6,7.1,0.6,0.6,,3.0,21.6,47.2,185.0,84.0,100.0,7.9,1006.1,9.54,13990.44,ukmo_uk_deterministic_2km,51.507725,0.042434692
EGLC,2022-04-13,19.1,11.1,14.8,16.4,9.3,0.0,0.0,,0.0,16.9,40.7,236.0,55.0,100.0,8.4,1015.4,15.88,37880.36,ukmo_uk_deterministic_2km,51.507725,0.042434692
EGLC,2022-04-14,20.0,9.8,15.2,18.2,8.3,0.0,0.0,,0.0,10.4,23.0,258.0,69.0,100.0,7.7,1021.8,16.91,32850.01,ukmo_uk_deterministic_2km,51.507725,0.042434692
EGLC,2022-04-15,21.8,10.8,15.4,20.8,9.5,0.0,0.0,,0.0,19.4,43.2,106.0,51.0,100.0,7.9,1026.4,20.05,43365.14,ukmo_uk_deterministic_2km,51.507725,0.042434692
EGLC,2022-04-16,17.6,8.3,12.6,15.1,6.1,0.0,0.0,,0.0,17.6,38.9,91.0,34.0,91.0,6.6,1030.0,21.07,45424.73,ukmo_uk_deterministic_2km,51.507725,0.042434692
EGLC,2022-04-17,18.9,7.0,13.3,14.4,4.9,0.0,0.0,,0.0,16.6,38.2,128.0,81.0,100.0,2.8,1023.1,17.65,29045.82,ukmo_uk_deterministic_2km,51.507725,0.042434692
EGLC,2022-04-18,17.7,9.1,13.6,14.3,6.7,0.0,0.0,,0.0,9.4,26.3,258.0,72.0,100.0,2.8,1017.1,17.62,36851.95,ukmo_uk_deterministic_2km,51.507725,0.042434692
EGLC,2022-04-19,16.0,9.0,12.6,13.6,6.8,0.0,0.0,,0.0,15.8,33.8,23.0,92.0,100.0,4.8,1016.2,9.87,12083.68,ukmo_uk_deterministic_2km,51.507725,0.042434692
EGLC,2022-04-20,17.4,7.6,12.4,13.5,4.9,0.0,0.0,,0.0,20.9,48.6,58.0,62.0,100.0,3.4,1016.3,21.48,43200.0,ukmo_uk_deterministic_2km,51.507725,0.042434692
EGLC,2022-04-21,17.6,8.3,12.8,14.7,6.2,0.0,0.0,,0.0,23.0,50.8,66.0,28.0,98.0,4.5,1012.7,22.3,46800.0,ukmo_uk_deterministic_2km,51.507725,0.042434692
EGLC,2022-04-22,15.0,9.3,12.1,10.9,6.2,0.0,0.0,,0.0,24.5,54.7,58.0,84.0,100.0,5.6,1007.8,12.22,17643.39,ukmo_uk_deterministic_2km,51.507725,0.042434692
EGLC,2022-04-23,16.2,10.2,13.2,12.6,6.8,0.0,0.0,,0.0,24.8,56.9,52.0,79.0,100.0,6.8,1003.4,18.67,36273.65,ukmo_uk_deterministic_2km,51.507725,0.042434692
EGLC,2022-04-24,17.4,9.1,13.0,14.5,6.4,0.0,0.0,,0.0,18.7,41.8,38.0,48.0,100.0,4.6,1007.9,18.51,43200.0,ukmo_uk_deterministic_2km,51.507725,0.042434692
EGLC,2022-04-25,13.4,6.1,10.0,11.1,2.4,0.0,0.0,,0.0,15.5,34.9,27.0,58.0,100.0,4.0,1015.7,14.3,22413.93,ukmo_uk_deterministic_2km,51.507725,0.042434692
EGLC,2022-04-26,15.5,5.5,10.6,12.6,2.5,0.0,0.0,,0.0,14.8,37.4,46.0,30.0,95.0,2.0,1021.9,20.53,43931.99,ukmo_uk_deterministic_2km,51.507725,0.042434692
EGLC,2022-04-27,11.3,7.0,9.4,8.1,4.3,0.0,0.0,,0.0,17.3,37.1,53.0,69.0,100.0,2.7,1027.5,12.16,15249.35,ukmo_uk_deterministic_2km,51.507725,0.042434692
EGLC,2022-04-28,13.9,7.0,10.2,11.5,4.0,0.0,0.0,,0.0,15.5,36.0,71.0,82.0,100.0,3.6,1031.0,18.95,32101.71,ukmo_uk_deterministic_2km,51.507725,0.042434692
EGLC,2022-04-29,11.1,6.5,9.4,7.9,3.9,0.0,0.0,,0.0,13.0,29.2,40.0,86.0,100.0,2.8,1031.8,11.55,8510.0,ukmo_uk_deterministic_2km,51.507725,0.042434692
EGLC,2022-04-30,16.9,5.1,11.3,14.6,2.3,0.0,0.0,,0.0,14.8,33.1,358.0,41.0,100.0,2.9,1029.3,22.72,43175.18,ukmo_uk_deterministic_2km,51.507725,0.042434692
EGLC,2022-05-01,15.0,11.5,13.0,12.1,9.4,0.0,0.0,,0.0,13.7,33.5,237.0,98.0,100.0,5.3,1023.5,6.3,2663.8,ukmo_uk_deterministic_2km,51.507725,0.042434692
EGLC,2022-05-02,16.2,9.7,13.2,14.4,8.1,0.0,0.0,,0.0,8.3,23.0,203.0,92.0,100.0,6.0,1021.2,12.1,12506.42,ukmo_uk_deterministic_2km,51.507725,0.042434692
EGLC,2022-05-03,14.8,10.9,12.5,13.5,8.9,0.0,0.0,,0.0,10.1,22.3,71.0,92.0,100.0,8.0,1021.3,11.31,16619.63,ukmo_uk_deterministic_2km,51.507725,0.042434692
EGLC,2022-05-04,17.2,10.6,13.3,14.8,9.0,4.7,4.7,,7.0,20.2,43.9,247.0,94.0,100.0,8.9,1019.2,5.88,5405.9,ukmo_uk_deterministic_2km,51.507725,0.042434692
EGLC,2022-05-05,19.3,8.8,14.4,18.0,6.5,0.0,0.0,,0.0,10.4,25.6,304.0,57.0,100.0,7.2,1023.3,17.91,37761.38,ukmo_uk_deterministic_2km,51.507725,0.042434692
EGLC,2022-05-06,22.5,11.8,16.8,20.0,10.8,0.0,0.0,,0.0,18.4,41.8,256.0,72.0,100.0,8.7,1024.8,20.54,31712.13,ukmo_uk_deterministic_2km,51.507725,0.042434692
EGLC,2022-05-07,17.5,12.4,15.0,16.0,10.3,2.9,2.9,,6.0,15.8,34.2,28.0,84.0,100.0,10.9,1025.4,10.02,10809.37,ukmo_uk_deterministic_2km,51.507725,0.042434692
EGLC,2022-05-08,17.3,9.8,13.1,15.6,7.3,0.0,0.0,,0.0,15.8,39.2,89.0,31.0,98.0,6.6,1028.7,24.55,39795.05,ukmo_uk_deterministic_2km,51.507725,0.042434692
EGLC,2022-05-09,21.8,7.8,15.4,18.4,6.0,0.0,0.0,,0.0,20.9,49.0,186.0,73.0,100.0,7.8,1023.4,19.8,43411.48,ukmo_uk_deterministic_2km,51.507725,0.042434692
EGLC,2022-05-10,19.7,15.2,17.0,16.7,12.5,0.5,0.5,,1.0,20.5,45.0,228.0,87.0,100.0,9.5,1014.8,10.17,16812.73,ukmo_uk_deterministic_2km,51.507725,0.042434692
EGLC,2022-05-11,15.6,12.2,14.1,13.7,10.1,5.9,5.9,,5.0,24.8,54.4,229.0,79.0,100.0,10.0,1010.4,4.68,59.65,ukmo_uk_deterministic_2km,51.507725,0.042434692
EGLC,2022-05-12,18.3,8.7,13.8,15.6,6.8,0.0,0.0,,0.0,21.2,49.3,249.0,66.0,100.0,6.7,1017.9,18.64,25004.55,ukmo_uk_deterministic_2km,51.507725,0.042434692
EGLC,2022-05-13,20.5,11.2,15.6,17.6,8.5,0.0,0.0,,0.0,20.9,46.4,252.0,69.0,100.0,7.7,1019.5,19.17,32789.97,ukmo_uk_deterministic_2km,51.507725,0.042434692
EGLC,2022-05-14,23.0,9.6,16.1,21.7,7.8,0.0,0.0,,0.0,15.8,36.0,219.0,39.0,98.0,8.1,1020.7,25.78,46321.05,ukmo_uk_deterministic_2km,51.507725,0.042434692
EGLC,2022-05-15,17.5,14.0,15.6,17.3,11.4,6.3,6.3,,10.0,20.9,44.6,85.0,97.0,100.0,11.4,1015.9,3.73,3600.0,ukmo_uk_deterministic_2km,51.507725,0.042434692
EGLC,2022-05-16,21.8,12.8,17.0,20.2,12.8,0.6,0.6,,2.0,23.0,52.6,226.0,72.0,100.0,12.0,1014.2,17.66,30349.84,ukmo_uk_deterministic_2km,51.507725,0.042434692
EGLC,2022-05-17,25.7,12.9,19.6,24.8,12.6,0.0,0.0,,0.0,19.4,42.5,163.0,58.0,100.0,11.4,1017.3,22.19,44384.96,ukmo_uk_deterministic_2km,51.507725,0.042434692
EGLC,2022-05-18,23.4,12.9,18.4,21.8,11.4,0.0,0.0,,0.0,19.1,41.0,205.0,83.0,100.0,9.1,1018.8,21.05,23518.08,ukmo_uk_deterministic_2km,51.507725,0.042434692
EGLC,2022-05-19,21.9,15.2,18.3,20.6,14.1,0.8,0.8,,5.0,24.5,51.8,244.0,72.0,100.0,10.2,1017.9,21.2,32400.0,ukmo_uk_deterministic_2km,51.507725,0.042434692
EGLC,2022-05-20,17.7,12.5,15.0,15.2,11.1,5.9,5.9,,4.0,22.0,47.9,239.0,84.0,100.0,8.7,1018.5,9.14,15820.49,ukmo_uk_deterministic_2km,51.507725,0.042434692
EGLC,2022-05-21,20.0,11.3,16.0,17.7,9.0,0.0,0.0,,0.0,23.8,50.8,250.0,58.0,100.0,7.3,1020.4,19.37,38677.75,ukmo_uk_deterministic_2km,51.507725,0.042434692
EGLC,2022-05-22,23.0,11.0,17.6,22.3,10.3,0.0,0.0,,0.0,15.8,35.3,208.0,55.0,100.0,8.2,1013.6,23.84,40112.93,ukmo_uk_deterministic_2km,51.507725,0.042434692
EGLC,2022-05-23,17.9,12.8,15.7,17.2,10.7,0.2,0.2,,2.0,15.8,34.6,266.0,91.0,100.0,9.0,1002.7,7.86,2099.67,ukmo_uk_deterministic_2km,51.507725,0.042434692
EGLC,2022-05-24,15.4,10.4,12.8,13.6,8.0,6.4,6.4,,12.0,19.8,42.5,243.0,84.0,100.0,8.5,1005.9,9.08,8035.58,ukmo_uk_deterministic_2km,51.507725,0.042434692
EGLC,2022-05-25,18.3,10.0,14.3,15.2,7.6,0.3,0.3,,2.0,25.9,56.9,239.0,74.0,100.0,8.9,1013.1,7.56,13907.02,ukmo_uk_deterministic_2km,51.507725,0.042434692
EGLC,2022-05-26,19.7,12.0,16.1,17.0,9.7,0.0,0.0,,0.0,22.7,50.8,252.0,86.0,100.0,10.5,1020.7,17.27,32035.39,ukmo_uk_deterministic_2km,51.507725,0.042434692
EGLC,2022-05-27,20.1,14.2,16.6,17.4,10.5,0.0,0.0,,0.0,18.0,39.2,303.0,46.0,100.0,6.9,1023.9,26.06,45731.11,ukmo_uk_deterministic_2km,51.507725,0.042434692
EGLC,2022-05-28,18.0,9.9,13.9,15.3,6.5,0.0,0.0,,0.0,15.8,35.3,355.0,55.0,100.0,4.6,1024.8,21.27,42413.71,ukmo_uk_deterministic_2km,51.507725,0.042434692
EGLC,2022-05-29,14.7,7.7,11.7,11.6,4.9,0.0,0.0,,0.0,15.5,38.5,22.0,57.0,100.0,4.3,1019.5,11.53,25914.17,ukmo_uk_deterministic_2km,51.507725,0.042434692
EGLC,2022-05-30,14.6,8.1,11.5,11.4,6.9,2.2,2.2,,3.0,14.8,33.8,207.0,87.0,100.0,6.4,1013.9,9.69,6345.65,ukmo_uk_deterministic_2km,51.507725,0.042434692
EGLC,2022-05-31,14.5,9.9,12.1,11.7,8.0,3.7,3.7,,7.0,18.4,41.8,237.0,89.0,100.0,8.0,1012.5,8.04,8179.42,ukmo_uk_deterministic_2km,51.507725,0.042434692
EGLC,2022-06-01,17.9,8.5,13.2,15.8,6.4,0.0,0.0,,0.0,10.4,24.1,298.0,60.0,99.0,6.8,1016.9,16.41,31243.45,ukmo_uk_deterministic_2km,51.507725,0.042434692
EGLC,2022-06-02,19.6,10.0,15.1,17.7,8.6,0.0,0.0,,0.0,15.8,38.5,97.0,44.0,100.0,7.9,1020.1,23.22,54000.0,ukmo_uk_deterministic_2km,51.507725,0.042434692
EGLC,2022-06-03,22.3,11.9,16.9,20.4,10.3,0.0,0.0,,0.0,19.1,45.7,72.0,63.0,100.0,9.1,1018.0,20.68,36000.0,ukmo_uk_deterministic_2km,51.507725,0.042434692
EGLC,2022-06-04,19.0,12.9,15.5,16.6,9.6,0.0,0.0,,0.0,23.8,53.6,64.0,90.0,100.0,8.9,1020.2,16.71,19773.33,ukmo_uk_deterministic_2km,51.507725,0.042434692
EGLC,2022-06-05,15.1,11.9,13.4,14.6,10.2,3.4,3.4,,5.0,17.6,38.9,3.0,100.0,100.0,11.3,1016.0,5.51,0.0,ukmo_uk_deterministic_2km,51.507725,0.042434692
EGLC,2022-06-06,17.5,12.6,14.5,16.1,11.4,7.5,7.5,,7.0,14.8,33.5,254.0,98.0,100.0,11.4,1014.4,6.69,3825.15,ukmo_uk_deterministic_2km,51.507725,0.042434692
EGLC,2022-06-07,20.1,12.2,16.7,20.3,11.4,0.0,0.0,,0.0,18.4,41.0,213.0,57.0,100.0,11.6,1011.8,19.4,37916.88,ukmo_uk_deterministic_2km,51.507725,0.042434692
EGLC,2022-06-08,22.0,14.6,17.8,19.1,13.4,2.7,2.7,,4.0,22.3,52.2,249.0,78.0,100.0,10.5,1005.7,16.16,25394.09,ukmo_uk_deterministic_2km,51.507725,0.042434692
EGLC,2022-06-09,20.2,13.0,16.9,17.9,11.3,0.0,0.0,,0.0,20.2,46.1,237.0,70.0,100.0,10.1,1014.8,15.57,26136.88,ukmo_uk_deterministic_2km,51.507725,0.042434692
EGLC,2022-06-10,22.7,15.7,18.8,21.6,14.2,0.0,0.0,,0.0,22.0,50.0,225.0,46.0,100.0,11.5,1018.1,24.25,50400.0,ukmo_uk_deterministic_2km,51.507725,0.042434692
EGLC,2022-06-11,22.6,13.3,18.2,20.4,11.6,0.0,0.0,,0.0,19.1,46.8,243.0,39.0,100.0,9.6,1021.2,23.13,44635.33,ukmo_uk_deterministic_2km,51.507725,0.042434692
EGLC,2022-06-12,21.8,12.8,17.6,19.1,10.3,0.0,0.0,,0.0,17.3,40.3,272.0,52.0,100.0,7.6,1023.1,20.44,47030.33,ukmo_uk_deterministic_2km,51.507725,0.042434692
EGLC,2022-06-13,20.5,12.3,16.8,18.8,10.3,0.0,0.0,,0.0,15.8,34.2,303.0,64.0,98.0,6.8,1024.2,19.45,31905.08,ukmo_uk_deterministic_2km,51.507725,0.042434692
EGLC,2022-06-14,24.1,13.1,18.8,23.6,12.0,0.0,0.0,,0.0,16.6,38.2,164.0,17.0,98.0,8.7,1021.0,28.18,52919.41,ukmo_uk_deterministic_2km,51.507725,0.042434692
EGLC,2022-06-15,26.5,13.2,19.8,26.2,12.4,0.0,0.0,,0.0,16.2,40.0,101.0,34.0,100.0,10.0,1018.5,25.83,50400.0,ukmo_uk_deterministic_2km,51.507725,0.042434692
EGLC,2022-06-16,28.6,14.7,22.0,28.0,14.3,0.0,0.0,,0.0,16.6,39.2,207.0,52.0,100.0,11.0,1021.3,26.82,50400.0,ukmo_uk_deterministic_2km,51.507725,0.042434692
EGLC,2022-06-17,31.7,18.5,25.5,30.3,18.0,0.0,0.0,,0.0,22.7,51.1,220.0,51.0,100.0,11.6,1019.6,25.34,40797.14,ukmo_uk_deterministic_2km,51.507725,0.042434692
EGLC,2022-06-18,24.9,12.5,19.8,24.6,10.5,4.6,4.6,,2.0,25.6,55.4,2.0,68.0,100.0,13.5,1017.7,10.35,13211.77,ukmo_uk_deterministic_2km,51.507725,0.042434692
EGLC,2022-06-19,19.9,10.2,14.7,18.0,7.4,0.6,0.6,,1.0,17.6,38.9,32.0,81.0,100.0,8.3,1014.9,20.85,30875.21,ukmo_uk_deterministic_2km,51.507725,0.042434692
EGLC,2022-06-20,21.6,11.8,16.5,20.5,9.6,0.0,0.0,,0.0,18.0,38.9,51.0,47.0,100.0,8.1,1018.2,28.05,54000.0,ukmo_uk_deterministic_2km,51.507725,0.042434692
EGLC,2022-06-21,23.1,12.3,18.0,21.9,11.2,0.0,0.0,,0.0,12.2,31.7,102.0,69.0,100.0,8.1,1015.0,23.53,37877.48,ukmo_uk_deterministic_2km,51.507725,0.042434692
EGLC,2022-06-22,24.9,12.9,19.1,24.2,12.1,0.0,0.0,,0.0,19.1,45.0,89.0,2.0,26.0,10.5,1013.6,28.95,54000.0,ukmo_uk_deterministic_2km,51.507725,0.042434692
EGLC,2022-06-23,24.3,13.6,18.7,24.7,12.5,0.0,0.0,,0.0,15.8,35.6,185.0,60.0,100.0,12.6,1009.7,16.07,28000.78,ukmo_uk_deterministic_2km,51.507725,0.042434692
EGLC,2022-06-24,22.1,15.1,18.8,20.4,13.4,0.0,0.0,,0.0,22.3,50.4,209.0,88.0,100.0,11.9,1005.0,14.52,25494.93,ukmo_uk_deterministic_2km,51.507725,0.042434692
EGLC,2022-06-25,20.4,13.6,16.8,17.3,11.7,0.1,0.1,,1.0,22.3,51.8,196.0,84.0,100.0,9.5,1007.8,17.97,36151.03,ukmo_uk_deterministic_2km,51.507725,0.042434692
EGLC,2022-06-26,20.8,11.8,17.0,18.5,10.1,0.0,0.0,,0.0,21.2,50.8,201.0,43.0,96.0,7.8,1012.2,23.22,50400.0,ukmo_uk_deterministic_2km,51.507725,0.042434692
EGLC,2022-06-27,19.5,13.0,16.5,16.7,11.7,2.4,2.4,,3.0,20.5,46.1,231.0,54.0,100.0,8.9,1016.2,14.76,32561.94,ukmo_uk_deterministic_2km,51.507725,0.042434692
EGLC,2022-06-28,21.7,12.5,17.4,19.7,10.9,0.0,0.0,,0.0,19.4,45.7,202.0,45.0,98.0,8.1,1017.8,24.93,46656.25,ukmo_uk_deterministic_2km,51.507725,0.042434692
EGLC,2022-06-29,20.6,15.3,17.4,18.2,13.5,0.1,0.1,,1.0,17.3,40.0,189.0,92.0,100.0,10.7,1012.5,9.14,5427.11,ukmo_uk_deterministic_2km,51.507725,0.042434692
EGLC,2022-06-30,18.7,13.9,16.0,17.4,11.8,1.6,1.6,,6.0,21.2,47.9,216.0,87.0,100.0,10.0,1012.0,9.29,7200.0,ukmo_uk_deterministic_2km,51.507725,0.042434692
EGLC,2022-07-01,20.8,12.5,16.5,17.9,10.8,0.5,0.5,,2.0,20.2,45.0,236.0,69.0,100.0,9.1,1016.2,14.71,25650.38,ukmo_uk_deterministic_2km,51.507725,0.042434692
EGLC,2022-07-02,21.8,12.5,17.6,18.9,10.7,0.3,0.3,,1.0,18.7,43.6,219.0,56.0,99.0,9.6,1018.3,21.31,42786.75,ukmo_uk_deterministic_2km,51.507725,0.042434692
EGLC,2022-07-03,22.2,12.9,17.9,20.0,11.4,0.0,0.0,,0.0,14.8,35.3,264.0,77.0,100.0,9.2,1019.0,13.83,32127.98,ukmo_uk_deterministic_2km,51.507725,0.042434692
EGLC,2022-07-04,22.8,13.8,18.7,21.1,12.4,0.0,0.0,,0.0,14.4,38.2,277.0,49.0,98.0,8.5,1020.9,24.35,47074.49,ukmo_uk_deterministic_2km,51.507725,0.042434692
EGLC,2022-07-05,22.0,13.5,18.4,20.1,11.9,0.0,0.0,,0.0,14.8,34.2,306.0,55.0,100.0,8.5,1024.5,16.56,32024.39,ukmo_uk_deterministic_2km,51.507725,0.042434692
EGLC,2022-07-06,23.7,14.2,19.4,22.4,12.5,0.0,0.0,,0.0,18.4,40.0,294.0,86.0,100.0,10.8,1026.2,15.14,16048.76,ukmo_uk_deterministic_2km,51.507725,0.042434692
EGLC,2022-07-07,23.4,17.0,19.7,22.6,15.8,0.1,0.1,,1.0,15.5,33.5,335.0,57.0,100.0,11.2,1028.1,18.16,25200.0,ukmo_uk_deterministic_2km,51.507725,0.042434692
EGLC,2022-07-08,28.1,15.5,22.0,28.1,14.9,0.0,0.0,,0.0,14.0,30.2,314.0,30.0,100.0,11.6,1031.2,25.37,43200.0,ukmo_uk_deterministic_2km,51.507725,0.042434692
EGLC,2022-07-09,26.2,16.8,21.0,25.2,15.5,0.0,0.0,,0.0,17.3,38.2,9.0,24.0,91.0,11.4,1030.0,25.43,51871.27,ukmo_uk_deterministic_2km,51.507725,0.042434692
EGLC,2022-07-10,28.8,15.6,22.2,28.6,15.2,0.0,0.0,,0.0,21.2,45.4,222.0,17.0,98.0,11.6,1026.6,26.68,53638.96,ukmo_uk_deterministic_2km,51.507725,0.042434692
EGLC,2022-07-11,30.6,19.0,24.8,30.8,18.2,0.0,0.0,,0.0,17.6,40.0,210.0,39.0,100.0,11.5,1023.1,25.63,43051.06,ukmo_uk_deterministic_2km,51.507725,0.042434692
EGLC,2022-07-12,30.4,19.9,25.4,29.6,19.6,0.0,0.0,,0.0,16.6,40.3,199.0,94.0,100.0,13.3,1022.0,14.22,23189.25,ukmo_uk_deterministic_2km,51.507725,0.042434692
EGLC,2022-07-13,28.5,19.3,24.2,28.9,19.3,0.0,0.0,,0.0,16.9,38.9,335.0,66.0,100.0,13.1,1021.2,23.86,46361.1,ukmo_uk_deterministic_2km,51.507725,0.042434692
EGLC,2022-07-14,24.7,16.5,20.2,23.2,16.4,0.0,0.0,,0.0,18.0,41.8,360.0,56.0,100.0,10.3,1022.4,23.23,45209.58,ukmo_uk_deterministic_2km,51.507725,0.042434692
EGLC,2022-07-15,25.6,14.5,20.3,23.3,13.3,0.0,0.0,,0.0,13.7,36.4,292.0,47.0,100.0,8.8,1023.6,22.54,42314.56,ukmo_uk_deterministic_2km,51.507725,0.042434692
EGLC,2022-07-16,27.1,14.7,21.1,26.7,13.7,0.0,0.0,,0.0,17.3,40.0,85.0,62.0,100.0,10.3,1024.8,25.99,43324.02,ukmo_uk_deterministic_2km,51.507725,0.042434692
EGLC,2022-07-17,29.8,16.8,23.5,28.9,16.1,0.0,0.0,,0.0,13.0,33.8,145.0,53.0,100.0,9.9,1025.0,23.58,42640.67,ukmo_uk_deterministic_2km,51.507725,0.042434692
EGLC,2022-07-18,36.7,17.9,27.6,35.9,17.9,0.0,0.0,,0.0,13.0,32.0,162.0,37.0,100.0,10.6,1019.4,26.74,53367.44,ukmo_uk_deterministic_2km,51.507725,0.042434692
EGLC,2022-07-19,38.7,21.6,30.3,37.4,21.6,0.0,0.0,,0.0,23.4,51.5,169.0,16.0,100.0,11.8,1012.2,26.66,47270.56,ukmo_uk_deterministic_2km,51.507725,0.042434692
EGLC,2022-07-20,26.3,19.6,22.8,25.4,18.9,0.0,0.0,,0.0,20.5,45.0,244.0,70.0,100.0,15.0,1015.3,15.81,23846.97,ukmo_uk_deterministic_2km,51.507725,0.042434692
EGLC,2022-07-21,23.5,17.5,20.2,23.2,17.0,0.0,0.0,,0.0,16.9,37.1,9.0,96.0,100.0,13.5,1021.2,8.76,7444.54,ukmo_uk_deterministic_2km,51.507725,0.042434692
EGLC,2022-07-22,21.0,17.2,18.9,19.5,16.1,0.0,0.0,,0.0,16.9,40.0,96.0,91.0,100.0,12.5,1020.5,10.02,4737.28,ukmo_uk_deterministic_2km,51.507725,0.042434692
EGLC,2022-07-23,27.0,15.6,20.9,26.0,15.3,0.0,0.0,,0.0,19.8,44.6,221.0,77.0,100.0,12.1,1018.5,22.48,29644.63,ukmo_uk_deterministic_2km,51.507725,0.042434692
EGLC,2022-07-24,27.7,18.4,22.8,26.5,16.6,0.3,0.3,,1.0,22.7,52.6,220.0,65.0,100.0,13.4,1013.9,23.28,39600.0,ukmo_uk_deterministic_2km,51.507725,0.042434692
EGLC,2022-07-25,23.7,18.9,20.8,21.7,16.9,0.2,0.2,,1.0,22.0,48.6,252.0,87.0,100.0,12.7,1010.3,9.59,12374.41,ukmo_uk_deterministic_2km,51.507725,0.042434692
EGLC,2022-07-26,21.4,15.2,17.8,20.1,14.1,0.0,0.0,,0.0,16.6,36.4,348.0,89.0,100.0,10.6,1019.0,10.46,8482.71,ukmo_uk_deterministic_2km,51.507725,0.042434692
EGLC,2022-07-27,20.6,13.6,17.6,18.9,13.4,0.6,0.6,,1.0,17.3,37.4,105.0,86.0,100.0,10.7,1020.5,11.95,17228.17,ukmo_uk_deterministic_2km,51.507725,0.042434692
EGLC,2022-07-28,22.2,15.7,19.0,19.9,15.0,0.0,0.0,,0.0,17.3,40.7,95.0,78.0,100.0,10.1,1017.7,15.94,32549.93,ukmo_uk_deterministic_2km,51.507725,0.042434692
EGLC,2022-07-29,26.1,15.0,20.3,25.5,14.3,0.0,0.0,,0.0,17.6,39.2,79.0,52.0,100.0,10.6,1018.5,21.82,44175.07,ukmo_uk_deterministic_2km,51.507725,0.042434692
EGLC,2022-07-30,26.0,17.6,22.0,25.3,16.8,0.0,0.0,,0.0,15.5,36.4,235.0,83.0,100.0,12.7,1018.1,14.81,22130.66,ukmo_uk_deterministic_2km,51.507725,0.042434692
EGLC,2022-07-31,25.7,20.3,22.5,25.8,19.7,0.8,0.8,,2.0,22.0,48.2,250.0,93.0,100.0,15.8,1016.1,8.22,6505.17,ukmo_uk_deterministic_2km,51.507725,0.042434692
EGLC,2022-08-01,25.9,17.0,21.3,26.0,17.2,0.0,0.0,,0.0,16.6,38.9,157.0,94.0,100.0,14.3,1018.1,13.96,15030.15,ukmo_uk_deterministic_2km,51.507725,0.042434692
EGLC,2022-08-02,25.7,19.4,22.6,25.7,19.2,0.0,0.0,,0.0,20.2,46.4,226.0,67.0,100.0,16.0,1015.1,15.52,31283.55,ukmo_uk_deterministic_2km,51.507725,0.042434692
EGLC,2022-08-03,27.1,18.8,22.5,27.0,19.1,0.0,0.0,,0.0,17.6,41.4,232.0,60.0,100.0,16.5,1013.2,16.12,31196.01,ukmo_uk_deterministic_2km,51.507725,0.042434692
EGLC,2022-08-04,23.9,18.6,21.3,23.0,16.6,0.0,0.0,,0.0,16.6,39.2,306.0,92.0,100.0,10.0,1014.9,16.69,27680.03,ukmo_uk_deterministic_2km,51.507725,0.042434692
EGLC,2022-08-05,22.4,15.0,18.8,19.8,12.0,0.0,0.0,,0.0,19.1,41.4,337.0,66.0,100.0,5.4,1021.9,19.75,39014.36,ukmo_uk_deterministic_2km,51.507725,0.042434692
EGLC,2022-08-06,23.9,12.5,18.6,22.0,10.9,0.0,0.0,,0.0,14.4,31.7,356.0,52.0,100.0,5.6,1028.1,24.09,47754.2,ukmo_uk_deterministic_2km,51.507725,0.042434692
EGLC,2022-08-07,26.9,14.5,20.8,25.6,14.0,0.0,0.0,,0.0,11.5,27.7,306.0,14.0,100.0,8.3,1025.9,24.33,46977.65,ukmo_uk_deterministic_2km,51.507725,0.042434692
EGLC,2022-08-08,28.0,15.6,21.5,27.6,14.7,0.0,0.0,,0.0,18.4,42.5,64.0,8.0,84.0,11.3,1026.5,22.14,47427.97,ukmo_uk_deterministic_2km,51.507725,0.042434692
EGLC,2022-08-09,27.1,16.4,20.9,26.7,16.5,0.0,0.0,,0.0,19.4,44.3,82.0,41.0,98.0,13.3,1028.6,23.23,46800.0,ukmo_uk_deterministic_2km,51.507725,0.042434692
EGLC,2022-08-10,28.3,15.1,21.9,28.3,14.7,0.0,0.0,,0.0,16.6,40.7,81.0,17.0,91.0,13.4,1025.7,23.18,44114.89,ukmo_uk_deterministic_2km,51.507725,0.042434692
EGLC,2022-08-11,31.5,16.9,24.0,31.2,16.9,0.0,0.0,,0.0,18.7,45.0,83.0,0.0,2.0,12.5,1021.6,23.72,47150.21,ukmo_uk_deterministic_2km,51.507725,0.042434692
EGLC,2022-08-12,31.6,17.9,24.9,31.0,17.7,0.0,0.0,,0.0,17.6,43.9,81.0,0.0,0.0,12.0,1018.3,23.5,46800.0,ukmo_uk_deterministic_2km,51.507725,0.042434692
EGLC,2022-08-13,33.4,18.3,25.5,32.1,18.3,0.0,0.0,,0.0,20.9,46.1,88.0,12.0,100.0,11.9,1014.1,23.17,46836.41,ukmo_uk_deterministic_2km,51.507725,0.042434692
EGLC,2022-08-14,31.8,18.9,25.4,30.2,19.2,0.0,0.0,,0.0,13.3,35.3,97.0,70.0,100.0,11.9,1007.1,19.83,34276.61,ukmo_uk_deterministic_2km,51.507725,0.042434692
EGLC,2022-08-15,28.5,20.8,24.7,27.8,19.9,0.0,0.0,,0.0,17.6,41.8,244.0,81.0,100.0,12.4,1002.8,14.79,21705.08,ukmo_uk_deterministic_2km,51.507725,0.042434692
EGLC,2022-08-16,22.5,18.5,20.7,23.3,18.6,7.4,7.4,,3.0,14.4,32.0,204.0,89.0,100.0,15.3,1007.6,8.02,7299.14,ukmo_uk_deterministic_2km,51.507725,0.042434692
EGLC,2022-08-17,24.8,17.9,20.1,25.6,19.3,1.5,1.5,,2.0,16.6,35.6,31.0,81.0,100.0,16.3,1011.7,10.89,22201.26,ukmo_uk_deterministic_2km,51.507725,0.042434692
EGLC,2022-08-18,26.5,18.1,21.7,25.6,19.1,0.0,0.0,,0.0,18.4,39.2,246.0,66.0,100.0,15.0,1013.9,16.41,35563.03,ukmo_uk_deterministic_2km,51.507725,0.042434692
EGLC,2022-08-19,24.5,19.2,21.3,22.1,16.6,0.0,0.0,,0.0,15.8,39.2,259.0,66.0,100.0,12.5,1014.3,13.54,31004.38,ukmo_uk_deterministic_2km,51.507725,0.042434692
EGLC,2022-08-20,24.4,14.0,19.4,22.1,12.9,0.0,0.0,,0.0,20.2,45.4,239.0,28.0,97.0,10.9,1017.2,16.34,44831.15,ukmo_uk_deterministic_2km,51.507725,0.042434692
EGLC,2022-08-21,23.9,15.2,19.5,23.0,14.5,0.0,0.0,,0.0,14.0,34.6,233.0,59.0,98.0,11.6,1015.8,16.65,34004.34,ukmo_uk_deterministic_2km,51.507725,0.042434692
EGLC,2022-08-22,23.2,15.5,19.7,22.9,15.4,0.0,0.0,,0.0,14.0,32.8,209.0,65.0,99.0,13.4,1013.9,13.55,23830.79,ukmo_uk_deterministic_2km,51.507725,0.042434692
EGLC,2022-08-23,25.4,18.7,21.9,26.1,19.7,0.0,0.0,,0.0,17.6,39.6,215.0,82.0,100.0,17.0,1013.9,15.39,30646.24,ukmo_uk_deterministic_2km,51.507725,0.042434692
EGLC,2022-08-24,28.5,20.1,23.7,28.4,21.0,0.0,0.0,,0.0,15.5,37.1,212.0,45.0,96.0,16.2,1016.1,15.7,31682.74,ukmo_uk_deterministic_2km,51.507725,0.042434692
EGLC,2022-08-25,22.3,16.9,19.6,23.1,17.1,53.2,53.2,,9.0,14.0,32.4,328.0,87.0,100.0,16.3,1017.5,6.14,4053.62,ukmo_uk_deterministic_2km,51.507725,0.042434692
EGLC,2022-08-26,23.7,13.5,19.0,23.0,13.2,0.0,0.0,,0.0,11.2,24.8,41.0,70.0,100.0,11.0,1019.2,15.58,30092.56,ukmo_uk_deterministic_2km,51.507725,0.042434692
EGLC,2022-08-27,24.0,15.3,19.3,22.9,15.6,0.0,0.0,,0.0,16.9,37.4,90.0,64.0,100.0,12.1,1019.1,15.7,35148.46,ukmo_uk_deterministic_2km,51.507725,0.042434692
EGLC,2022-08-28,22.7,13.9,18.5,21.3,13.5,0.0,0.0,,0.0,18.4,43.6,76.0,84.0,100.0,11.6,1021.8,11.68,17781.93,ukmo_uk_deterministic_2km,51.507725,0.042434692
EGLC,2022-08-29,21.3,15.5,18.5,19.5,14.9,0.1,0.1,,1.0,16.6,38.9,55.0,62.0,100.0,11.0,1022.8,11.74,31094.92,ukmo_uk_deterministic_2km,51.507725,0.042434692
EGLC,2022-08-30,22.7,15.0,18.8,21.9,13.8,0.1,0.1,,1.0,16.2,34.9,35.0,87.0,100.0,11.8,1022.8,8.46,11785.58,ukmo_uk_deterministic_2km,51.507725,0.042434692
EGLC,2022-08-31,23.2,14.7,18.9,20.6,13.0,0.3,0.3,,1.0,20.9,48.2,45.0,44.0,94.0,10.7,1023.5,14.41,40913.97,ukmo_uk_deterministic_2km,51.507725,0.042434692
EGLC,2022-09-01,23.8,16.2,19.6,21.9,14.8,0.0,0.0,,0.0,17.3,38.9,59.0,90.0,100.0,12.8,1019.4,9.59,19620.38,ukmo_uk_deterministic_2km,51.507725,0.042434692
EGLC,2022-09-02,24.3,17.0,20.1,24.0,17.3,3.6,3.6,,4.0,16.9,36.7,55.0,94.0,100.0,14.7,1012.9,7.61,8358.17,ukmo_uk_deterministic_2km,51.507725,0.042434692
EGLC,2022-09-03,24.3,16.6,20.3,24.1,17.4,0.0,0.0,,0.0,16.6,40.0,195.0,81.0,100.0,13.8,1009.4,11.45,31887.09,ukmo_uk_deterministic_2km,51.507725,0.042434692
EGLC,2022-09-04,24.3,16.7,20.3,23.9,16.8,0.0,0.0,,0.0,15.8,37.4,158.0,83.0,100.0,14.0,1014.6,11.87,23078.96,ukmo_uk_deterministic_2km,51.507725,0.042434692
EGLC,2022-09-05,23.4,17.2,20.5,24.5,18.0,2.8,2.8,,2.0,20.2,43.2,135.0,89.0,100.0,15.5,1015.5,8.54,11622.89,ukmo_uk_deterministic_2km,51.507725,0.042434692
EGLC,2022-09-06,23.3,16.1,18.9,22.4,16.1,15.2,15.2,,3.0,21.6,49.0,183.0,77.0,100.0,15.2,1012.2,11.48,15604.26,ukmo_uk_deterministic_2km,51.507725,0.042434692
EGLC,2022-09-07,21.2,15.2,18.1,20.7,15.2,17.6,17.6,,9.0,18.0,40.7,181.0,77.0,100.0,13.9,1009.0,8.86,14565.61,ukmo_uk_deterministic_2km,51.507725,0.042434692
EGLC,2022-09-08,19.0,14.6,16.3,18.6,14.8,21.0,21.0,,14.0,18.4,39.2,191.0,97.0,100.0,14.1,1004.9,5.44,7711.41,ukmo_uk_deterministic_2km,51.507725,0.042434692
EGLC,2022-09-09,19.6,15.3,16.8,18.9,14.9,4.9,4.9,,6.0,15.1,33.5,269.0,93.0,100.0,13.9,1005.8,7.19,15521.57,ukmo_uk_deterministic_2km,51.507725,0.042434692
EGLC,2022-09-10,20.8,14.4,17.2,20.9,13.9,0.6,0.6,,2.0,10.4,24.8,304.0,68.0,100.0,13.5,1014.9,8.68,12785.7,ukmo_uk_deterministic_2km,51.507725,0.042434692
EGLC,2022-09-11,23.0,15.1,18.6,22.9,15.5,0.0,0.0,,0.0,16.9,38.5,156.0,74.0,100.0,13.7,1018.0,12.43,30511.04,ukmo_uk_deterministic_2km,51.507725,0.042434692
EGLC,2022-09-12,26.2,16.0,21.1,26.1,16.9,0.0,0.0,,0.0,12.6,29.9,200.0,79.0,100.0,14.4,1012.1,11.16,20916.0,ukmo_uk_deterministic_2km,51.507725,0.042434692
EGLC,2022-09-13,21.4,15.3,18.2,22.4,15.0,6.1,6.1,,6.0,13.7,31.3,52.0,99.0,100.0,14.4,1010.7,3.62,0.0,ukmo_uk_deterministic_2km,51.507725,0.042434692
EGLC,2022-09-14,21.1,14.6,17.2,20.1,14.5,4.7,4.7,,6.0,16.9,36.4,10.0,92.0,100.0,12.9,1007.4,8.16,14400.0,ukmo_uk_deterministic_2km,51.507725,0.042434692
EGLC,2022-09-15,18.2,13.1,15.6,16.5,12.2,0.0,0.0,,0.0,15.8,35.3,335.0,84.0,100.0,9.2,1012.4,7.44,7906.44,ukmo_uk_deterministic_2km,51.507725,0.042434692
EGLC,2022-09-16,16.4,11.3,13.8,12.7,7.9,0.0,0.0,,0.0,19.8,46.4,334.0,51.0,100.0,4.7,1017.7,12.95,33748.85,ukmo_uk_deterministic_2km,51.507725,0.042434692
EGLC,2022-09-17,17.2,8.1,12.6,13.6,5.1,0.0,0.0,,0.0,15.8,38.5,316.0,35.0,100.0,2.8,1022.1,16.24,40568.03,ukmo_uk_deterministic_2km,51.507725,0.042434692
EGLC,2022-09-18,17.6,10.8,14.0,14.3,7.8,0.0,0.0,,0.0,19.4,43.6,309.0,77.0,100.0,6.2,1021.2,9.32,15587.33,ukmo_uk_deterministic_2km,51.507725,0.042434692
EGLC,2022-09-19,17.8,11.1,14.4,16.3,9.7,0.0,0.0,,0.0,10.4,23.8,334.0,82.0,100.0,7.6,1024.4,9.74,25477.74,ukmo_uk_deterministic_2km,51.507725,0.042434692
EGLC,2022-09-20,19.0,11.0,15.4,17.6,9.8,0.0,0.0,,0.0,9.0,23.8,336.0,69.0,100.0,8.1,1026.0,9.46,24317.91,ukmo_uk_deterministic_2km,51.507725,0.042434692
EGLC,2022-09-21,19.7,14.1,16.6,18.5,13.5,0.0,0.0,,0.0,13.0,28.4,175.0,80.0,100.0,9.5,1025.8,10.73,16623.99,ukmo_uk_deterministic_2km,51.507725,0.042434692
EGLC,2022-09-22,20.0,12.2,16.5,18.2,11.9,0.0,0.0,,0.0,15.5,35.6,229.0,84.0,100.0,10.0,1020.4,12.59,27443.08,ukmo_uk_deterministic_2km,51.507725,0.042434692
EGLC,2022-09-23,18.1,14.7,16.2,17.2,13.4,0.2,0.2,,2.0,12.2,28.8,327.0,81.0,100.0,12.0,1015.3,9.03,18438.79,ukmo_uk_deterministic_2km,51.507725,0.042434692
EGLC,2022-09-24,18.1,10.7,13.9,14.4,9.2,0.0,0.0,,0.0,19.4,44.6,7.0,51.0,98.0,8.6,1016.7,13.51,35757.39,ukmo_uk_deterministic_2km,51.507725,0.042434692
EGLC,2022-09-25,16.1,8.9,13.1,12.8,6.3,0.0,0.0,,0.0,16.2,35.3,322.0,80.0,100.0,5.7,1018.2,9.42,12259.41,ukmo_uk_deterministic_2km,51.507725,0.042434692
EGLC,2022-09-26,14.5,11.3,12.8,11.3,7.8,1.6,1.6,,4.0,20.5,46.1,284.0,89.0,100.0,7.8,1003.3,6.0,14441.34,ukmo_uk_deterministic_2km,51.507725,0.042434692
EGLC,2022-09-27,13.5,9.3,11.2,10.5,5.7,0.1,0.1,,1.0,23.4,50.8,285.0,74.0,100.0,6.3,1001.4,5.46,11240.6,ukmo_uk_deterministic_2km,51.507725,0.042434692
EGLC,2022-09-28,14.8,7.6,10.8,11.8,5.1,0.0,0.0,,0.0,14.0,33.5,286.0,39.0,100.0,5.2,1000.2,11.11,34789.17,ukmo_uk_deterministic_2km,51.507725,0.042434692
EGLC,2022-09-29,16.4,6.7,11.2,14.0,4.2,0.0,0.0,,0.0,10.4,25.6,300.0,71.0,100.0,5.1,1003.9,9.14,22219.51,ukmo_uk_deterministic_2km,51.507725,0.042434692
EGLC,2022-09-30,16.9,9.1,12.6,14.1,7.4,6.7,6.7,,5.0,26.3,56.2,225.0,82.0,100.0,9.2,1006.1,6.81,11933.26,ukmo_uk_deterministic_2km,51.507725,0.042434692
EGLC,2022-10-01,18.9,12.7,15.9,16.4,11.0,0.0,0.0,,0.0,20.9,46.8,255.0,49.0,100.0,10.6,1006.7,11.68,37731.43,ukmo_uk_deterministic_2km,51.507725,0.042434692
EGLC,2022-10-02,17.9,11.9,15.0,15.8,10.3,0.0,0.0,,0.0,15.8,34.9,287.0,72.0,100.0,9.5,1020.1,7.26,15519.39,ukmo_uk_deterministic_2km,51.507725,0.042434692
EGLC,2022-10-03,18.3,9.0,13.4,16.8,8.0,0.0,0.0,,0.0,13.0,29.2,192.0,82.0,100.0,8.8,1025.6,8.43,24937.06,ukmo_uk_deterministic_2km,51.507725,0.042434692
EGLC,2022-10-04,18.0,13.3,16.3,16.0,12.9,0.0,0.0,,0.0,19.8,43.6,213.0,96.0,100.0,12.5,1017.2,6.57,14753.66,ukmo_uk_deterministic_2km,51.507725,0.042434692
EGLC,2022-10-05,19.1,12.5,16.6,15.6,9.1,0.8,0.8,,2.0,29.2,63.4,225.0,78.0,100.0,11.6,1012.4,3.52,3672.95,ukmo_uk_deterministic_2km,51.507725,0.042434692
EGLC,2022-10-06,18.3,9.4,13.9,15.2,6.4,0.0,0.0,,0.0,20.9,45.7,235.0,14.0,43.0,7.9,1026.9,11.78,35159.66,ukmo_uk_deterministic_2km,51.507725,0.042434692
EGLC,2022-10-07,18.7,12.8,15.0,15.3,11.0,0.8,0.8,,2.0,23.8,51.8,230.0,70.0,100.0,10.7,1020.0,9.58,26136.45,ukmo_uk_deterministic_2km,51.507725,0.042434692
EGLC,2022-10-08,16.8,8.7,12.5,14.1,6.7,0.0,0.0,,0.0,13.0,28.1,260.0,32.0,83.0,6.7,1022.8,11.69,34960.12,ukmo_uk_deterministic_2km,51.507725,0.042434692
EGLC,2022-10-09,18.0,7.1,12.4,15.5,5.1,0.0,0.0,,0.0,17.6,37.8,162.0,58.0,100.0,6.3,1018.2,11.01,34860.14,ukmo_uk_deterministic_2km,51.507725,0.042434692
EGLC,2022-10-10,16.0,10.0,12.6,12.9,7.3,4.2,4.2,,2.0,15.8,35.3,331.0,44.0,100.0,7.0,1017.6,10.27,25200.0,ukmo_uk_deterministic_2km,51.507725,0.042434692
EGLC,2022-10-11,15.3,6.5,10.9,13.4,4.3,0.0,0.0,,0.0,7.9,18.7,239.0,53.0,100.0,4.7,1026.7,11.04,32285.61,ukmo_uk_deterministic_2km,51.507725,0.042434692
EGLC,2022-10-12,17.3,7.7,12.8,15.5,6.5,0.0,0.0,,0.0,15.8,35.3,205.0,85.0,100.0,8.2,1021.2,7.86,25892.65,ukmo_uk_deterministic_2km,51.507725,0.042434692
EGLC,2022-10-13,17.1,13.1,14.5,16.6,12.7,6.4,6.4,,5.0,12.2,26.3,187.0,87.0,100.0,11.2,1015.9,6.95,17817.63,ukmo_uk_deterministic_2km,51.507725,0.042434692
EGLC,2022-10-14,16.5,11.3,13.8,15.2,10.4,0.0,0.0,,0.0,14.8,32.8,238.0,86.0,100.0,11.1,1010.3,3.7,85.29,ukmo_uk_deterministic_2km,51.507725,0.042434692
EGLC,2022-10-15,17.0,9.9,13.4,13.9,9.0,0.1,0.1,,1.0,25.6,55.8,221.0,53.0,100.0,9.3,1004.0,6.31,24424.94,ukmo_uk_deterministic_2km,51.507725,0.042434692
EGLC,2022-10-16,17.2,11.7,14.5,15.5,8.9,1.9,1.9,,2.0,20.2,42.8,192.0,67.0,100.0,9.6,1010.1,8.14,23347.43,ukmo_uk_deterministic_2km,51.507725,0.042434692
EGLC,2022-10-17,18.9,12.8,16.6,16.9,11.7,1.5,1.5,,4.0,16.6,35.6,215.0,77.0,100.0,12.5,1016.8,6.78,15174.59,ukmo_uk_deterministic_2km,51.507725,0.042434692
EGLC,2022-10-18,18.0,9.5,13.3,15.8,8.4,0.0,0.0,,0.0,14.4,30.6,85.0,48.0,100.0,9.0,1027.4,10.03,30092.51,ukmo_uk_deterministic_2km,51.507725,0.042434692
EGLC,2022-10-19,16.1,12.2,14.2,13.9,10.2,0.0,0.0,,0.0,27.7,60.5,85.0,79.0,100.0,10.9,1020.4,7.5,22818.93,ukmo_uk_deterministic_2km,51.507725,0.042434692
EGLC,2022-10-20,16.4,12.2,15.2,17.3,12.3,4.4,4.4,,8.0,18.7,40.0,161.0,79.0,100.0,13.5,1007.3,2.37,4385.03,ukmo_uk_deterministic_2km,51.507725,0.042434692
EGLC,2022-10-21,18.8,11.7,15.6,16.4,10.4,0.7,0.7,,2.0,24.5,53.3,175.0,83.0,100.0,12.5,1002.5,5.2,19593.66,ukmo_uk_deterministic_2km,51.507725,0.042434692
EGLC,2022-10-22,17.9,13.2,15.7,17.0,11.7,2.9,2.9,,3.0,18.7,40.3,207.0,90.0,100.0,12.2,1008.7,6.62,21600.0,ukmo_uk_deterministic_2km,51.507725,0.042434692
EGLC,2022-10-23,18.7,13.8,15.6,18.9,12.5,5.1,5.1,,5.0,13.0,26.6,144.0,96.0,100.0,13.4,1002.3,3.62,6923.59,ukmo_uk_deterministic_2km,51.507725,0.042434692
EGLC,2022-10-24,18.0,12.8,15.0,15.8,10.0,4.1,4.1,,6.0,26.6,57.2,228.0,79.0,100.0,10.9,1002.2,7.26,27185.03,ukmo_uk_deterministic_2km,51.507725,0.042434692
EGLC,2022-10-25,17.1,12.4,14.6,16.0,10.7,0.0,0.0,,0.0,15.5,35.3,193.0,70.0,100.0,11.3,1011.2,5.26,16532.73,ukmo_uk_deterministic_2km,51.507725,0.042434692
EGLC,2022-10-26,19.7,14.6,17.0,16.6,14.2,0.0,0.0,,0.0,28.1,61.6,201.0,67.0,100.0,12.6,1011.0,6.34,22309.51,ukmo_uk_deterministic_2km,51.507725,0.042434692
EGLC,2022-10-27,20.7,14.1,17.2,20.2,14.3,0.0,0.0,,0.0,17.6,38.9,172.0,84.0,100.0,14.1,1014.4,5.22,15918.12,ukmo_uk_deterministic_2km,51.507725,0.042434692
EGLC,2022-10-28,19.2,13.2,16.7,17.3,12.5,0.0,0.0,,0.0,18.7,41.4,215.0,80.0,100.0,12.4,1015.1,5.2,16282.27,ukmo_uk_deterministic_2km,51.507725,0.042434692
EGLC,2022-10-29,22.7,11.9,16.7,22.3,11.0,2.4,2.4,,3.0,15.5,33.1,152.0,89.0,100.0,13.5,1014.4,4.62,8206.32,ukmo_uk_deterministic_2km,51.507725,0.042434692
EGLC,2022-10-30,17.2,13.6,15.3,17.0,12.4,2.0,2.0,,1.0,19.1,41.0,197.0,87.0,100.0,12.6,1015.0,1.89,1343.18,ukmo_uk_deterministic_2km,51.507725,0.042434692
EGLC,2022-10-31,17.6,12.0,14.6,15.5,11.4,0.8,0.8,,2.0,19.1,40.7,143.0,77.0,100.0,11.9,1011.8,4.73,19808.65,ukmo_uk_deterministic_2km,51.507725,0.042434692
EGLC,2022-11-01,15.1,10.4,13.3,13.1,6.7,5.8,5.8,,9.0,38.2,82.4,219.0,73.0,100.0,9.4,1005.9,4.23,7262.17,ukmo_uk_deterministic_2km,51.507725,0.042434692
EGLC,2022-11-02,15.5,9.8,12.7,11.2,6.4,3.9,3.9,,4.0,29.2,62.3,213.0,63.0,100.0,7.9,1013.0,4.51,15348.4,ukmo_uk_deterministic_2km,51.507725,0.042434692
EGLC,2022-11-03,13.5,7.5,11.0,11.6,5.5,21.0,21.0,,14.0,23.8,50.4,223.0,94.0,100.0,9.4,1001.6,1.14,0.0,ukmo_uk_deterministic_2km,51.507725,0.042434692
EGLC,2022-11-04,12.6,7.3,9.5,9.3,4.6,3.7,3.7,,4.0,14.8,32.4,325.0,58.0,100.0,5.8,1009.5,6.33,28535.75,ukmo_uk_deterministic_2km,51.507725,0.042434692
EGLC,2022-11-05,14.0,7.1,10.4,12.3,4.4,1.4,1.4,,6.0,20.2,43.6,213.0,80.0,100.0,8.3,1013.9,0.63,0.0,ukmo_uk_deterministic_2km,51.507725,0.042434692
EGLC,2022-11-06,14.1,10.9,13.0,13.0,7.7,17.0,17.0,,11.0,20.9,44.3,214.0,88.0,100.0,11.2,1003.9,0.66,0.0,ukmo_uk_deterministic_2km,51.507725,0.042434692
EGLC,2022-11-07,15.2,11.1,13.4,12.7,8.2,2.3,2.3,,8.0,26.3,56.2,209.0,93.0,100.0,10.7,1003.8,0.7,0.0,ukmo_uk_deterministic_2km,51.507725,0.042434692
EGLC,2022-11-08,15.3,12.3,13.7,11.4,8.7,4.0,4.0,,8.0,31.7,68.0,203.0,82.0,100.0,9.7,998.3,2.02,5870.41,ukmo_uk_deterministic_2km,51.507725,0.042434692
EGLC,2022-11-09,14.7,10.7,12.3,11.1,7.9,2.6,2.6,,6.0,20.9,45.7,231.0,67.0,100.0,8.4,1006.2,3.76,7456.02,ukmo_uk_deterministic_2km,51.507725,0.042434692
EGLC,2022-11-10,15.1,10.8,13.4,12.2,8.1,0.0,0.0,,0.0,28.1,60.1,222.0,74.0,100.0,9.3,1019.6,2.3,3307.09,ukmo_uk_deterministic_2km,51.507725,0.042434692
EGLC,2022-11-11,16.4,11.3,14.9,14.4,9.2,0.0,0.0,,0.0,24.1,51.8,206.0,84.0,100.0,10.5,1025.6,3.84,14845.01,ukmo_uk_deterministic_2km,51.507725,0.042434692
EGLC,2022-11-12,15.4,10.8,12.5,14.5,9.1,0.0,0.0,,0.0,12.2,26.6,130.0,85.0,100.0,10.6,1027.0,4.17,10441.91,ukmo_uk_deterministic_2km,51.507725,0.042434692
EGLC,2022-11-13,13.1,10.2,11.8,12.6,8.9,0.0,0.0,,0.0,10.8,24.8,107.0,88.0,100.0,10.7,1020.1,2.89,0.0,ukmo_uk_deterministic_2km,51.507725,0.042434692
EGLC,2022-11-14,13.1,9.0,11.1,12.7,7.5,0.0,0.0,,0.0,15.5,33.5,127.0,80.0,100.0,10.0,1008.9,2.34,3782.74,ukmo_uk_deterministic_2km,51.507725,0.042434692
EGLC,2022-11-15,13.5,9.9,11.6,10.9,7.4,5.6,5.6,,8.0,24.5,52.6,179.0,87.0,100.0,9.0,997.3,1.01,76.68,ukmo_uk_deterministic_2km,51.507725,0.042434692
EGLC,2022-11-16,11.6,8.7,10.0,9.0,5.8,12.8,12.8,,16.0,29.5,63.4,154.0,96.0,100.0,7.9,990.0,2.09,4225.27,ukmo_uk_deterministic_2km,51.507725,0.042434692
EGLC,2022-11-17,12.2,8.7,10.4,10.4,3.9,10.5,10.5,,7.0,28.1,59.8,255.0,90.0,100.0,7.3,982.6,1.43,0.0,ukmo_uk_deterministic_2km,51.507725,0.042434692
EGLC,2022-11-18,12.6,8.8,10.4,9.7,4.8,0.3,0.3,,2.0,21.2,46.1,259.0,82.0,100.0,5.1,1000.1,3.39,18000.0,ukmo_uk_deterministic_2km,51.507725,0.042434692
EGLC,2022-11-19,10.7,7.5,9.5,7.9,5.1,0.0,0.0,,0.0,14.4,31.7,299.0,90.0,100.0,5.3,1011.9,1.49,1035.81,ukmo_uk_deterministic_2km,51.507725,0.042434692
EGLC,2022-11-20,11.4,6.1,8.5,7.7,3.9,5.5,5.5,,7.0,19.8,42.5,255.0,65.0,100.0,5.3,1008.6,4.08,18000.0,ukmo_uk_deterministic_2km,51.507725,0.042434692
EGLC,2022-11-21,8.8,4.8,7.0,5.8,1.5,2.4,2.4,,6.0,32.4,69.5,178.0,79.0,100.0,4.6,995.2,0.44,0.0,ukmo_uk_deterministic_2km,51.507725,0.042434692
EGLC,2022-11-22,10.3,5.8,7.6,7.4,1.1,0.0,0.0,,0.0,21.6,46.8,244.0,71.0,100.0,3.6,988.6,3.48,16200.52,ukmo_uk_deterministic_2km,51.507725,0.042434692
EGLC,2022-11-23,12.6,5.2,9.0,8.3,2.9,2.6,2.6,,3.0,24.5,52.2,217.0,53.0,100.0,5.4,992.1,3.07,8966.56,ukmo_uk_deterministic_2km,51.507725,0.042434692
EGLC,2022-11-24,12.9,8.0,10.2,9.3,4.8,3.0,2.9,,4.0,27.4,58.7,209.0,73.0,100.0,6.6,1002.6,2.64,14872.92,ukmo_uk_deterministic_2km,51.507725,0.042434692
EGLC,2022-11-25,12.9,8.7,10.1,9.1,5.4,0.0,0.0,,0.0,17.3,36.4,235.0,23.0,95.0,5.5,1014.2,4.64,25980.74,ukmo_uk_deterministic_2km,51.507725,0.042434692
EGLC,2022-11-26,12.8,8.1,10.4,9.6,6.2,0.3,0.3,,1.0,21.2,44.6,194.0,95.0,100.0,7.7,1023.1,3.05,9033.49,ukmo_uk_deterministic_2km,51.507725,0.042434692
EGLC,2022-11-27,13.4,10.7,11.9,12.8,6.9,7.7,7.7,,13.0,24.5,51.8,198.0,100.0,100.0,10.5,1012.9,0.97,0.0,ukmo_uk_deterministic_2km,51.507725,0.042434692
EGLC,2022-11-28,11.3,6.8,8.9,9.6,5.3,12.6,12.6,,6.0,11.9,24.8,241.0,80.0,100.0,7.0,1009.5,1.65,4000.62,ukmo_uk_deterministic_2km,51.507725,0.042434692
EGLC,2022-11-29,7.8,6.6,7.2,6.4,4.5,0.0,0.0,,0.0,7.6,17.6,5.0,98.0,100.0,5.9,1019.5,1.19,0.0,ukmo_uk_deterministic_2km,51.507725,0.042434692
EGLC,2022-11-30,8.9,7.1,7.9,7.5,5.3,0.0,0.0,,0.0,6.8,15.8,45.0,95.0,100.0,5.8,1025.2,1.56,0.0,ukmo_uk_deterministic_2km,51.507725,0.042434692
EGLC,2022-12-01,9.7,6.0,7.3,7.1,3.4,0.0,0.0,,0.0,9.4,20.9,1.0,69.0,100.0,4.8,1028.7,3.43,23395.0,ukmo_uk_deterministic_2km,51.507725,0.042434692
EGLC,2022-12-02,8.0,5.0,6.2,5.3,1.8,0.4,0.4,,1.0,17.6,38.9,15.0,96.0,100.0,4.1,1025.6,1.25,856.32,ukmo_uk_deterministic_2km,51.507725,0.042434692
EGLC,2022-12-03,7.8,5.4,6.3,3.7,0.6,0.0,0.0,,0.0,20.9,44.6,44.0,96.0,100.0,2.1,1020.8,1.22,81.65,ukmo_uk_deterministic_2km,51.507725,0.042434692
EGLC,2022-12-04,6.2,4.4,5.4,2.5,0.1,0.0,0.0,,0.0,19.1,41.4,50.0,100.0,100.0,1.6,1017.0,0.91,0.0,ukmo_uk_deterministic_2km,51.507725,0.042434692
EGLC,2022-12-05,8.2,4.5,6.5,5.1,1.1,0.1,0.1,,1.0,15.8,33.8,23.0,99.0,100.0,3.7,1021.6,1.47,291.67,ukmo_uk_deterministic_2km,51.507725,0.042434692
EGLC,2022-12-06,7.1,4.0,5.3,3.8,0.6,0.0,0.0,,0.0,12.6,28.4,354.0,60.0,100.0,2.2,1023.6,3.93,21936.7,ukmo_uk_deterministic_2km,51.507725,0.042434692
EGLC,2022-12-07,5.3,1.7,3.7,2.0,-1.8,0.0,0.0,,0.0,13.7,29.2,318.0,47.0,98.0,0.7,1021.1,2.82,14929.64,ukmo_uk_deterministic_2km,51.507725,0.042434692
EGLC,2022-12-08,4.4,-0.8,1.3,0.9,-4.2,0.0,0.0,,0.0,9.0,19.4,292.0,8.0,62.0,-2.1,1011.9,3.81,25275.43,ukmo_uk_deterministic_2km,51.507725,0.042434692
EGLC,2022-12-09,4.2,-1.0,1.1,1.1,-4.7,0.0,0.0,,0.0,9.0,19.8,291.0,42.0,100.0,-1.5,1008.7,2.72,14400.0,ukmo_uk_deterministic_2km,51.507725,0.042434692
EGLC,2022-12-10,4.2,-2.5,0.1,1.2,-6.3,0.0,0.0,,0.0,9.7,21.2,241.0,39.0,91.0,-1.6,1010.1,3.73,19740.11,ukmo_uk_deterministic_2km,51.507725,0.042434692
EGLC,2022-12-11,0.5,-4.5,-1.9,-2.6,-8.1,3.5,0.1,,4.0,11.9,27.0,21.0,86.0,100.0,-2.3,1008.2,1.79,0.0,ukmo_uk_deterministic_2km,51.507725,0.042434692
EGLC,2022-12-12,1.7,0.1,0.7,-1.5,-3.9,0.7,0.3,,3.0,12.6,27.7,86.0,97.0,100.0,-0.2,1008.7,0.81,0.0,ukmo_uk_deterministic_2km,51.507725,0.042434692
EGLC,2022-12-13,1.6,-2.3,-0.2,-1.7,-5.8,0.0,0.0,,0.0,11.9,25.6,78.0,81.0,100.0,-2.8,1007.7,1.93,1548.15,ukmo_uk_deterministic_2km,51.507725,0.042434692
EGLC,2022-12-14,0.9,-2.0,-0.5,-2.9,-6.2,0.0,0.0,,0.0,15.5,33.8,0.0,70.0,100.0,-2.9,1005.7,2.99,13234.06,ukmo_uk_deterministic_2km,51.507725,0.042434692
EGLC,2022-12-15,1.4,-4.3,-1.4,-2.3,-7.9,0.0,0.0,,0.0,10.4,20.9,330.0,19.0,100.0,-4.8,1011.1,3.87,24859.45,ukmo_uk_deterministic_2km,51.507725,0.042434692
EGLC,2022-12-16,2.6,-2.6,-0.7,-0.7,-6.4,0.0,0.0,,0.0,12.2,25.9,299.0,4.0,38.0,-2.9,1017.8,3.75,24809.94,ukmo_uk_deterministic_2km,51.507725,0.042434692
EGLC,2022-12-17,4.9,-4.4,-0.2,1.2,-7.4,0.0,0.0,,0.0,11.2,23.4,172.0,46.0,98.0,-2.4,1022.3,3.22,20212.96,ukmo_uk_deterministic_2km,51.507725,0.042434692
EGLC,2022-12-18,7.9,-1.0,1.9,4.0,-5.0,12.1,12.1,,8.0,22.7,47.2,133.0,97.0,100.0,0.8,1017.4,0.33,0.0,ukmo_uk_deterministic_2km,51.507725,0.042434692
EGLC,2022-12-19,13.1,8.5,11.8,9.2,4.9,2.4,2.4,,4.0,32.0,68.0,206.0,98.0,100.0,10.3,1007.1,0.89,0.0,ukmo_uk_deterministic_2km,51.507725,0.042434692
EGLC,2022-12-20,13.0,6.6,10.8,9.7,4.3,0.6,0.6,,5.0,27.4,58.0,222.0,54.0,100.0,7.5,1007.1,3.4,21600.0,ukmo_uk_deterministic_2km,51.507725,0.042434692
EGLC,2022-12-21,10.8,6.2,8.5,8.6,3.7,0.9,0.9,,2.0,16.6,34.6,209.0,81.0,100.0,6.6,1006.6,0.85,1536.84,ukmo_uk_deterministic_2km,51.507725,0.042434692
EGLC,2022-12-22,11.3,6.9,9.3,9.2,4.4,0.1,0.1,,1.0,16.6,34.2,232.0,90.0,100.0,7.9,1003.1,0.78,0.0,ukmo_uk_deterministic_2km,51.507725,0.042434692
EGLC,2022-12-23,12.6,8.2,10.2,9.9,5.7,13.0,13.0,,5.0,21.6,45.4,235.0,74.0,100.0,8.0,1002.5,1.12,3690.48,ukmo_uk_deterministic_2km,51.507725,0.042434692
EGLC,2022-12-24,11.0,7.9,9.8,8.8,5.2,0.0,0.0,,0.0,17.3,36.7,217.0,66.0,100.0,7.5,1009.5,2.78,15574.62,ukmo_uk_deterministic_2km,51.507725,0.042434692
EGLC,2022-12-25,11.9,9.8,10.8,9.4,7.2,3.3,3.3,,6.0,17.6,37.4,201.0,97.0,100.0,8.3,1008.1,0.81,0.0,ukmo_uk_deterministic_2km,51.507725,0.042434692
EGLC,2022-12-26,10.7,5.7,7.9,7.2,1.6,0.0,0.0,,0.0,22.7,47.9,249.0,32.0,100.0,2.8,1014.7,3.58,24485.85,ukmo_uk_deterministic_2km,51.507725,0.042434692
EGLC,2022-12-27,10.5,4.1,7.3,6.4,0.6,3.1,3.1,,4.0,31.0,65.9,221.0,70.0,100.0,4.3,1019.8,2.44,11126.25,ukmo_uk_deterministic_2km,51.507725,0.042434692
EGLC,2022-12-28,11.7,9.7,10.8,8.4,4.8,2.6,2.6,,10.0,34.6,74.2,217.0,99.0,100.0,8.9,1002.7,0.3,0.0,ukmo_uk_deterministic_2km,51.507725,0.042434692
EGLC,2022-12-29,10.3,7.1,9.4,5.5,3.2,0.2,0.2,,2.0,31.7,68.0,233.0,54.0,100.0,4.2,1000.4,1.95,10285.58,ukmo_uk_deterministic_2km,51.507725,0.042434692
EGLC,2022-12-30,13.1,6.3,10.1,9.8,3.2,2.0,2.0,,4.0,29.9,64.1,203.0,92.0,100.0,7.4,997.8,0.81,0.0,ukmo_uk_deterministic_2km,51.507725,0.042434692
EGLC,2022-12-31,14.1,11.1,12.8,10.3,7.6,1.8,1.8,,5.0,31.3,67.0,220.0,100.0,100.0,10.0,999.7,0.37,0.0,ukmo_uk_deterministic_2km,51.507725,0.042434692
EGLC,2023-01-01,13.0,8.5,11.4,9.3,6.8,0.9,0.9,,4.0,24.8,52.9,222.0,96.0,100.0,7.1,1007.9,1.96,5809.6,ukmo_uk_deterministic_2km,51.507725,0.042434692
EGLC,2023-01-02,8.9,4.0,7.1,6.3,1.3,0.2,0.2,,1.0,13.3,28.8,250.0,63.0,100.0,4.1,1016.3,2.73,17258.9,ukmo_uk_deterministic_2km,51.507725,0.042434692
EGLC,2023-01-03,12.4,3.5,8.4,9.0,0.8,3.2,3.2,,7.0,31.7,67.7,200.0,88.0,100.0,6.8,1019.4,0.34,39.51,ukmo_uk_deterministic_2km,51.507725,0.042434692
EGLC,2023-01-04,14.0,11.6,13.0,10.1,8.0,0.6,0.6,,2.0,31.0,66.2,241.0,91.0,100.0,9.3,1014.1,1.64,4862.17,ukmo_uk_deterministic_2km,51.507725,0.042434692
EGLC,2023-01-05,13.7,10.6,12.0,10.9,7.9,0.0,0.0,,0.0,24.5,52.2,234.0,94.0,100.0,8.2,1018.5,1.51,0.0,ukmo_uk_deterministic_2km,51.507725,0.042434692
EGLC,2023-01-06,12.5,7.4,10.5,9.2,3.9,1.1,1.1,,2.0,27.7,59.8,220.0,78.0,100.0,7.4,1013.9,2.41,5221.87,ukmo_uk_deterministic_2km,51.507725,0.042434692
EGLC,2023-01-07,12.7,8.3,11.0,9.1,3.5,1.6,1.6,,7.0,29.9,63.7,198.0,84.0,100.0,7.4,1001.7,0.69,0.0,ukmo_uk_deterministic_2km,51.507725,0.042434692
EGLC,2023-01-08,9.6,6.1,7.8,5.2,2.3,11.0,11.0,,10.0,24.8,53.3,210.0,76.0,100.0,5.1,993.6,0.88,6594.99,ukmo_uk_deterministic_2km,51.507725,0.042434692
EGLC,2023-01-09,9.3,6.1,7.3,4.8,1.8,0.7,0.6,,3.0,22.3,48.2,259.0,54.0,100.0,3.1,1000.0,2.44,16271.44,ukmo_uk_deterministic_2km,51.507725,0.042434692
EGLC,2023-01-10,12.8,5.3,9.0,9.3,1.2,8.2,8.2,,6.0,30.2,64.8,216.0,91.0,100.0,6.5,1008.8,0.41,0.0,ukmo_uk_deterministic_2km,51.507725,0.042434692
EGLC,2023-01-11,12.5,8.3,9.7,9.7,3.4,0.6,0.6,,3.0,32.0,69.1,242.0,72.0,100.0,5.5,1008.3,2.4,13345.78,ukmo_uk_deterministic_2km,51.507725,0.042434692
EGLC,2023-01-12,12.5,9.4,11.5,8.7,3.5,8.2,8.2,,11.0,35.3,74.9,239.0,82.0,100.0,8.1,1002.9,0.4,0.0,ukmo_uk_deterministic_2km,51.507725,0.042434692
EGLC,2023-01-13,10.9,7.4,9.2,6.1,2.5,0.0,0.0,,0.0,32.0,69.1,248.0,53.0,99.0,2.9,1008.1,2.76,17580.52,ukmo_uk_deterministic_2km,51.507725,0.042434692
EGLC,2023-01-14,12.3,7.3,9.5,8.3,1.9,13.1,13.1,,12.0,32.8,70.6,228.0,99.0,100.0,6.1,1001.1,0.65,0.0,ukmo_uk_deterministic_2km,51.507725,0.042434692
EGLC,2023-01-15,8.4,4.5,6.2,3.8,-1.3,0.0,0.0,,0.0,28.1,60.8,240.0,45.0,100.0,0.9,998.6,3.59,21275.37,ukmo_uk_deterministic_2km,51.507725,0.042434692
EGLC,2023-01-16,5.3,0.7,3.6,0.7,-3.4,15.8,15.8,,8.0,22.3,48.2,338.0,82.0,100.0,0.6,986.1,1.04,0.0,ukmo_uk_deterministic_2km,51.507725,0.042434692
EGLC,2023-01-17,2.3,-2.9,-0.5,-1.2,-6.2,0.0,0.0,,0.0,9.7,20.9,264.0,67.0,100.0,-3.8,989.7,4.13,20384.47,ukmo_uk_deterministic_2km,51.507725,0.042434692
EGLC,2023-01-18,5.0,-2.2,1.1,0.8,-6.4,0.0,0.0,,0.0,15.1,33.1,263.0,63.0,100.0,-1.8,997.8,3.07,15782.71,ukmo_uk_deterministic_2km,51.507725,0.042434692
EGLC,2023-01-19,5.0,-1.4,1.6,1.3,-5.2,0.0,0.0,,0.0,13.0,27.4,266.0,51.0,98.0,-1.5,1007.7,3.11,12826.82,ukmo_uk_deterministic_2km,51.507725,0.042434692
EGLC,2023-01-20,6.4,0.7,3.2,2.3,-3.8,0.0,0.0,,0.0,16.2,35.3,291.0,40.0,100.0,-0.8,1018.1,4.32,21911.64,ukmo_uk_deterministic_2km,51.507725,0.042434692
EGLC,2023-01-21,6.0,0.4,2.8,3.5,-2.4,0.0,0.0,,0.0,8.3,17.6,20.0,30.0,100.0,-0.5,1032.0,4.54,25317.86,ukmo_uk_deterministic_2km,51.507725,0.042434692
EGLC,2023-01-22,4.9,-2.5,0.6,2.4,-5.7,0.0,0.0,,0.0,6.5,13.7,287.0,20.0,92.0,-1.8,1035.5,5.26,23395.83,ukmo_uk_deterministic_2km,51.507725,0.042434692
EGLC,2023-01-23,4.6,-2.9,0.7,1.7,-6.4,0.0,0.0,,0.0,8.6,19.8,338.0,65.0,100.0,-1.7,1037.5,3.91,14570.75,ukmo_uk_deterministic_2km,51.507725,0.042434692
EGLC,2023-01-24,4.7,3.1,4.2,1.7,0.4,0.0,0.0,,0.0,10.4,22.0,27.0,83.0,100.0,0.4,1038.7,2.86,588.84,ukmo_uk_deterministic_2km,51.507725,0.042434692
EGLC,2023-01-25,6.1,0.0,2.1,2.7,-3.4,2.4,2.4,,4.0,15.5,32.4,263.0,86.0,100.0,0.7,1033.2,1.34,0.0,ukmo_uk_deterministic_2km,51.507725,0.042434692
EGLC,2023-01-26,7.5,3.5,5.4,3.7,-0.7,0.0,0.0,,0.0,18.7,39.6,360.0,76.0,100.0,3.1,1029.7,2.16,2225.95,ukmo_uk_deterministic_2km,51.507725,0.042434692
EGLC,2023-01-27,7.7,3.0,5.4,3.9,-0.1,0.0,0.0,,0.0,15.8,34.6,16.0,63.0,100.0,1.5,1030.4,4.71,20941.67,ukmo_uk_deterministic_2km,51.507725,0.042434692
EGLC,2023-01-28,6.5,2.6,4.8,3.2,-0.2,0.0,0.0,,0.0,8.6,21.2,305.0,90.0,100.0,-0.5,1031.6,2.6,2293.53,ukmo_uk_deterministic_2km,51.507725,0.042434692
EGLC,2023-01-29,8.5,4.8,6.5,5.2,1.6,0.0,0.0,,0.0,19.8,41.8,245.0,94.0,100.0,3.7,1026.6,1.59,1804.84,ukmo_uk_deterministic_2km,51.507725,0.042434692
EGLC,2023-01-30,9.7,4.2,7.5,5.6,0.8,0.0,0.0,,0.0,19.1,40.7,277.0,56.0,100.0,2.4,1024.3,5.5,25837.29,ukmo_uk_deterministic_2km,51.507725,0.042434692
EGLC,2023-01-31,12.1,3.5,7.8,8.2,-0.0,0.0,0.0,,0.0,23.0,49.7,265.0,68.0,100.0,2.5,1024.6,3.39,11162.79,ukmo_uk_deterministic_2km,51.507725,0.042434692
EGLC,2023-02-01,10.5,5.5,7.8,5.8,0.8,0.0,0.0,,0.0,25.9,55.8,256.0,47.0,100.0,2.4,1024.3,5.13,22400.25,ukmo_uk_deterministic_2km,51.507725,0.042434692
EGLC,2023-02-02,11.6,7.1,9.6,7.8,3.4,0.0,0.0,,0.0,21.2,46.1,251.0,83.0,100.0,5.2,1026.6,4.12,14400.0,ukmo_uk_deterministic_2km,51.507725,0.042434692
EGLC,2023-02-03,13.2,9.6,10.8,10.1,5.6,0.0,0.0,,0.0,20.9,44.3,264.0,90.0,100.0,6.6,1030.4,5.02,23353.99,ukmo_uk_deterministic_2km,51.507725,0.042434692
EGLC,2023-02-04,10.0,8.7,9.3,7.3,5.6,0.0,0.0,,0.0,14.8,32.4,268.0,97.0,100.0,5.0,1037.5,2.84,3681.48,ukmo_uk_deterministic_2km,51.507725,0.042434692
EGLC,2023-02-05,9.1,3.8,6.7,6.1,-0.5,0.0,0.0,,0.0,17.3,37.4,350.0,51.0,100.0,1.5,1043.9,6.58,28271.01,ukmo_uk_deterministic_2km,51.507725,0.042434692
EGLC,2023-02-06,10.8,3.0,6.0,7.6,0.6,0.0,0.0,,0.0,8.6,18.4,357.0,33.0,100.0,0.1,1042.1,7.22,29334.47,ukmo_uk_deterministic_2km,51.507725,0.042434692
EGLC,2023-02-07,7.8,-0.5,3.3,5.7,-2.8,0.0,0.0,,0.0,10.4,21.6,112.0,20.0,100.0,0.8,1038.8,6.8,24398.45,ukmo_uk_deterministic_2km,51.507725,0.042434692
EGLC,2023-02-08,8.6,-3.3,2.4,5.0,-6.2,0.0,0.0,,0.0,10.4,22.7,180.0,28.0,96.0,-1.0,1034.8,7.51,29223.65,ukmo_uk_deterministic_2km,51.507725,0.042434692
EGLC,2023-02-09,9.3,2.0,4.7,6.3,-1.2,0.0,0.0,,0.0,10.1,23.0,266.0,70.0,100.0,0.3,1032.4,4.3,14344.71,ukmo_uk_deterministic_2km,51.507725,0.042434692
EGLC,2023-02-10,8.8,1.1,5.1,5.3,-2.2,0.0,0.0,,0.0,17.6,38.2,247.0,81.0,100.0,0.9,1036.4,6.01,18000.0,ukmo_uk_deterministic_2km,51.507725,0.042434692
EGLC,2023-02-11,10.5,7.9,9.2,8.4,5.2,0.0,0.0,,0.0,11.2,22.7,253.0,87.0,100.0,5.1,1036.2,2.8,0.0,ukmo_uk_deterministic_2km,51.507725,0.042434692
EGLC,2023-02-12,9.7,7.9,8.5,7.8,5.2,0.0,0.0,,0.0,11.2,25.2,139.0,99.0,100.0,4.5,1037.3,2.04,0.0,ukmo_uk_deterministic_2km,51.507725,0.042434692
EGLC,2023-02-13,12.5,5.2,8.0,10.0,2.7,0.0,0.0,,0.0,11.2,23.8,130.0,22.0,98.0,3.5,1034.2,8.11,30140.87,ukmo_uk_deterministic_2km,51.507725,0.042434692
EGLC,2023-02-14,13.4,1.6,6.7,11.7,-0.8,0.0,0.0,,0.0,8.3,15.5,112.0,6.0,91.0,3.3,1030.9,8.37,31086.16,ukmo_uk_deterministic_2km,51.507725,0.042434692
EGLC,2023-02-15,15.0,3.3,8.5,11.1,0.9,0.0,0.0,,0.0,18.4,39.2,204.0,69.0,100.0,4.0,1023.6,6.39,18214.29,ukmo_uk_deterministic_2km,51.507725,0.042434692
EGLC,2023-02-16,13.0,8.2,10.6,10.5,5.8,0.7,0.7,,2.0,20.2,43.6,230.0,98.0,100.0,7.9,1020.2,2.02,276.57,ukmo_uk_deterministic_2km,51.507725,0.042434692
EGLC,2023-02-17,14.5,11.1,12.6,11.1,7.2,0.0,0.0,,0.0,29.9,63.7,247.0,95.0,100.0,9.0,1020.8,3.57,0.0,ukmo_uk_deterministic_2km,51.507725,0.042434692
EGLC,2023-02-18,13.2,11.3,12.1,10.5,6.5,0.0,0.0,,0.0,27.7,59.4,251.0,99.0,100.0,8.2,1020.9,2.16,0.0,ukmo_uk_deterministic_2km,51.507725,0.042434692
EGLC,2023-02-19,12.9,8.5,10.5,9.9,4.2,0.0,0.0,,0.0,20.2,43.2,264.0,56.0,100.0,4.6,1025.5,8.76,28800.0,ukmo_uk_deterministic_2km,51.507725,0.042434692
EGLC,2023-02-20,12.9,7.3,9.6,10.4,3.0,0.0,0.0,,0.0,22.0,47.5,248.0,76.0,100.0,6.2,1023.7,4.99,7643.74,ukmo_uk_deterministic_2km,51.507725,0.042434692
EGLC,2023-02-21,10.2,7.2,8.9,8.3,4.7,0.0,,,0.0,16.9,36.4,234.0,98.0,100.0,6.1,1018.0,3.66,0.0,ukmo_uk_deterministic_2km,51.507725,0.042434692
EGLC,2023-02-22,9.4,6.4,7.8,7.3,4.2,7.7,7.7,,6.0,10.4,23.4,273.0,100.0,100.0,5.4,1011.9,1.0,0.0,ukmo_uk_deterministic_2km,51.507725,0.042434692
EGLC,2023-02-23,8.4,3.6,6.8,4.5,0.4,0.1,0.1,,1.0,20.2,43.2,19.0,90.0,100.0,3.2,1017.7,1.83,0.0,ukmo_uk_deterministic_2km,51.507725,0.042434692
EGLC,2023-02-24,9.9,0.9,5.0,6.3,-2.9,0.0,0.0,,0.0,19.4,42.8,330.0,78.0,100.0,0.8,1013.9,3.18,7200.0,ukmo_uk_deterministic_2km,51.507725,0.042434692
EGLC,2023-02-25,7.8,3.9,5.3,3.0,-0.3,0.0,0.0,,0.0,19.4,43.6,10.0,69.0,100.0,0.2,1016.7,7.32,29091.41,ukmo_uk_deterministic_2km,51.507725,0.042434692
EGLC,2023-02-26,6.8,2.2,4.4,2.2,-2.2,0.0,0.0,,0.0,20.9,46.8,35.0,30.0,100.0,-2.2,1026.4,6.96,17128.58,ukmo_uk_deterministic_2km,51.507725,0.042434692
EGLC,2023-02-27,8.0,0.9,4.4,4.1,-3.0,0.0,0.0,,0.0,16.6,35.3,38.0,51.0,100.0,-1.4,1031.3,6.18,10115.98,ukmo_uk_deterministic_2km,51.507725,0.042434692
EGLC,2023-02-28,7.5,1.8,4.8,3.3,-1.7,0.0,0.0,,0.0,20.2,43.2,21.0,90.0,100.0,1.5,1032.4,2.89,471.31,ukmo_uk_deterministic_2km,51.507725,0.042434692
EGLC,2023-03-01,7.6,4.4,5.9,4.1,1.0,0.0,0.0,,0.0,16.2,35.6,46.0,94.0,100.0,1.9,1029.2,2.61,0.0,ukmo_uk_deterministic_2km,51.507725,0.042434692
EGLC,2023-03-02,9.4,2.1,5.3,5.4,-1.8,0.0,0.0,,0.0,17.6,38.5,34.0,43.0,100.0,-0.2,1025.7,10.9,34225.2,ukmo_uk_deterministic_2km,51.507725,0.042434692
EGLC,2023-03-03,6.9,4.3,5.7,3.2,0.6,0.0,0.0,,0.0,14.0,31.0,25.0,82.0,100.0,-0.1,1028.4,3.47,0.0,ukmo_uk_deterministic_2km,51.507725,0.042434692
EGLC,2023-03-04,6.9,4.8,5.9,3.7,1.2,0.0,0.0,,0.0,14.4,32.0,6.0,99.0,100.0,0.5,1029.2,2.78,0.0,ukmo_uk_deterministic_2km,51.507725,0.042434692
EGLC,2023-03-05,5.7,3.8,4.6,1.7,-0.5,0.0,0.0,,0.0,13.7,31.0,299.0,100.0,100.0,-2.3,1019.5,3.71,0.0,ukmo_uk_deterministic_2km,51.507725,0.042434692
EGLC,2023-03-06,9.2,1.9,5.4,4.9,-1.5,2.8,2.8,,9.0,22.3,47.2,257.0,89.0,100.0,1.8,1006.1,1.43,0.0,ukmo_uk_deterministic_2km,51.507725,0.042434692
EGLC,2023-03-07,6.0,1.9,3.6,3.1,-0.8,11.8,11.8,,17.0,13.0,28.8,293.0,96.0,100.0,1.6,1000.1,1.57,0.0,ukmo_uk_deterministic_2km,51.507725,0.042434692
EGLC,2023-03-08,3.4,0.5,2.2,-1.0,-3.7,19.0,17.8,,18.0,24.5,52.2,85.0,99.0,100.0,1.3,992.2,0.8,0.0,ukmo_uk_deterministic_2km,51.507725,0.042434692
EGLC,2023-03-09,9.9,2.9,5.9,8.1,-0.8,5.3,5.3,,10.0,14.4,31.3,106.0,100.0,100.0,5.0,991.6,1.06,0.0,ukmo_uk_deterministic_2km,51.507725,0.042434692
EGLC,2023-03-10,9.1,2.1,5.4,7.4,-4.5,4.8,4.8,,7.0,32.8,70.6,337.0,87.0,100.0,2.0,995.6,3.87,7200.0,ukmo_uk_deterministic_2km,51.507725,0.042434692
EGLC,2023-03-11,8.0,0.0,3.7,3.8,-3.2,0.0,0.0,,0.0,14.0,32.0,137.0,83.0,100.0,-1.4,1009.7,7.77,17879.93,ukmo_uk_deterministic_2km,51.507725,0.042434692
EGLC,2023-03-12,13.5,5.2,9.9,9.2,2.7,2.7,2.7,,4.0,24.5,52.6,229.0,92.0,100.0,7.0,1005.9,8.4,20379.09,ukmo_uk_deterministic_2km,51.507725,0.042434692
EGLC,2023-03-13,14.0,11.0,12.7,9.0,7.1,0.2,0.2,,1.0,36.7,78.8,224.0,94.0,100.0,8.2,991.0,5.1,15971.27,ukmo_uk_deterministic_2km,51.507725,0.042434692
EGLC,2023-03-14,10.9,4.2,7.4,7.2,-0.5,3.6,3.6,,5.0,28.1,59.8,286.0,79.0,100.0,1.0,1001.7,8.81,14400.0,ukmo_uk_deterministic_2km,51.507725,0.042434692
EGLC,2023-03-15,8.9,0.4,5.4,4.7,-2.4,3.1,3.1,,5.0,15.8,36.4,214.0,97.0,100.0,1.2,1015.7,6.97,9169.89,ukmo_uk_deterministic_2km,51.507725,0.042434692
EGLC,2023-03-16,14.5,7.5,11.3,11.5,3.4,3.0,3.0,,3.0,20.9,45.7,191.0,94.0,100.0,7.1,1006.7,8.45,14772.74,ukmo_uk_deterministic_2km,51.507725,0.042434692
EGLC,2023-03-17,14.2,11.1,12.3,12.0,9.1,2.9,2.9,,5.0,14.0,30.6,194.0,89.0,100.0,9.3,1004.1,4.08,7808.96,ukmo_uk_deterministic_2km,51.507725,0.042434692
EGLC,2023-03-18,13.0,9.8,10.9,11.8,7.9,5.1,5.1,,7.0,13.7,29.9,196.0,91.0,100.0,8.5,1006.2,4.29,5016.41,ukmo_uk_deterministic_2km,51.507725,0.042434692
EGLC,2023-03-19,11.5,6.6,9.2,8.0,3.3,1.9,1.9,,2.0,17.3,37.4,280.0,76.0,100.0,3.7,1015.0,10.11,24545.89,ukmo_uk_deterministic_2km,51.507725,0.042434692
EGLC,2023-03-20,12.5,8.8,10.6,10.3,5.6,2.3,2.3,,3.0,18.4,40.3,224.0,99.0,100.0,7.5,1016.7,2.79,0.0,ukmo_uk_deterministic_2km,51.507725,0.042434692
EGLC,2023-03-21,14.5,9.5,11.5,10.4,6.7,1.5,1.5,,2.0,25.9,56.9,215.0,84.0,100.0,7.7,1009.4,6.64,13597.61,ukmo_uk_deterministic_2km,51.507725,0.042434692
EGLC,2023-03-22,14.5,10.7,12.2,11.4,6.2,0.8,0.8,,3.0,29.5,63.4,215.0,95.0,100.0,8.3,1000.5,5.14,9498.04,ukmo_uk_deterministic_2km,51.507725,0.042434692
EGLC,2023-03-23,15.0,10.1,12.0,10.1,6.3,1.1,1.1,,6.0,30.2,65.9,218.0,75.0,100.0,7.0,997.4,7.7,16734.44,ukmo_uk_deterministic_2km,51.507725,0.042434692
EGLC,2023-03-24,12.7,9.0,10.6,8.7,4.7,4.0,4.0,,4.0,27.7,61.6,228.0,63.0,100.0,6.3,997.9,8.97,22405.24,ukmo_uk_deterministic_2km,51.507725,0.042434692
EGLC,2023-03-25,14.2,8.9,11.1,9.5,3.5,0.2,0.2,,1.0,27.7,59.8,247.0,77.0,100.0,4.4,1003.1,10.93,14990.18,ukmo_uk_deterministic_2km,51.507725,0.042434692
EGLC,2023-03-26,10.1,6.5,8.1,8.2,2.5,9.4,9.4,,7.0,20.5,45.4,17.0,96.0,100.0,4.5,1007.0,3.24,0.0,ukmo_uk_deterministic_2km,51.507725,0.042434692
EGLC,2023-03-27,10.3,3.8,7.2,7.0,0.3,0.0,0.0,,0.0,13.7,30.2,5.0,76.0,100.0,-2.3,1024.8,12.63,25623.88,ukmo_uk_deterministic_2km,51.507725,0.042434692
EGLC,2023-03-28,9.4,5.5,7.5,5.9,1.7,3.5,3.5,,5.0,20.9,44.6,186.0,99.0,100.0,3.1,1019.5,1.73,0.0,ukmo_uk_deterministic_2km,51.507725,0.042434692
EGLC,2023-03-29,14.6,8.9,11.7,11.8,6.6,4.8,4.8,,2.0,23.0,49.0,207.0,99.0,100.0,9.2,1009.2,4.31,2601.17,ukmo_uk_deterministic_2km,51.507725,0.042434692
EGLC,2023-03-30,15.5,11.5,13.1,11.5,7.8,1.4,1.4,,3.0,26.3,57.2,226.0,85.0,100.0,8.5,1003.3,8.26,14400.0,ukmo_uk_deterministic_2km,51.507725,0.042434692
EGLC,2023-03-31,11.9,10.4,11.0,8.8,6.5,20.1,20.1,,21.0,25.9,55.4,230.0,100.0,100.0,9.1,989.3,1.14,0.0,ukmo_uk_deterministic_2km,51.507725,0.042434692
EGLC,2023-04-01,10.7,8.2,9.5,7.8,4.6,0.0,0.0,,0.0,18.4,39.6,334.0,99.0,100.0,6.2,1005.6,4.85,1586.04,ukmo_uk_deterministic_2km,51.507725,0.042434692
EGLC,2023-04-02,11.3,5.6,8.4,7.4,1.3,0.0,0.0,,0.0,18.4,40.0,23.0,61.0,100.0,2.2,1024.9,14.85,28800.0,ukmo_uk_deterministic_2km,51.507725,0.042434692
EGLC,2023-04-03,11.1,3.0,6.8,7.4,-0.4,0.0,0.0,,0.0,17.6,38.9,71.0,37.0,100.0,0.4,1030.1,16.57,36411.56,ukmo_uk_deterministic_2km,51.507725,0.042434692
EGLC,2023-04-04,13.4,1.8,7.2,10.3,-1.2,0.0,0.0,,0.0,14.0,31.7,92.0,4.0,54.0,-0.1,1027.5,19.56,41842.87,ukmo_uk_deterministic_2km,51.507725,0.042434692
EGLC,2023-04-05,13.7,5.4,9.0,10.3,2.4,2.8,2.8,,3.0,14.4,32.0,218.0,78.0,100.0,2.3,1021.0,13.16,25738.3,ukmo_uk_deterministic_2km,51.507725,0.042434692
EGLC,2023-04-06,13.2,8.9,10.7,9.9,5.7,4.5,4.5,,9.0,22.7,50.8,264.0,91.0,100.0,6.9,1014.1,5.7,9939.04,ukmo_uk_deterministic_2km,51.507725,0.042434692
EGLC,2023-04-07,14.7,6.7,10.3,11.7,3.8,0.0,0.0,,0.0,13.7,29.9,347.0,33.0,93.0,2.5,1020.5,17.51,38803.78,ukmo_uk_deterministic_2km,51.507725,0.042434692
EGLC,2023-04-08,13.9,5.1,9.3,11.1,3.0,0.0,0.0,,0.0,15.8,35.3,90.0,59.0,100.0,4.2,1025.4,13.46,29755.31,ukmo_uk_deterministic_2km,51.507725,0.042434692
EGLC,2023-04-09,16.4,6.4,11.2,13.4,4.0,0.0,0.0,,0.0,13.7,32.0,153.0,83.0,100.0,4.5,1021.8,17.05,32400.0,ukmo_uk_deterministic_2km,51.507725,0.042434692
EGLC,2023-04-10,15.2,9.7,12.2,10.8,5.3,10.3,10.3,,11.0,28.8,61.9,226.0,85.0,100.0,6.8,1010.4,6.95,16362.95,ukmo_uk_deterministic_2km,51.507725,0.042434692
EGLC,2023-04-11,13.2,7.1,9.6,9.1,3.1,2.3,2.3,,5.0,28.8,63.0,221.0,64.0,100.0,4.4,1009.2,9.15,20449.62,ukmo_uk_deterministic_2km,51.507725,0.042434692
EGLC,2023-04-12,11.3,6.3,8.2,6.2,1.0,3.7,3.7,,9.0,41.8,89.6,229.0,78.0,100.0,3.7,994.0,10.16,18006.88,ukmo_uk_deterministic_2km,51.507725,0.042434692
EGLC,2023-04-13,12.4,7.2,9.4,9.1,2.4,0.1,0.0,,1.0,24.1,51.5,249.0,61.0,100.0,1.4,1001.3,16.05,32788.16,ukmo_uk_deterministic_2km,51.507725,0.042434692
EGLC,2023-04-14,10.0,6.0,8.0,6.7,3.5,7.2,7.2,,8.0,16.6,37.1,138.0,91.0,100.0,4.6,1004.8,3.18,0.0,ukmo_uk_deterministic_2km,51.507725,0.042434692
EGLC,2023-04-15,14.2,6.8,10.0,12.2,3.7,1.6,1.6,,3.0,16.2,35.3,357.0,89.0,100.0,6.0,1017.2,10.37,13650.49,ukmo_uk_deterministic_2km,51.507725,0.042434692
EGLC,2023-04-16,15.9,7.0,11.9,13.6,5.4,0.0,0.0,,0.0,11.2,24.1,219.0,94.0,100.0,5.2,1025.8,10.24,12609.01,ukmo_uk_deterministic_2km,51.507725,0.042434692
EGLC,2023-04-17,15.6,9.1,12.0,13.6,6.5,1.8,1.8,,2.0,17.3,38.9,85.0,76.0,100.0,6.8,1027.7,16.56,32603.1,ukmo_uk_deterministic_2km,51.507725,0.042434692
EGLC,2023-04-18,11.2,7.5,9.6,6.9,3.4,0.0,0.0,,0.0,21.6,48.6,50.0,82.0,100.0,4.6,1027.7,8.47,16013.12,ukmo_uk_deterministic_2km,51.507725,0.042434692
EGLC,2023-04-19,14.7,8.3,11.0,10.4,4.2,0.0,0.0,,0.0,24.8,54.4,64.0,44.0,100.0,5.2,1025.1,16.33,32400.0,ukmo_uk_deterministic_2km,51.507725,0.042434692
EGLC,2023-04-20,15.3,6.0,9.5,10.4,2.7,2.7,2.7,,3.0,26.3,58.7,39.0,41.0,100.0,2.5,1021.1,17.56,35635.85,ukmo_uk_deterministic_2km,51.507725,0.042434692
EGLC,2023-04-21,11.4,6.9,8.5,8.8,4.0,1.2,1.2,,6.0,15.5,33.1,55.0,83.0,100.0,5.1,1012.5,8.77,12179.19,ukmo_uk_deterministic_2km,51.507725,0.042434692
EGLC,2023-04-22,14.4,6.5,10.4,11.4,4.8,0.0,0.0,,0.0,15.8,35.3,195.0,87.0,100.0,4.2,1005.8,11.05,20634.74,ukmo_uk_deterministic_2km,51.507725,0.042434692
EGLC,2023-04-23,13.2,9.3,11.0,10.9,6.0,7.7,7.7,,9.0,20.9,45.7,236.0,99.0,100.0,7.7,1001.2,3.84,608.25,ukmo_uk_deterministic_2km,51.507725,0.042434692
EGLC,2023-04-24,12.4,6.2,8.8,9.9,2.6,9.6,9.6,,6.0,22.3,49.7,332.0,97.0,100.0,4.5,1009.5,7.6,7200.0,ukmo_uk_deterministic_2km,51.507725,0.042434692
EGLC,2023-04-25,10.6,3.0,7.3,7.6,-0.7,0.0,0.0,,0.0,15.8,34.2,15.0,45.0,95.0,-0.3,1017.9,18.55,38841.88,ukmo_uk_deterministic_2km,51.507725,0.042434692
EGLC,2023-04-26,11.9,5.3,8.7,8.6,2.4,0.0,0.0,,0.0,17.3,37.4,113.0,78.0,100.0,1.4,1018.6,11.3,12556.22,ukmo_uk_deterministic_2km,51.507725,0.042434692
EGLC,2023-04-27,14.3,5.5,9.8,10.4,2.7,4.9,4.9,,7.0,20.5,44.3,108.0,91.0,100.0,4.8,1015.6,7.56,2338.23,ukmo_uk_deterministic_2km,51.507725,0.042434692
EGLC,2023-04-28,17.3,10.8,13.9,15.2,9.1,0.3,0.3,,1.0,18.0,39.2,279.0,81.0,100.0,10.0,1011.2,10.43,20827.39,ukmo_uk_deterministic_2km,51.507725,0.042434692
EGLC,2023-04-29,17.4,7.4,12.3,15.5,5.7,0.0,0.0,,0.0,15.5,35.3,92.0,39.0,91.0,6.5,1020.4,20.8,43200.0,ukmo_uk_deterministic_2km,51.507725,0.042434692
EGLC,2023-04-30,17.5,7.6,12.9,15.4,5.7,0.1,0.1,,1.0,14.8,35.3,171.0,86.0,100.0,6.1,1021.1,13.67,21221.28,ukmo_uk_deterministic_2km,51.507725,0.042434692
EGLC,2023-05-01,17.3,11.0,14.2,15.0,8.4,0.1,0.1,,1.0,15.5,35.6,294.0,69.0,100.0,7.5,1017.9,15.67,28800.0,ukmo_uk_deterministic_2km,51.507725,0.042434692
EGLC,2023-05-02,14.4,9.2,11.8,11.9,5.8,0.0,0.0,,0.0,19.1,42.1,85.0,84.0,100.0,6.8,1026.1,13.08,16973.76,ukmo_uk_deterministic_2km,51.507725,0.042434692
EGLC,2023-05-03,13.4,6.6,10.1,9.9,4.1,0.0,0.0,,0.0,20.9,47.2,86.0,91.0,100.0,4.4,1026.1,19.31,30236.25,ukmo_uk_deterministic_2km,51.507725,0.042434692
EGLC,2023-05-04,18.1,8.7,13.2,16.4,5.5,0.0,0.0,,0.0,24.1,53.3,97.0,59.0,100.0,8.3,1015.7,20.29,38387.07,ukmo_uk_deterministic_2km,51.507725,0.042434692
EGLC,2023-05-05,18.5,12.4,15.0,16.6,11.2,1.0,1.0,,3.0,16.2,37.1,201.0,74.0,100.0,10.0,1014.2,13.26,21600.0,ukmo_uk_deterministic_2km,51.507725,0.042434692
EGLC,2023-05-06,14.3,11.3,13.3,13.4,10.5,6.4,6.4,,10.0,14.8,32.0,175.0,98.0,100.0,11.4,1014.0,3.06,0.0,ukmo_uk_deterministic_2km,51.507725,0.042434692
EGLC,2023-05-07,20.1,12.6,16.1,18.7,11.8,0.0,0.0,,0.0,10.4,28.1,248.0,74.0,100.0,10.7,1016.7,19.98,38683.38,ukmo_uk_deterministic_2km,51.507725,0.042434692
EGLC,2023-05-08,16.3,11.6,13.9,14.0,9.5,2.0,2.0,,2.0,17.6,40.3,213.0,96.0,100.0,10.6,1019.1,10.76,7416.6,ukmo_uk_deterministic_2km,51.507725,0.042434692
EGLC,2023-05-09,17.6,12.6,14.6,16.1,11.9,11.4,11.4,,8.0,15.8,34.9,254.0,96.0,100.0,11.1,1011.0,11.73,14527.49,ukmo_uk_deterministic_2km,51.507725,0.042434692
EGLC,2023-05-10,17.4,10.8,13.8,16.0,8.8,4.5,4.5,,3.0,19.1,43.9,264.0,84.0,100.0,9.0,1012.5,15.33,25552.56,ukmo_uk_deterministic_2km,51.507725,0.042434692
EGLC,2023-05-11,17.2,10.4,13.7,16.5,9.1,0.9,0.9,,1.0,13.0,29.5,251.0,74.0,100.0,8.3,1015.9,18.25,32026.79,ukmo_uk_deterministic_2km,51.507725,0.042434692
EGLC,2023-05-12,13.4,10.1,11.5,11.6,7.7,0.8,0.8,,2.0,22.7,49.7,13.0,95.0,100.0,8.9,1022.1,7.36,6696.11,ukmo_uk_deterministic_2km,51.507725,0.042434692
EGLC,2023-05-13,13.8,9.0,11.0,12.3,6.3,0.0,0.0,,0.0,16.2,35.3,10.0,99.0,100.0,8.0,1026.0,12.6,405.94,ukmo_uk_deterministic_2km,51.507725,0.042434692
EGLC,2023-05-14,20.1,7.5,13.2,18.8,6.3,0.0,0.0,,0.0,13.0,27.4,297.0,92.0,100.0,7.5,1020.6,18.65,17775.62,ukmo_uk_deterministic_2km,51.507725,0.042434692
EGLC,2023-05-15,16.2,11.2,13.3,14.1,7.9,5.2,5.2,,3.0,18.7,45.4,350.0,73.0,100.0,6.0,1019.8,18.19,32034.55,ukmo_uk_deterministic_2km,51.507725,0.042434692
EGLC,2023-05-16,17.2,8.5,12.8,14.4,6.2,0.0,0.0,,0.0,15.1,37.1,328.0,46.0,100.0,5.1,1024.7,20.99,38802.52,ukmo_uk_deterministic_2km,51.507725,0.042434692
EGLC,2023-05-17,16.9,9.2,13.0,15.9,7.3,0.0,0.0,,0.0,14.8,32.8,36.0,83.0,100.0,6.9,1028.2,17.61,29170.6,ukmo_uk_deterministic_2km,51.507725,0.042434692
EGLC,2023-05-18,18.1,9.8,13.7,16.1,8.5,0.0,0.0,,0.0,13.7,31.3,107.0,75.0,100.0,7.4,1028.2,18.8,47695.16,ukmo_uk_deterministic_2km,51.507725,0.042434692
EGLC,2023-05-19,17.4,9.1,12.8,14.9,7.7,0.8,0.8,,3.0,13.7,30.2,79.0,80.0,100.0,7.2,1027.3,9.71,13650.13,ukmo_uk_deterministic_2km,51.507725,0.042434692
EGLC,2023-05-20,19.4,8.2,13.9,16.2,5.9,0.0,0.0,,0.0,19.1,44.3,36.0,46.0,100.0,6.3,1025.0,18.62,33880.45,ukmo_uk_deterministic_2km,51.507725,0.042434692
EGLC,2023-05-21,18.0,8.6,14.1,15.5,6.4,0.0,0.0,,0.0,18.4,42.8,20.0,65.0,100.0,6.9,1021.4,16.82,20853.73,ukmo_uk_deterministic_2km,51.507725,0.042434692
EGLC,2023-05-22,18.9,11.3,14.5,15.9,9.1,0.0,0.0,,0.0,20.9,46.4,360.0,70.0,100.0,7.2,1020.9,12.03,19943.9,ukmo_uk_deterministic_2km,51.507725,0.042434692
EGLC,2023-05-23,17.5,9.6,13.4,15.1,7.2,0.0,0.0,,0.0,13.7,31.7,40.0,78.0,100.0,6.9,1026.3,16.29,23501.6,ukmo_uk_deterministic_2km,51.507725,0.042434692
EGLC,2023-05-24,20.9,11.0,15.7,19.5,9.2,0.0,0.0,,0.0,14.0,32.0,3.0,51.0,100.0,8.1,1025.5,24.33,44548.15,ukmo_uk_deterministic_2km,51.507725,0.042434692
EGLC,2023-05-25,16.7,11.6,14.4,14.8,9.8,0.0,0.0,,0.0,14.4,33.8,60.0,68.0,100.0,8.6,1029.1,14.86,25945.86,ukmo_uk_deterministic_2km,51.507725,0.042434692
EGLC,2023-05-26,18.5,9.0,13.5,16.2,6.2,0.0,0.0,,0.0,18.7,43.2,66.0,35.0,94.0,6.3,1031.2,26.09,42798.08,ukmo_uk_deterministic_2km,51.507725,0.042434692
EGLC,2023-05-27,19.9,8.6,13.9,18.7,6.3,0.0,0.0,,0.0,15.8,36.7,75.0,50.0,100.0,7.9,1026.4,26.25,45855.34,ukmo_uk_deterministic_2km,51.507725,0.042434692
EGLC,2023-05-28,21.5,9.9,15.6,19.0,8.3,0.0,0.0,,0.0,21.6,46.8,67.0,67.0,100.0,6.4,1023.1,25.69,47003.14,ukmo_uk_deterministic_2km,51.507725,0.042434692
EGLC,2023-05-29,17.6,8.6,13.2,14.2,5.2,0.0,0.0,,0.0,20.2,44.3,48.0,68.0,100.0,5.4,1027.2,19.29,34880.1,ukmo_uk_deterministic_2km,51.507725,0.042434692
EGLC,2023-05-30,16.6,9.2,12.9,14.2,5.9,0.0,0.0,,0.0,19.1,42.8,42.0,87.0,100.0,7.1,1029.1,20.0,33816.44,ukmo_uk_deterministic_2km,51.507725,0.042434692
EGLC,2023-05-31,19.1,10.8,13.9,16.9,8.1,0.0,0.0,,0.0,20.9,46.4,46.0,94.0,100.0,9.2,1026.7,16.74,16568.22,ukmo_uk_deterministic_2km,51.507725,0.042434692
EGLC,2023-06-01,19.3,10.4,13.6,17.1,7.4,0.0,0.0,,0.0,19.4,44.3,42.0,81.0,100.0,7.8,1025.1,22.44,27522.76,ukmo_uk_deterministic_2km,51.507725,0.042434692
EGLC,2023-06-02,18.4,10.5,13.7,16.0,6.8,0.0,0.0,,0.0,18.4,40.7,43.0,65.0,100.0,5.8,1024.2,23.23,32925.6,ukmo_uk_deterministic_2km,51.507725,0.042434692
EGLC,2023-06-03,21.3,9.0,14.9,19.2,6.4,0.0,0.0,,0.0,19.4,43.6,50.0,59.0,100.0,7.9,1023.2,19.48,34673.81,ukmo_uk_deterministic_2km,51.507725,0.042434692
EGLC,2023-06-04,21.1,9.6,15.6,20.6,7.1,0.0,0.0,,0.0,18.4,42.8,65.0,12.0,52.0,8.3,1023.7,28.06,54260.56,ukmo_uk_deterministic_2km,51.507725,0.042434692
EGLC,2023-06-05,18.1,10.5,13.6,16.0,7.5,0.0,0.0,,0.0,15.8,37.4,45.0,86.0,100.0,7.4,1024.2,20.3,24626.13,ukmo_uk_deterministic_2km,51.507725,0.042434692
EGLC,2023-06-06,16.7,11.6,13.6,14.2,8.1,0.0,0.0,,0.0,17.6,38.5,46.0,91.0,100.0,7.4,1023.2,15.48,11670.61,ukmo_uk_deterministic_2km,51.507725,0.042434692
EGLC,2023-06-07,20.4,10.8,14.5,19.4,8.1,0.0,0.0,,0.0,17.6,40.0,71.0,51.0,100.0,8.8,1021.8,23.55,36093.8,ukmo_uk_deterministic_2km,51.507725,0.042434692
EGLC,2023-06-08,21.3,10.9,15.4,20.2,8.3,0.0,0.0,,0.0,18.4,41.8,68.0,50.0,98.0,8.7,1018.6,25.32,40915.67,ukmo_uk_deterministic_2km,51.507725,0.042434692
EGLC,2023-06-09,24.2,11.6,18.1,23.8,9.0,0.0,0.0,,0.0,20.9,47.2,65.0,37.0,100.0,11.8,1014.2,25.96,42592.37,ukmo_uk_deterministic_2km,51.507725,0.042434692
EGLC,2023-06-10,28.4,14.3,21.8,27.9,13.2,0.0,0.0,,0.0,22.3,49.7,77.0,16.0,82.0,12.9,1013.2,28.13,54000.0,ukmo_uk_deterministic_2km,51.507725,0.042434692
EGLC,2023-06-11,30.8,17.3,23.4,31.1,17.2,0.0,0.0,,0.0,17.3,41.4,92.0,76.0,100.0,13.5,1013.8,24.44,36489.6,ukmo_uk_deterministic_2km,51.507725,0.042434692
EGLC,2023-06-12,28.0,18.9,22.9,29.9,19.4,2.6,2.6,,3.0,15.5,34.9,106.0,87.0,100.0,15.1,1014.4,17.78,27038.6,ukmo_uk_deterministic_2km,51.507725,0.042434692
EGLC,2023-06-13,27.3,15.8,21.8,25.8,14.4,0.0,0.0,,0.0,21.2,49.7,65.0,1.0,9.0,9.5,1014.2,28.63,54000.0,ukmo_uk_deterministic_2km,51.507725,0.042434692
EGLC,2023-06-14,27.3,12.1,20.0,26.5,10.2,0.0,0.0,,0.0,18.4,45.0,70.0,9.0,56.0,9.1,1017.3,28.93,54000.0,ukmo_uk_deterministic_2km,51.507725,0.042434692
EGLC,2023-06-15,26.9,14.4,20.8,26.5,13.3,0.0,0.0,,0.0,17.3,40.7,79.0,39.0,100.0,10.5,1019.9,26.33,50009.41,ukmo_uk_deterministic_2km,51.507725,0.042434692
EGLC,2023-06-16,27.3,15.4,20.8,26.3,14.3,0.0,0.0,,0.0,18.4,42.5,85.0,32.0,97.0,8.9,1019.2,28.23,50400.0,ukmo_uk_deterministic_2km,51.507725,0.042434692
EGLC,2023-06-17,24.3,14.2,19.6,24.1,12.7,0.0,0.0,,0.0,14.8,35.3,89.0,93.0,100.0,11.2,1014.5,15.13,16989.39,ukmo_uk_deterministic_2km,51.507725,0.042434692
EGLC,2023-06-18,27.7,16.3,20.0,28.5,16.2,5.1,5.1,,5.0,18.4,41.8,155.0,95.0,100.0,15.5,1009.3,12.05,16240.99,ukmo_uk_deterministic_2km,51.507725,0.042434692
EGLC,2023-06-19,24.7,15.6,20.4,23.4,14.8,0.0,0.0,,0.0,19.4,45.0,216.0,74.0,100.0,12.9,1010.3,16.55,33031.32,ukmo_uk_deterministic_2km,51.507725,0.042434692
EGLC,2023-06-20,23.6,17.7,20.6,23.2,17.2,8.2,8.2,,2.0,19.1,44.6,183.0,79.0,100.0,14.6,1008.3,16.84,16611.56,ukmo_uk_deterministic_2km,51.507725,0.042434692
EGLC,2023-06-21,26.0,16.5,21.2,26.2,16.2,0.0,0.0,,0.0,16.6,41.0,234.0,63.0,100.0,12.9,1015.3,20.68,42657.49,ukmo_uk_deterministic_2km,51.507725,0.042434692
EGLC,2023-06-22,28.7,16.7,21.6,29.3,16.8,15.5,15.5,,2.0,15.5,33.5,6.0,62.0,100.0,13.0,1018.6,21.41,39406.43,ukmo_uk_deterministic_2km,51.507725,0.042434692
EGLC,2023-06-23,27.4,17.3,22.4,26.1,17.5,0.0,0.0,,0.0,15.8,37.4,238.0,77.0,100.0,12.2,1022.9,20.78,34495.84,ukmo_uk_deterministic_2km,51.507725,0.042434692
EGLC,2023-06-24,28.0,17.1,22.9,28.9,16.8,0.0,0.0,,0.0,13.7,29.5,231.0,42.0,91.0,14.8,1022.5,21.13,45723.61,ukmo_uk_deterministic_2km,51.507725,0.042434692
EGLC,2023-06-25,30.7,18.3,24.4,30.4,17.9,0.0,0.0,,0.0,23.8,55.1,201.0,10.0,58.0,13.7,1014.6,27.93,53548.45,ukmo_uk_deterministic_2km,51.507725,0.042434692
EGLC,2023-06-26,22.9,15.7,19.5,19.5,13.6,0.3,0.3,,1.0,20.2,45.0,270.0,50.0,100.0,8.6,1019.1,19.68,35988.31,ukmo_uk_deterministic_2km,51.507725,0.042434692
EGLC,2023-06-27,23.7,15.9,19.9,21.8,14.9,0.0,0.0,,0.0,15.8,39.2,253.0,79.0,100.0,10.5,1020.6,20.78,39600.0,ukmo_uk_deterministic_2km,51.507725,0.042434692
EGLC,2023-06-28,24.9,19.1,21.3,24.8,19.0,0.0,0.0,,0.0,17.6,38.9,249.0,90.0,100.0,15.5,1016.8,10.14,14332.28,ukmo_uk_deterministic_2km,51.507725,0.042434692
EGLC,2023-06-29,22.6,15.8,19.2,21.4,15.8,8.3,8.3,,10.0,15.8,34.6,322.0,77.0,100.0,12.4,1015.7,13.11,14659.09,ukmo_uk_deterministic_2km,51.507725,0.042434692
EGLC,2023-06-30,20.2,14.7,17.6,18.4,13.1,0.3,0.3,,1.0,23.8,51.8,230.0,91.0,100.0,11.1,1012.0,12.98,24416.64,ukmo_uk_deterministic_2km,51.507725,0.042434692
EGLC,2023-07-01,22.2,17.7,19.7,19.4,15.2,0.2,0.2,,2.0,21.2,50.8,270.0,82.0,100.0,11.6,1005.7,16.75,19042.44,ukmo_uk_deterministic_2km,51.507725,0.042434692
EGLC,2023-07-02,20.7,14.1,17.9,16.9,12.2,0.0,0.0,,0.0,22.7,50.8,267.0,43.0,100.0,6.9,1011.0,20.53,39270.42,ukmo_uk_deterministic_2km,51.507725,0.042434692
EGLC,2023-07-03,20.4,13.5,16.9,16.6,11.1,0.1,0.1,,1.0,29.2,64.4,253.0,66.0,100.0,7.9,1010.7,13.94,23458.17,ukmo_uk_deterministic_2km,51.507725,0.042434692
EGLC,2023-07-04,18.5,13.4,15.6,16.1,11.7,13.6,13.6,,10.0,19.8,42.5,242.0,91.0,100.0,10.2,1010.3,4.37,712.14,ukmo_uk_deterministic_2km,51.507725,0.042434692
EGLC,2023-07-05,20.6,11.2,16.0,17.9,8.8,6.7,6.7,,4.0,20.2,46.8,263.0,73.0,100.0,9.1,1010.6,16.64,36731.27,ukmo_uk_deterministic_2km,51.507725,0.042434692
EGLC,2023-07-06,22.3,12.4,17.8,20.0,10.9,0.0,0.0,,0.0,15.8,37.4,225.0,66.0,100.0,8.3,1015.8,19.66,27991.51,ukmo_uk_deterministic_2km,51.507725,0.042434692
EGLC,2023-07-07,29.3,13.2,21.9,29.0,11.9,0.0,0.0,,0.0,19.4,42.8,127.0,1.0,9.0,10.3,1015.5,28.09,54000.0,ukmo_uk_deterministic_2km,51.507725,0.042434692
EGLC,2023-07-08,26.3,18.5,22.7,27.6,18.0,0.7,0.7,,2.0,13.7,28.8,159.0,63.0,100.0,15.9,1015.0,14.31,29052.7,ukmo_uk_deterministic_2km,51.507725,0.042434692
EGLC,2023-07-09,23.5,17.7,20.6,22.2,18.1,0.1,0.1,,1.0,18.7,42.8,223.0,88.0,100.0,13.0,1018.9,12.83,11130.38,ukmo_uk_deterministic_2km,51.507725,0.042434692
EGLC,2023-07-10,24.3,15.4,20.3,22.5,14.4,0.0,0.0,,0.0,21.2,50.0,214.0,64.0,100.0,12.0,1019.2,23.09,43369.18,ukmo_uk_deterministic_2km,51.507725,0.042434692
EGLC,2023-07-11,23.8,17.9,20.2,21.7,16.3,1.6,1.6,,3.0,21.2,49.3,221.0,87.0,100.0,12.9,1010.3,17.06,26567.57,ukmo_uk_deterministic_2km,51.507725,0.042434692
EGLC,2023-07-12,22.0,14.9,18.5,19.9,13.4,0.9,0.9,,2.0,24.8,54.4,243.0,69.0,100.0,12.1,1011.3,15.44,32293.82,ukmo_uk_deterministic_2km,51.507725,0.042434692
EGLC,2023-07-13,21.8,14.3,18.0,19.8,12.7,1.7,1.7,,1.0,21.2,47.5,239.0,83.0,100.0,11.8,1015.8,11.72,12553.39,ukmo_uk_deterministic_2km,51.507725,0.042434692
EGLC,2023-07-14,19.7,15.2,17.3,19.2,14.5,3.7,3.7,,8.0,20.2,42.8,177.0,99.0,100.0,14.0,1009.2,4.44,3600.0,ukmo_uk_deterministic_2km,51.507725,0.042434692
EGLC,2023-07-15,20.9,16.3,18.4,18.2,13.5,0.8,0.8,,4.0,31.7,69.5,211.0,63.0,99.0,12.3,1001.2,20.25,43127.26,ukmo_uk_deterministic_2km,51.507725,0.042434692
EGLC,2023-07-16,21.3,14.9,18.1,17.6,12.1,0.0,0.0,,0.0,26.6,58.7,232.0,84.0,100.0,9.8,1009.2,12.55,21472.25,ukmo_uk_deterministic_2km,51.507725,0.042434692
EGLC,2023-07-17,22.7,13.3,17.9,21.6,11.8,0.1,0.1,,1.0,20.2,46.4,243.0,70.0,100.0,10.6,1017.4,18.54,35874.24,ukmo_uk_deterministic_2km,51.507725,0.042434692
EGLC,2023-07-18,23.1,13.9,18.9,21.2,12.9,0.0,0.0,,0.0,16.6,36.4,238.0,88.0,100.0,10.1,1017.9,16.5,27790.8,ukmo_uk_deterministic_2km,51.507725,0.042434692
EGLC,2023-07-19,22.8,16.2,19.2,20.8,15.0,0.1,0.1,,1.0,15.5,36.7,276.0,86.0,100.0,11.2,1014.9,11.88,24531.24,ukmo_uk_deterministic_2km,51.507725,0.042434692
EGLC,2023-07-20,22.5,15.3,19.0,20.8,15.5,0.0,0.0,,0.0,13.0,34.2,336.0,79.0,100.0,8.6,1015.2,18.06,37266.67,ukmo_uk_deterministic_2km,51.507725,0.042434692
EGLC,2023-07-21,20.7,13.4,17.3,18.2,11.5,0.6,0.6,,1.0,18.4,41.8,289.0,83.0,100.0,8.0,1013.9,14.66,20636.25,ukmo_uk_deterministic_2km,51.507725,0.042434692
EGLC,2023-07-22,19.0,14.1,16.1,16.2,12.6,15.0,15.0,,11.0,24.8,53.3,225.0,98.0,100.0,11.9,1010.9,5.57,8482.7,ukmo_uk_deterministic_2km,51.507725,0.042434692
EGLC,2023-07-23,23.3,16.2,19.7,21.7,14.5,5.9,5.9,,3.0,23.4,50.8,227.0,79.0,100.0,13.9,1003.0,13.95,32632.71,ukmo_uk_deterministic_2km,51.507725,0.042434692
EGLC,2023-07-24,17.3,15.1,16.3,17.1,13.7,0.2,0.2,,1.0,15.5,34.6,322.0,96.0,100.0,12.4,1005.5,5.25,1797.92,ukmo_uk_deterministic_2km,51.507725,0.042434692
EGLC,2023-07-25,20.2,12.8,16.7,17.4,12.7,0.0,0.0,,0.0,17.3,41.4,294.0,86.0,100.0,8.2,1010.4,16.32,28530.08,ukmo_uk_deterministic_2km,51.507725,0.042434692
EGLC,2023-07-26,22.5,12.8,17.1,20.2,11.7,9.1,9.1,,5.0,19.4,43.2,230.0,78.0,100.0,9.4,1012.0,17.98,32400.0,ukmo_uk_deterministic_2km,51.507725,0.042434692
EGLC,2023-07-27,22.4,16.2,19.4,22.8,15.1,5.9,5.9,,6.0,21.6,47.2,233.0,94.0,100.0,16.3,1003.5,7.13,2364.26,ukmo_uk_deterministic_2km,51.507725,0.042434692
EGLC,2023-07-28,23.2,17.8,19.8,22.5,17.3,0.0,0.0,,0.0,20.5,45.4,241.0,83.0,100.0,14.4,1005.7,10.92,18275.57,ukmo_uk_deterministic_2km,51.507725,0.042434692
EGLC,2023-07-29,22.9,17.0,19.6,21.2,15.8,0.8,0.8,,4.0,23.0,52.2,246.0,81.0,100.0,12.2,1006.3,10.75,13920.16,ukmo_uk_deterministic_2km,51.507725,0.042434692
EGLC,2023-07-30,20.5,15.7,17.8,18.6,13.1,5.7,5.7,,7.0,22.3,47.9,241.0,89.0,100.0,12.8,1010.4,7.39,12195.42,ukmo_uk_deterministic_2km,51.507725,0.042434692
EGLC,2023-07-31,20.6,16.6,18.5,19.9,15.1,1.0,1.0,,4.0,25.2,55.1,243.0,96.0,100.0,14.3,1004.6,7.83,9432.3,ukmo_uk_deterministic_2km,51.507725,0.042434692
EGLC,2023-08-01,23.1,15.0,18.3,20.5,13.2,0.0,0.0,,0.0,19.8,45.0,250.0,77.0,100.0,11.7,1001.3,17.15,39196.09,ukmo_uk_deterministic_2km,51.507725,0.042434692
EGLC,2023-08-02,19.2,15.6,17.4,18.5,15.0,10.1,10.1,,11.0,25.6,56.2,227.0,94.0,100.0,14.7,988.9,6.78,6709.68,ukmo_uk_deterministic_2km,51.507725,0.042434692
EGLC,2023-08-03,21.1,15.7,18.2,19.3,13.8,0.1,0.1,,1.0,16.6,36.0,315.0,99.0,100.0,11.0,1003.9,9.56,7818.27,ukmo_uk_deterministic_2km,51.507725,0.042434692
EGLC,2023-08-04,21.0,15.1,17.7,19.7,14.3,0.0,0.0,,0.0,13.0,34.9,302.0,82.0,100.0,11.3,1016.5,15.47,28273.23,ukmo_uk_deterministic_2km,51.507725,0.042434692
EGLC,2023-08-05,18.1,13.1,15.4,17.7,10.2,13.5,13.5,,10.0,26.3,57.2,256.0,98.0,100.0,11.9,1008.6,2.73,3600.0,ukmo_uk_deterministic_2km,51.507725,0.042434692
EGLC,2023-08-06,19.4,11.5,15.8,16.7,8.8,0.4,0.4,,2.0,20.5,44.6,307.0,59.0,100.0,8.6,1015.9,14.7,37693.44,ukmo_uk_deterministic_2km,51.507725,0.042434692
EGLC,2023-08-07,21.8,12.2,17.1,18.6,11.0,0.0,0.0,,0.0,19.4,42.8,269.0,57.0,100.0,8.8,1019.1,15.12,27895.99,ukmo_uk_deterministic_2km,51.507725,0.042434692
EGLC,2023-08-08,17.4,13.2,15.5,17.0,11.5,1.7,1.7,,7.0,17.6,38.2,246.0,95.0,100.0,12.3,1015.1,3.87,6857.49,ukmo_uk_deterministic_2km,51.507725,0.042434692
EGLC,2023-08-09,24.2,12.6,18.5,24.1,11.7,0.0,0.0,,0.0,15.5,33.8,257.0,41.0,100.0,11.9,1017.5,21.95,45853.84,ukmo_uk_deterministic_2km,51.507725,0.042434692
EGLC,2023-08-10,26.6,15.7,21.6,26.7,16.1,0.0,0.0,,0.0,16.2,35.6,189.0,26.0,92.0,14.2,1019.0,20.38,46563.98,ukmo_uk_deterministic_2km,51.507725,0.042434692
EGLC,2023-08-11,24.5,19.3,21.5,23.9,18.6,0.0,0.0,,0.0,20.2,46.1,223.0,95.0,100.0,15.3,1017.3,13.15,16082.57,ukmo_uk_deterministic_2km,51.507725,0.042434692
EGLC,2023-08-12,22.0,15.9,19.3,19.9,14.7,0.0,0.0,,0.0,24.5,54.4,227.0,76.0,100.0,12.9,1014.5,14.17,30576.05,ukmo_uk_deterministic_2km,51.507725,0.042434692
EGLC,2023-08-13,23.0,16.5,19.3,20.5,15.6,0.2,0.2,,1.0,20.9,46.4,225.0,89.0,100.0,12.3,1013.8,12.17,12309.77,ukmo_uk_deterministic_2km,51.507725,0.042434692
EGLC,2023-08-14,22.5,16.1,18.8,21.2,15.7,6.0,6.0,,6.0,22.3,48.6,201.0,89.0,100.0,14.6,1011.3,6.11,10800.0,ukmo_uk_deterministic_2km,51.507725,0.042434692
EGLC,2023-08-15,24.2,14.1,19.2,23.1,13.2,0.0,0.0,,0.0,15.8,35.6,252.0,48.0,100.0,12.2,1015.6,18.46,42100.43,ukmo_uk_deterministic_2km,51.507725,0.042434692
EGLC,2023-08-16,25.9,15.1,20.1,24.7,15.1,0.0,0.0,,0.0,17.3,40.7,74.0,76.0,100.0,12.1,1020.3,19.99,39844.63,ukmo_uk_deterministic_2km,51.507725,0.042434692
EGLC,2023-08-17,23.3,16.5,19.6,22.8,16.1,0.0,0.0,,0.0,19.1,44.6,81.0,62.0,100.0,14.2,1019.8,18.87,40017.77,ukmo_uk_deterministic_2km,51.507725,0.042434692
EGLC,2023-08-18,23.3,18.3,20.2,22.7,17.3,1.0,1.0,,2.0,21.2,47.5,89.0,91.0,100.0,16.5,1014.0,11.79,21600.0,ukmo_uk_deterministic_2km,51.507725,0.042434692
EGLC,2023-08-19,24.3,18.4,21.0,22.8,17.7,0.3,0.3,,1.0,21.2,49.3,222.0,52.0,100.0,14.7,1013.5,17.72,35406.91,ukmo_uk_deterministic_2km,51.507725,0.042434692
EGLC,2023-08-20,25.1,16.3,20.5,24.4,16.3,0.0,0.0,,0.0,15.8,38.9,237.0,29.0,74.0,13.0,1021.5,18.33,43433.64,ukmo_uk_deterministic_2km,51.507725,0.042434692
EGLC,2023-08-21,25.2,15.2,19.9,24.7,15.1,0.0,0.0,,0.0,14.0,35.6,238.0,43.0,100.0,13.3,1023.0,20.13,36000.0,ukmo_uk_deterministic_2km,51.507725,0.042434692
EGLC,2023-08-22,25.8,16.0,20.6,25.1,15.0,0.0,0.0,,0.0,16.2,36.0,258.0,50.0,100.0,13.2,1020.4,19.38,39098.97,ukmo_uk_deterministic_2km,51.507725,0.042434692
EGLC,2023-08-23,27.4,16.5,21.6,27.4,16.7,0.0,0.0,,0.0,11.2,25.6,251.0,40.0,100.0,12.7,1019.4,20.39,46604.37,ukmo_uk_deterministic_2km,51.507725,0.042434692
EGLC,2023-08-24,24.5,18.3,20.8,24.3,18.9,1.4,1.4,,3.0,15.8,34.6,204.0,83.0,100.0,15.7,1012.5,8.32,13004.78,ukmo_uk_deterministic_2km,51.507725,0.042434692
EGLC,2023-08-25,21.7,15.2,18.1,19.2,13.1,0.4,0.4,,1.0,18.7,40.7,288.0,81.0,100.0,9.0,1009.7,15.54,29451.12,ukmo_uk_deterministic_2km,51.507725,0.042434692
EGLC,2023-08-26,18.6,12.9,15.4,17.2,11.7,3.6,3.6,,4.0,13.0,31.3,241.0,83.0,100.0,11.5,1008.9,10.03,21690.31,ukmo_uk_deterministic_2km,51.507725,0.042434692
EGLC,2023-08-27,19.5,12.1,16.1,17.7,10.3,0.0,0.0,,0.0,16.6,38.2,279.0,69.0,100.0,10.0,1010.5,9.44,22426.88,ukmo_uk_deterministic_2km,51.507725,0.042434692
EGLC,2023-08-28,20.8,12.3,16.4,18.7,11.3,0.0,0.0,,0.0,13.7,32.8,311.0,59.0,100.0,9.5,1014.2,12.69,30184.93,ukmo_uk_deterministic_2km,51.507725,0.042434692
EGLC,2023-08-29,20.5,15.1,17.1,18.2,14.1,0.0,0.0,,0.0,18.0,40.0,243.0,96.0,100.0,9.4,1012.1,10.98,10845.12,ukmo_uk_deterministic_2km,51.507725,0.042434692
EGLC,2023-08-30,20.3,12.2,16.2,18.0,10.3,0.0,0.0,,0.0,17.6,41.0,290.0,68.0,100.0,8.8,1008.4,13.39,35146.07,ukmo_uk_deterministic_2km,51.507725,0.042434692
EGLC,2023-08-31,17.4,13.2,15.4,16.4,12.2,0.0,0.0,,0.0,10.4,25.9,201.0,95.0,100.0,10.7,1009.9,4.71,4028.94,ukmo_uk_deterministic_2km,51.507725,0.042434692
EGLC,2023-09-01,22.6,15.4,18.4,23.9,15.9,0.2,0.2,,2.0,8.3,18.4,76.0,96.0,100.0,15.3,1010.5,7.14,8945.06,ukmo_uk_deterministic_2km,51.507725,0.042434692
EGLC,2023-09-02,23.3,17.3,19.7,23.4,17.9,0.0,0.0,,0.0,16.2,35.6,68.0,76.0,100.0,15.4,1020.2,11.81,19158.04,ukmo_uk_deterministic_2km,51.507725,0.042434692
EGLC,2023-09-03,26.0,14.3,19.6,26.4,14.7,0.0,0.0,,0.0,14.0,31.7,77.0,86.0,100.0,14.7,1026.5,16.13,34563.24,ukmo_uk_deterministic_2km,51.507725,0.042434692
EGLC,2023-09-04,28.0,16.0,21.2,28.0,17.0,0.0,0.0,,0.0,17.6,41.4,83.0,38.0,100.0,14.9,1023.0,18.9,38920.66,ukmo_uk_deterministic_2km,51.507725,0.042434692
EGLC,2023-09-05,28.8,15.7,21.6,28.5,16.2,0.0,0.0,,0.0,17.6,41.0,80.0,10.0,73.0,14.8,1017.5,18.54,42121.85,ukmo_uk_deterministic_2km,51.507725,0.042434692
EGLC,2023-09-06,31.0,17.8,23.3,32.3,18.3,0.0,0.0,,0.0,11.9,27.0,74.0,21.0,93.0,16.3,1018.5,17.91,41591.7,ukmo_uk_deterministic_2km,51.507725,0.042434692
EGLC,2023-09-07,31.0,18.0,23.8,31.1,19.4,0.0,0.0,,0.0,13.3,29.2,84.0,52.0,100.0,16.6,1017.0,17.62,40415.2,ukmo_uk_deterministic_2km,51.507725,0.042434692
EGLC,2023-09-08,30.3,18.1,24.3,31.3,20.1,0.0,0.0,,0.0,8.3,21.2,259.0,85.0,100.0,16.6,1016.2,14.81,33490.18,ukmo_uk_deterministic_2km,51.507725,0.042434692
EGLC,2023-09-09,31.8,20.9,25.9,33.1,22.6,6.4,6.4,,1.0,11.9,24.8,135.0,40.0,95.0,16.5,1015.5,16.43,40210.61,ukmo_uk_deterministic_2km,51.507725,0.042434692
EGLC,2023-09-10,31.7,19.3,24.3,32.2,21.0,0.0,0.0,,0.0,16.6,38.2,211.0,73.0,100.0,17.2,1014.9,12.11,23302.24,ukmo_uk_deterministic_2km,51.507725,0.042434692
EGLC,2023-09-11,25.2,19.4,22.0,24.8,19.6,0.0,0.0,,0.0,15.5,33.5,247.0,85.0,100.0,15.7,1013.1,13.6,28778.59,ukmo_uk_deterministic_2km,51.507725,0.042434692
EGLC,2023-09-12,22.8,16.0,19.9,22.7,14.8,3.1,3.1,,4.0,16.6,37.1,276.0,90.0,100.0,15.2,1013.6,8.13,15050.2,ukmo_uk_deterministic_2km,51.507725,0.042434692
EGLC,2023-09-13,19.9,14.1,16.9,19.6,12.3,0.0,0.0,,0.0,17.3,38.2,25.0,91.0,100.0,11.5,1020.6,9.06,19674.32,ukmo_uk_deterministic_2km,51.507725,0.042434692
EGLC,2023-09-14,23.6,14.0,18.4,22.8,14.2,0.0,0.0,,0.0,14.0,31.3,216.0,61.0,100.0,11.3,1020.7,14.99,35352.95,ukmo_uk_deterministic_2km,51.507725,0.042434692
EGLC,2023-09-15,25.0,13.9,19.1,24.6,13.9,0.0,0.0,,0.0,14.4,31.7,111.0,27.0,93.0,12.9,1015.0,11.52,31018.23,ukmo_uk_deterministic_2km,51.507725,0.042434692
EGLC,2023-09-16,26.2,14.6,20.0,25.5,14.6,0.0,0.0,,0.0,17.3,37.4,70.0,67.0,100.0,13.1,1013.2,13.32,31780.57,ukmo_uk_deterministic_2km,51.507725,0.042434692
EGLC,2023-09-17,20.4,16.6,18.7,21.0,15.9,3.1,3.1,,1.0,20.2,44.6,77.0,93.0,100.0,15.7,1011.1,5.32,5370.57,ukmo_uk_deterministic_2km,51.507725,0.042434692
EGLC,2023-09-18,19.7,14.7,17.6,21.3,11.4,5.3,5.3,,6.0,28.4,61.6,235.0,73.0,100.0,13.1,1002.4,5.73,18676.3,ukmo_uk_deterministic_2km,51.507725,0.042434692
EGLC,2023-09-19,19.0,14.0,16.9,17.0,11.3,0.7,0.7,,2.0,31.7,68.4,224.0,97.0,100.0,12.6,1005.9,3.37,2350.49,ukmo_uk_deterministic_2km,51.507725,0.042434692
EGLC,2023-09-20,21.2,15.2,18.2,18.0,13.9,13.4,13.4,,9.0,31.7,68.8,208.0,98.0,100.0,14.3,999.3,4.07,10800.0,ukmo_uk_deterministic_2km,51.507725,0.042434692
EGLC,2023-09-21,17.1,12.0,14.3,16.0,11.1,2.6,2.6,,4.0,13.0,28.4,216.0,89.0,100.0,10.8,996.1,8.55,18000.0,ukmo_uk_deterministic_2km,51.507725,0.042434692
EGLC,2023-09-22,18.2,11.0,13.7,15.5,9.8,0.2,0.2,,2.0,15.8,36.4,266.0,78.0,100.0,9.4,1001.2,11.12,22538.15,ukmo_uk_deterministic_2km,51.507725,0.042434692
EGLC,2023-09-23,17.7,9.4,13.6,14.9,6.9,0.0,0.0,,0.0,15.5,34.6,249.0,42.0,98.0,6.9,1015.1,14.27,36136.89,ukmo_uk_deterministic_2km,51.507725,0.042434692
EGLC,2023-09-24,20.0,12.8,17.0,18.1,11.0,0.0,0.0,,0.0,22.7,49.7,183.0,87.0,100.0,11.4,1018.3,7.59,14786.0,ukmo_uk_deterministic_2km,51.507725,0.042434692
EGLC,2023-09-25,22.2,16.3,18.9,20.8,15.3,0.0,0.0,,0.0,19.4,42.5,219.0,78.0,100.0,12.2,1018.5,13.05,32633.95,ukmo_uk_deterministic_2km,51.507725,0.042434692
EGLC,2023-09-26,23.6,14.1,18.5,21.8,14.0,0.0,0.0,,0.0,19.1,42.1,204.0,78.0,100.0,13.2,1017.4,9.4,23465.36,ukmo_uk_deterministic_2km,51.507725,0.042434692
EGLC,2023-09-27,21.9,15.4,18.5,20.8,15.2,0.0,0.0,,0.0,24.1,51.8,176.0,80.0,100.0,14.3,1014.2,6.19,11700.81,ukmo_uk_deterministic_2km,51.507725,0.042434692
EGLC,2023-09-28,19.5,16.0,17.5,17.8,13.5,0.0,0.0,,0.0,23.0,50.0,215.0,74.0,100.0,11.2,1013.0,7.64,13866.68,ukmo_uk_deterministic_2km,51.507725,0.042434692
EGLC,2023-09-29,20.4,15.3,17.9,19.4,13.9,0.6,0.6,,2.0,19.1,41.0,263.0,67.0,100.0,11.8,1017.3,11.91,28192.24,ukmo_uk_deterministic_2km,51.507725,0.042434692
EGLC,2023-09-30,19.9,13.0,16.2,18.1,12.4,0.0,0.0,,0.0,17.3,38.9,212.0,54.0,100.0,10.2,1024.4,10.64,29355.53,ukmo_uk_deterministic_2km,51.507725,0.042434692
EGLC,2023-10-01,22.8,16.2,19.2,22.9,15.5,0.0,0.0,,0.0,15.8,35.6,216.0,87.0,100.0,15.2,1020.1,5.33,2113.28,ukmo_uk_deterministic_2km,51.507725,0.042434692
EGLC,2023-10-02,20.6,16.5,18.0,21.4,17.2,0.7,0.7,,3.0,17.3,37.1,162.0,99.0,100.0,15.5,1016.1,4.06,0.0,ukmo_uk_deterministic_2km,51.507725,0.042434692
EGLC,2023-10-03,18.6,12.9,15.7,18.9,10.7,0.0,0.0,,0.0,26.3,55.8,266.0,77.0,100.0,10.2,1017.8,8.33,23370.53,ukmo_uk_deterministic_2km,51.507725,0.042434692
EGLC,2023-10-04,18.1,11.5,14.9,15.0,9.2,0.0,0.0,,0.0,20.9,46.4,248.0,82.0,100.0,9.4,1025.7,6.99,11404.1,ukmo_uk_deterministic_2km,51.507725,0.042434692
EGLC,2023-10-05,19.6,13.9,16.0,17.3,12.0,0.0,0.0,,0.0,20.5,46.1,235.0,86.0,100.0,10.0,1024.1,7.54,16285.64,ukmo_uk_deterministic_2km,51.507725,0.042434692
EGLC,2023-10-06,21.1,14.8,17.3,19.4,12.6,0.0,0.0,,0.0,20.9,46.8,239.0,70.0,100.0,12.1,1022.9,9.09,19635.84,ukmo_uk_deterministic_2km,51.507725,0.042434692
EGLC,2023-10-07,24.4,15.9,19.3,22.6,14.5,0.0,0.0,,0.0,18.4,40.3,243.0,77.0,100.0,13.0,1022.6,9.46,30832.66,ukmo_uk_deterministic_2km,51.507725,0.042434692
EGLC,2023-10-08,24.9,14.8,19.5,24.2,14.5,0.0,0.0,,0.0,13.7,28.8,250.0,70.0,100.0,12.4,1023.8,9.12,28980.38,ukmo_uk_deterministic_2km,51.507725,0.042434692
EGLC,2023-10-09,24.6,15.1,19.1,25.2,14.5,0.0,0.0,,0.0,12.2,25.6,250.0,73.0,100.0,13.3,1021.3,9.34,28800.0,ukmo_uk_deterministic_2km,51.507725,0.042434692
EGLC,2023-10-10,23.9,15.3,18.7,22.2,14.4,0.0,0.0,,0.0,20.9,45.4,238.0,77.0,100.0,13.1,1017.0,9.03,26216.46,ukmo_uk_deterministic_2km,51.507725,0.042434692
EGLC,2023-10-11,20.9,15.7,17.9,20.0,14.4,3.4,3.4,,4.0,19.8,43.6,232.0,92.0,100.0,14.0,1012.7,5.63,4550.45,ukmo_uk_deterministic_2km,51.507725,0.042434692
EGLC,2023-10-12,16.9,13.9,15.4,17.3,13.9,5.0,5.0,,8.0,13.7,29.2,262.0,100.0,100.0,14.2,1011.8,1.99,0.0,ukmo_uk_deterministic_2km,51.507725,0.042434692
EGLC,2023-10-13,20.5,10.6,17.3,18.5,7.7,12.5,12.5,,9.0,30.2,65.5,231.0,89.0,100.0,14.1,1002.2,4.13,10573.54,ukmo_uk_deterministic_2km,51.507725,0.042434692
EGLC,2023-10-14,13.6,8.1,10.4,10.8,5.5,0.0,0.0,,0.0,18.0,40.3,282.0,24.0,99.0,5.3,1016.3,7.78,27561.33,ukmo_uk_deterministic_2km,51.507725,0.042434692
EGLC,2023-10-15,11.0,5.0,7.9,7.2,2.1,0.0,0.0,,0.0,11.9,31.0,328.0,22.0,87.0,1.1,1025.3,10.84,34142.87,ukmo_uk_deterministic_2km,51.507725,0.042434692
EGLC,2023-10-16,12.7,3.3,8.3,9.6,1.1,0.0,0.0,,0.0,16.6,36.0,64.0,91.0,100.0,3.4,1022.0,5.64,6906.04,ukmo_uk_deterministic_2km,51.507725,0.042434692
EGLC,2023-10-17,15.0,10.9,12.7,10.2,8.0,0.0,0.0,,0.0,26.6,58.7,94.0,71.0,100.0,5.9,1014.5,9.54,32400.0,ukmo_uk_deterministic_2km,51.507725,0.042434692
EGLC,2023-10-18,16.5,12.0,13.4,15.0,8.3,13.1,13.1,,8.0,26.3,55.1,102.0,97.0,100.0,9.9,996.4,1.89,1146.91,ukmo_uk_deterministic_2km,51.507725,0.042434692
EGLC,2023-10-19,18.5,15.0,16.6,17.7,12.5,4.1,4.1,,6.0,25.9,55.4,178.0,94.0,100.0,13.9,984.4,3.83,4709.5,ukmo_uk_deterministic_2km,51.507725,0.042434692
EGLC,2023-10-20,16.9,14.2,15.1,15.5,13.0,9.7,9.7,,5.0,22.7,47.9,195.0,90.0,100.0,12.8,977.1,1.92,2012.73,ukmo_uk_deterministic_2km,51.507725,0.042434692
EGLC,2023-10-21,15.6,10.7,13.6,14.4,8.3,5.7,5.7,,6.0,19.1,41.8,214.0,97.0,100.0,11.5,984.3,2.03,673.16,ukmo_uk_deterministic_2km,51.507725,0.042434692
EGLC,2023-10-22,16.0,7.4,11.3,13.6,5.0,0.0,0.0,,0.0,12.6,28.1,232.0,57.0,100.0,6.9,1004.6,8.02,27277.19,ukmo_uk_deterministic_2km,51.507725,0.042434692
EGLC,2023-10-23,15.1,7.9,11.4,13.6,5.9,0.1,0.1,,1.0,15.8,33.8,90.0,83.0,100.0,8.9,1008.1,4.07,1263.49,ukmo_uk_deterministic_2km,51.507725,0.042434692
EGLC,2023-10-24,15.5,8.8,11.3,13.7,7.3,8.0,8.0,,5.0,14.0,32.0,252.0,80.0,100.0,8.6,1001.4,6.21,18000.0,ukmo_uk_deterministic_2km,51.507725,0.042434692
EGLC,2023-10-25,13.4,8.5,10.7,12.1,6.9,0.5,0.5,,2.0,11.9,25.6,42.0,94.0,100.0,8.3,996.3,2.51,3600.0,ukmo_uk_deterministic_2km,51.507725,0.042434692
EGLC,2023-10-26,16.0,9.1,12.2,14.9,7.3,2.5,2.5,,5.0,14.0,31.0,170.0,77.0,100.0,9.7,991.7,3.94,4136.87,ukmo_uk_deterministic_2km,51.507725,0.042434692
EGLC,2023-10-27,14.4,8.6,10.9,12.1,7.5,3.9,3.9,,3.0,15.1,32.0,211.0,78.0,100.0,8.2,990.6,5.44,13858.42,ukmo_uk_deterministic_2km,51.507725,0.042434692
EGLC,2023-10-28,14.6,9.8,12.0,12.2,8.2,12.9,12.9,,13.0,18.7,40.7,172.0,91.0,100.0,9.9,988.5,5.3,15506.23,ukmo_uk_deterministic_2km,51.507725,0.042434692
EGLC,2023-10-29,12.4,9.4,10.9,10.6,7.0,11.3,11.3,,7.0,22.0,47.2,214.0,82.0,100.0,8.7,988.3,1.66,6038.16,ukmo_uk_deterministic_2km,51.507725,0.042434692
EGLC,2023-10-30,13.9,9.7,11.5,12.1,7.7,1.1,1.1,,1.0,15.1,31.7,201.0,84.0,100.0,9.0,995.5,2.19,1289.06,ukmo_uk_deterministic_2km,51.507725,0.042434692
EGLC,2023-10-31,14.7,6.6,10.5,12.4,4.9,5.9,5.9,,4.0,16.6,36.4,223.0,77.0,100.0,8.2,1000.4,5.01,15042.25,ukmo_uk_deterministic_2km,51.507725,0.042434692
EGLC,2023-11-01,14.1,10.2,12.5,12.0,6.9,6.9,6.9,,11.0,25.2,53.6,197.0,91.0,100.0,9.5,992.4,1.63,3600.0,ukmo_uk_deterministic_2km,51.507725,0.042434692
EGLC,2023-11-02,11.6,9.5,10.4,9.8,4.3,22.5,22.5,,19.0,30.6,65.5,231.0,100.0,100.0,8.2,967.0,0.72,0.0,ukmo_uk_deterministic_2km,51.507725,0.042434692
EGLC,2023-11-03,13.9,8.4,10.4,11.0,4.6,2.4,2.4,,3.0,25.2,53.6,242.0,82.0,100.0,6.6,981.5,2.94,8608.42,ukmo_uk_deterministic_2km,51.507725,0.042434692
EGLC,2023-11-04,12.7,6.1,9.3,9.4,3.9,3.6,3.6,,8.0,23.4,50.0,185.0,83.0,100.0,7.2,971.6,2.81,2748.32,ukmo_uk_deterministic_2km,51.507725,0.042434692
EGLC,2023-11-05,13.4,9.1,10.6,9.6,5.8,3.1,3.1,,6.0,21.2,45.7,265.0,80.0,100.0,6.8,979.4,3.95,10800.0,ukmo_uk_deterministic_2km,51.507725,0.042434692
EGLC,2023-11-06,13.8,8.3,10.5,9.8,4.8,0.0,0.0,,0.0,20.2,44.3,241.0,64.0,100.0,5.9,998.1,6.37,24700.3,ukmo_uk_deterministic_2km,51.507725,0.042434692
EGLC,2023-11-07,12.7,6.2,9.3,9.1,3.1,0.0,0.0,,0.0,17.6,38.9,247.0,32.0,84.0,5.8,1008.0,6.05,28232.14,ukmo_uk_deterministic_2km,51.507725,0.042434692
EGLC,2023-11-08,13.1,7.9,10.1,10.4,5.3,2.7,2.7,,9.0,28.1,60.1,223.0,95.0,100.0,7.8,1005.2,0.52,0.0,ukmo_uk_deterministic_2km,51.507725,0.042434692
EGLC,2023-11-09,11.3,6.6,8.7,7.4,3.6,1.2,1.2,,4.0,21.2,45.7,227.0,90.0,100.0,5.1,997.7,3.0,8367.95,ukmo_uk_deterministic_2km,51.507725,0.042434692
EGLC,2023-11-10,9.5,5.6,8.1,7.0,2.2,0.8,0.8,,3.0,18.4,38.9,271.0,77.0,100.0,4.7,996.2,1.29,1168.07,ukmo_uk_deterministic_2km,51.507725,0.042434692
EGLC,2023-11-11,10.9,3.8,6.6,8.3,0.6,0.0,0.0,,0.0,13.3,28.1,261.0,43.0,87.0,3.6,1006.7,5.51,27806.04,ukmo_uk_deterministic_2km,51.507725,0.042434692
EGLC,2023-11-12,9.7,3.6,7.0,8.1,0.5,2.4,2.4,,4.0,12.6,27.0,110.0,99.0,100.0,5.6,1003.9,1.17,0.0,ukmo_uk_deterministic_2km,51.507725,0.042434692
EGLC,2023-11-13,15.3,9.8,12.7,12.0,7.8,17.6,17.6,,7.0,32.0,69.1,231.0,71.0,100.0,8.8,999.0,4.61,21997.57,ukmo_uk_deterministic_2km,51.507725,0.042434692
EGLC,2023-11-14,12.8,9.9,11.4,9.8,6.8,12.9,12.9,,3.0,27.7,58.7,245.0,61.0,100.0,8.5,1004.0,0.81,0.0,ukmo_uk_deterministic_2km,51.507725,0.042434692
EGLC,2023-11-15,12.4,7.3,9.8,7.7,4.6,0.0,0.0,,0.0,23.8,51.5,255.0,25.0,66.0,5.8,1015.6,5.42,27392.54,ukmo_uk_deterministic_2km,51.507725,0.042434692
EGLC,2023-11-16,8.2,5.6,7.0,5.9,3.3,0.3,0.2,,2.0,12.6,27.0,311.0,87.0,100.0,4.9,1014.2,0.71,0.0,ukmo_uk_deterministic_2km,51.507725,0.042434692
EGLC,2023-11-17,11.1,4.7,7.6,8.4,1.8,0.0,0.0,,0.0,12.6,27.4,246.0,80.0,100.0,4.8,1019.6,4.94,18296.99,ukmo_uk_deterministic_2km,51.507725,0.042434692
EGLC,2023-11-18,15.0,8.5,12.4,13.8,6.0,3.3,3.3,,6.0,22.7,47.5,210.0,95.0,100.0,10.5,1011.9,0.89,0.0,ukmo_uk_deterministic_2km,51.507725,0.042434692
EGLC,2023-11-19,14.3,11.9,12.9,10.5,8.2,0.0,0.0,,0.0,26.6,56.5,239.0,69.0,100.0,8.5,1007.5,1.44,1336.88,ukmo_uk_deterministic_2km,51.507725,0.042434692
EGLC,2023-11-20,12.3,9.2,10.7,9.6,5.9,0.0,0.0,,0.0,20.2,43.2,266.0,81.0,100.0,7.3,1009.3,2.25,3600.0,ukmo_uk_deterministic_2km,51.507725,0.042434692
EGLC,2023-11-21,11.3,8.3,10.1,8.8,5.5,0.2,0.2,,2.0,18.0,38.9,347.0,90.0,100.0,7.6,1021.6,0.79,0.0,ukmo_uk_deterministic_2km,51.507725,0.042434692
EGLC,2023-11-22,10.8,6.0,8.4,8.9,3.5,0.0,0.0,,0.0,17.3,37.1,260.0,87.0,100.0,5.9,1029.6,2.21,6992.96,ukmo_uk_deterministic_2km,51.507725,0.042434692
EGLC,2023-11-23,14.2,8.5,11.2,10.5,6.2,0.0,0.0,,0.0,23.0,49.7,262.0,61.0,100.0,8.2,1024.5,3.85,21600.0,ukmo_uk_deterministic_2km,51.507725,0.042434692
EGLC,2023-11-24,12.1,4.3,8.3,8.6,-0.5,0.0,0.0,,0.0,24.8,53.6,324.0,52.0,100.0,0.8,1021.0,3.53,19307.96,ukmo_uk_deterministic_2km,51.507725,0.042434692
EGLC,2023-11-25,6.7,1.3,3.7,2.5,-2.5,0.0,,,0.0,14.4,32.4,302.0,34.0,100.0,-1.6,1021.1,4.8,26382.92,ukmo_uk_deterministic_2km,51.507725,0.042434692
EGLC,2023-11-26,8.5,0.6,4.1,7.3,-2.7,6.0,6.0,,5.0,12.6,26.6,222.0,95.0,100.0,1.8,1015.7,1.18,3600.0,ukmo_uk_deterministic_2km,51.507725,0.042434692
EGLC,2023-11-27,9.8,5.3,8.1,8.0,1.7,10.3,10.3,,10.0,18.4,38.5,295.0,100.0,100.0,6.8,1000.4,0.58,0.0,ukmo_uk_deterministic_2km,51.507725,0.042434692
EGLC,2023-11-28,7.1,3.6,5.3,4.3,0.6,0.0,0.0,,0.0,15.8,34.6,328.0,57.0,98.0,2.6,1008.7,3.71,20972.07,ukmo_uk_deterministic_2km,51.507725,0.042434692
EGLC,2023-11-29,5.6,1.3,3.5,2.4,-1.8,0.1,0.1,,1.0,11.5,23.8,326.0,77.0,100.0,0.1,1005.2,3.05,10173.76,ukmo_uk_deterministic_2km,51.507725,0.042434692
EGLC,2023-11-30,5.1,-1.6,1.1,0.9,-5.3,0.0,0.0,,0.0,14.0,29.9,24.0,49.0,100.0,-1.4,1003.0,1.95,4255.76,ukmo_uk_deterministic_2km,51.507725,0.042434692
EGLC,2023-12-01,4.3,-1.0,0.7,0.8,-4.5,0.0,0.0,,0.0,12.6,26.3,3.0,45.0,100.0,-1.0,1008.0,1.8,8442.83,ukmo_uk_deterministic_2km,51.507725,0.042434692
EGLC,2023-12-02,0.5,-2.1,-0.6,-2.8,-5.5,0.0,0.0,,0.0,8.3,18.4,294.0,97.0,100.0,-1.8,1015.7,2.18,0.0,ukmo_uk_deterministic_2km,51.507725,0.042434692
EGLC,2023-12-03,8.0,-2.6,4.7,5.4,-6.3,5.1,5.1,,8.0,18.4,38.2,173.0,98.0,100.0,3.4,1011.5,0.52,0.0,ukmo_uk_deterministic_2km,51.507725,0.042434692
EGLC,2023-12-04,7.7,5.8,6.4,4.7,1.4,1.2,1.2,,7.0,21.2,45.4,123.0,100.0,100.0,5.1,998.3,0.53,0.0,ukmo_uk_deterministic_2km,51.507725,0.042434692
EGLC,2023-12-05,6.8,5.1,5.9,3.6,2.0,3.5,3.5,,9.0,14.8,32.0,343.0,93.0,100.0,4.5,1007.3,0.46,0.0,ukmo_uk_deterministic_2km,51.507725,0.042434692
EGLC,2023-12-06,6.2,1.5,3.7,3.8,-1.3,0.0,0.0,,0.0,9.4,20.2,358.0,76.0,100.0,1.5,1017.4,3.61,21039.43,ukmo_uk_deterministic_2km,51.507725,0.042434692
EGLC,2023-12-07,8.2,4.2,6.7,5.5,1.2,1.1,1.1,,5.0,19.4,42.1,145.0,100.0,100.0,4.3,1008.7,1.45,0.0,ukmo_uk_deterministic_2km,51.507725,0.042434692
EGLC,2023-12-08,11.7,7.1,9.2,8.5,4.9,0.0,0.0,,0.0,17.6,37.1,224.0,57.0,100.0,6.6,1004.3,3.13,21701.78,ukmo_uk_deterministic_2km,51.507725,0.042434692
EGLC,2023-12-09,13.2,8.9,10.3,10.0,4.2,10.1,10.1,,6.0,32.4,69.1,227.0,75.0,100.0,6.8,997.2,1.51,7886.29,ukmo_uk_deterministic_2km,51.507725,0.042434692
EGLC,2023-12-10,11.8,8.6,10.2,8.8,4.1,2.5,2.5,,4.0,30.2,64.4,236.0,44.0,100.0,6.2,1001.7,0.74,224.2,ukmo_uk_deterministic_2km,51.507725,0.042434692
EGLC,2023-12-11,11.6,7.4,10.3,7.6,5.4,0.0,0.0,,0.0,33.5,70.9,248.0,44.0,85.0,5.6,1002.9,3.14,21734.86,ukmo_uk_deterministic_2km,51.507725,0.042434692
EGLC,2023-12-12,11.2,7.8,9.5,9.4,5.8,13.1,13.1,,9.0,19.1,40.0,206.0,94.0,100.0,8.0,998.8,0.94,6406.7,ukmo_uk_deterministic_2km,51.507725,0.042434692
EGLC,2023-12-13,8.6,6.3,7.6,6.3,1.8,0.7,0.7,,3.0,23.8,51.1,329.0,100.0,100.0,5.8,1001.7,0.46,0.0,ukmo_uk_deterministic_2km,51.507725,0.042434692
EGLC,2023-12-14,8.4,3.7,6.1,6.6,0.7,0.1,0.1,,1.0,13.7,29.9,270.0,99.0,100.0,4.2,1020.9,0.57,0.0,ukmo_uk_deterministic_2km,51.507725,0.042434692
EGLC,2023-12-15,9.5,6.3,7.9,6.8,4.0,0.0,0.0,,0.0,13.0,26.6,238.0,93.0,100.0,4.5,1035.0,3.08,17024.59,ukmo_uk_deterministic_2km,51.507725,0.042434692
EGLC,2023-12-16,11.1,7.4,9.8,8.6,4.4,0.0,0.0,,0.0,19.1,40.0,239.0,96.0,100.0,7.6,1038.3,1.2,0.0,ukmo_uk_deterministic_2km,51.507725,0.042434692
EGLC,2023-12-17,11.1,9.2,10.1,7.9,5.7,0.0,0.0,,0.0,23.8,50.8,231.0,79.0,100.0,6.5,1034.1,2.48,13558.86,ukmo_uk_deterministic_2km,51.507725,0.042434692
EGLC,2023-12-18,12.3,10.2,11.2,9.6,6.5,0.0,0.0,,0.0,20.9,45.0,231.0,94.0,100.0,7.4,1028.4,1.61,7200.0,ukmo_uk_deterministic_2km,51.507725,0.042434692
EGLC,2023-12-19,12.8,6.5,10.5,10.3,2.6,19.0,19.0,,13.0,23.0,49.0,256.0,84.0,100.0,8.7,1020.3,0.25,0.0,ukmo_uk_deterministic_2km,51.507725,0.042434692
EGLC,2023-12-20,10.9,5.7,8.4,6.9,1.6,0.0,0.0,,0.0,24.1,51.1,255.0,51.0,100.0,5.1,1018.1,1.63,7685.87,ukmo_uk_deterministic_2km,51.507725,0.042434692
EGLC,2023-12-21,14.0,11.0,12.2,9.3,6.4,0.1,0.1,,1.0,29.2,62.6,272.0,99.0,100.0,6.7,1007.6,0.99,3600.0,ukmo_uk_deterministic_2km,51.507725,0.042434692
EGLC,2023-12-22,12.4,9.7,11.2,7.7,5.8,0.3,0.3,,3.0,27.4,58.3,274.0,99.0,100.0,5.9,1012.0,0.52,0.0,ukmo_uk_deterministic_2km,51.507725,0.042434692
EGLC,2023-12-23,12.2,9.6,10.9,7.8,5.2,0.0,0.0,,0.0,27.4,58.7,259.0,100.0,100.0,6.0,1012.9,1.6,5752.67,ukmo_uk_deterministic_2km,51.507725,0.042434692
EGLC,2023-12-24,15.0,11.4,13.4,10.8,7.1,2.3,2.3,,4.0,31.7,67.7,246.0,100.0,100.0,10.2,1005.8,0.58,0.0,ukmo_uk_deterministic_2km,51.507725,0.042434692
EGLC,2023-12-25,14.0,11.8,12.8,10.7,8.4,6.3,6.3,,10.0,24.5,52.6,246.0,100.0,100.0,10.4,1006.9,0.64,0.0,ukmo_uk_deterministic_2km,51.507725,0.042434692
EGLC,2023-12-26,11.3,5.7,8.5,7.9,3.5,0.1,0.1,,1.0,21.6,46.1,259.0,68.0,100.0,4.7,1014.8,3.15,20220.52,ukmo_uk_deterministic_2km,51.507725,0.042434692
EGLC,2023-12-27,12.1,6.1,10.0,8.4,3.4,4.7,4.7,,7.0,34.6,74.2,196.0,99.0,100.0,7.8,1007.8,0.39,0.0,ukmo_uk_deterministic_2km,51.507725,0.042434692
EGLC,2023-12-28,12.6,11.2,11.9,7.5,6.5,0.7,0.7,,1.0,32.4,68.8,226.0,86.0,100.0,6.9,1005.1,0.77,0.0,ukmo_uk_deterministic_2km,51.507725,0.042434692
EGLC,2023-12-29,11.5,8.2,10.4,7.4,4.0,0.0,0.0,,0.0,27.4,58.7,245.0,81.0,100.0,5.1,1006.7,1.2,3600.0,ukmo_uk_deterministic_2km,51.507725,0.042434692
EGLC,2023-12-30,12.2,6.9,9.8,8.4,3.6,0.1,0.1,,1.0,32.0,68.4,200.0,99.0,100.0,6.6,1005.7,0.57,0.0,ukmo_uk_deterministic_2km,51.507725,0.042434692
EGLC,2023-12-31,11.7,6.9,8.9,6.9,2.6,8.3,8.3,,15.0,32.8,71.3,217.0,96.0,100.0,5.5,989.5,1.38,7261.96,ukmo_uk_deterministic_2km,51.507725,0.042434692
EGLC,2024-01-01,10.2,7.5,8.7,6.9,3.1,4.9,4.9,,7.0,27.7,59.0,226.0,81.0,100.0,4.7,999.8,2.47,5227.47,ukmo_uk_deterministic_2km,51.507725,0.042434692
EGLC,2024-01-02,13.5,10.8,11.8,10.4,3.9,7.2,7.2,,11.0,46.8,100.1,234.0,99.0,100.0,9.0,986.0,0.28,0.0,ukmo_uk_deterministic_2km,51.507725,0.042434692
EGLC,2024-01-03,11.6,9.3,10.3,7.3,5.2,4.1,4.1,,8.0,25.6,55.1,247.0,90.0,100.0,6.4,990.5,1.37,6269.14,ukmo_uk_deterministic_2km,51.507725,0.042434692
EGLC,2024-01-04,9.4,6.6,8.4,7.2,2.6,18.6,18.6,,6.0,21.6,46.4,228.0,84.0,100.0,5.6,999.5,1.8,7130.16,ukmo_uk_deterministic_2km,51.507725,0.042434692
EGLC,2024-01-05,8.7,5.2,6.7,6.8,0.5,0.6,0.6,,3.0,26.6,57.2,313.0,99.0,100.0,4.3,1000.4,1.22,0.0,ukmo_uk_deterministic_2km,51.507725,0.042434692
EGLC,2024-01-06,6.7,4.3,5.6,3.3,0.5,0.0,0.0,,0.0,16.6,36.0,347.0,92.0,100.0,2.8,1015.7,1.87,10014.56,ukmo_uk_deterministic_2km,51.507725,0.042434692
EGLC,2024-01-07,4.8,2.2,3.4,0.3,-1.9,0.0,0.0,,0.0,19.4,43.2,13.0,58.0,100.0,-1.0,1026.5,2.64,10156.78,ukmo_uk_deterministic_2km,51.507725,0.042434692
EGLC,2024-01-08,3.4,1.6,2.7,-0.9,-3.9,0.0,0.0,,0.0,20.9,45.0,42.0,89.0,100.0,-2.8,1031.7,1.57,1431.87,ukmo_uk_deterministic_2km,51.507725,0.042434692
EGLC,2024-01-09,4.2,1.8,2.7,-1.2,-3.4,0.0,0.0,,0.0,24.5,53.6,62.0,47.0,100.0,-2.9,1030.8,4.11,23493.35,ukmo_uk_deterministic_2km,51.507725,0.042434692
EGLC,2024-01-10,5.8,0.3,2.4,0.3,-4.2,0.0,0.0,,0.0,20.2,43.6,35.0,15.0,79.0,-3.5,1029.4,4.31,24645.22,ukmo_uk_deterministic_2km,51.507725,0.042434692
EGLC,2024-01-11,4.6,-0.4,2.4,1.5,-4.5,0.0,0.0,,0.0,16.6,35.6,30.0,59.0,100.0,-0.2,1036.0,2.76,13881.2,ukmo_uk_deterministic_2km,51.507725,0.042434692
EGLC,2024-01-12,5.8,4.3,5.1,2.8,1.0,0.0,0.0,,0.0,14.4,31.0,26.0,99.0,100.0,1.9,1035.9,1.39,0.0,ukmo_uk_deterministic_2km,51.507725,0.042434692
EGLC,2024-01-13,4.5,1.1,3.3,2.1,-2.7,0.0,0.0,,0.0,12.2,27.4,268.0,96.0,100.0,0.2,1025.8,2.23,1149.67,ukmo_uk_deterministic_2km,51.507725,0.042434692
EGLC,2024-01-14,6.2,3.2,4.4,2.4,-0.4,0.0,0.0,,0.0,16.2,34.6,274.0,92.0,100.0,0.9,1013.4,2.6,8558.82,ukmo_uk_deterministic_2km,51.507725,0.042434692
EGLC,2024-01-15,3.7,-1.0,1.4,-0.7,-5.4,0.0,0.0,,0.0,17.3,38.2,306.0,22.0,74.0,-4.8,1010.9,4.71,24858.34,ukmo_uk_deterministic_2km,51.507725,0.042434692
EGLC,2024-01-16,4.7,-3.1,0.2,0.2,-7.3,0.0,0.0,,0.0,13.0,28.1,233.0,55.0,93.0,-5.7,1008.6,3.68,21124.55,ukmo_uk_deterministic_2km,51.507725,0.042434692
EGLC,2024-01-17,2.5,-0.6,0.9,-1.7,-4.1,0.0,0.0,,0.0,17.3,37.8,19.0,99.0,100.0,-2.9,993.7,1.3,0.0,ukmo_uk_deterministic_2km,51.507725,0.042434692
EGLC,2024-01-18,3.4,-3.7,-0.4,-1.0,-7.9,0.0,0.0,,0.0,15.1,32.8,312.0,12.0,59.0,-5.5,1006.1,4.65,25025.82,ukmo_uk_deterministic_2km,51.507725,0.042434692
EGLC,2024-01-19,5.9,-2.6,0.9,1.2,-6.6,0.0,0.0,,0.0,15.1,32.0,243.0,3.0,28.0,-3.6,1021.6,5.01,25087.66,ukmo_uk_deterministic_2km,51.507725,0.042434692
EGLC,2024-01-20,6.1,1.7,4.2,1.2,-2.0,0.0,0.0,,0.0,20.9,43.9,205.0,82.0,100.0,-1.7,1023.5,3.01,10697.57,ukmo_uk_deterministic_2km,51.507725,0.042434692
EGLC,2024-01-21,12.3,4.9,9.1,7.2,-0.3,1.5,1.4,,4.0,43.2,92.9,208.0,99.0,100.0,5.1,1011.0,2.4,272.33,ukmo_uk_deterministic_2km,51.507725,0.042434692
EGLC,2024-01-22,12.8,8.1,10.5,8.0,3.2,4.6,4.6,,5.0,42.8,91.1,240.0,57.0,100.0,5.5,1006.9,4.47,21686.52,ukmo_uk_deterministic_2km,51.507725,0.042434692
EGLC,2024-01-23,13.0,5.8,9.3,8.6,1.8,0.9,0.9,,5.0,35.6,76.0,227.0,69.0,100.0,6.6,1018.7,0.46,0.0,ukmo_uk_deterministic_2km,51.507725,0.042434692
EGLC,2024-01-24,13.4,8.8,11.5,9.2,5.5,0.3,0.3,,2.0,35.3,74.9,254.0,92.0,100.0,5.1,1022.1,4.05,13794.38,ukmo_uk_deterministic_2km,51.507725,0.042434692
EGLC,2024-01-25,12.9,5.9,9.8,10.1,3.9,0.0,0.0,,0.0,20.9,44.3,213.0,96.0,100.0,7.2,1025.6,2.45,309.92,ukmo_uk_deterministic_2km,51.507725,0.042434692
EGLC,2024-01-26,12.6,5.5,9.7,9.6,1.9,3.2,3.2,,4.0,27.7,58.7,254.0,36.0,100.0,3.1,1026.3,5.71,26374.55,ukmo_uk_deterministic_2km,51.507725,0.042434692
EGLC,2024-01-27,8.8,3.0,5.5,5.3,-0.3,0.0,0.0,,0.0,14.4,32.0,198.0,70.0,100.0,1.4,1033.2,3.46,8515.57,ukmo_uk_deterministic_2km,51.507725,0.042434692
EGLC,2024-01-28,12.0,2.7,6.7,9.3,-0.5,0.0,0.0,,0.0,10.4,21.2,150.0,95.0,100.0,3.6,1023.4,4.04,10800.0,ukmo_uk_deterministic_2km,51.507725,0.042434692
EGLC,2024-01-29,11.7,8.3,10.4,9.8,6.2,0.0,0.0,,0.0,14.8,30.2,184.0,98.0,100.0,8.3,1022.4,3.22,2748.74,ukmo_uk_deterministic_2km,51.507725,0.042434692
EGLC,2024-01-30,12.2,7.8,9.2,8.9,4.2,0.0,0.0,,0.0,23.0,49.3,250.0,99.0,100.0,5.2,1026.8,1.41,0.0,ukmo_uk_deterministic_2km,51.507725,0.042434692
EGLC,2024-01-31,12.0,7.0,8.8,8.1,2.8,0.0,0.0,,0.0,24.5,52.6,230.0,93.0,100.0,3.5,1029.9,3.49,3600.0,ukmo_uk_deterministic_2km,51.507725,0.042434692
EGLC,2024-02-01,11.0,5.2,8.1,8.8,1.7,0.4,0.4,,3.0,19.4,41.0,283.0,71.0,100.0,2.1,1032.0,6.06,22416.3,ukmo_uk_deterministic_2km,51.507725,0.042434692
EGLC,2024-02-02,13.3,5.5,9.6,9.3,1.5,0.0,0.0,,0.0,25.6,54.7,251.0,89.0,100.0,6.2,1029.4,3.5,2801.92,ukmo_uk_deterministic_2km,51.507725,0.042434692
EGLC,2024-02-03,13.2,11.1,12.1,10.6,7.5,0.1,0.1,,1.0,24.1,50.8,253.0,94.0,100.0,9.0,1027.0,2.43,0.0,ukmo_uk_deterministic_2km,51.507725,0.042434692
EGLC,2024-02-04,13.6,11.3,12.1,9.9,7.1,0.0,0.0,,0.0,27.0,57.6,254.0,98.0,100.0,9.1,1024.4,2.86,7200.0,ukmo_uk_deterministic_2km,51.507725,0.042434692
EGLC,2024-02-05,11.7,9.3,10.7,7.1,4.2,0.0,0.0,,0.0,30.2,65.9,245.0,67.0,100.0,5.9,1019.8,3.67,11232.89,ukmo_uk_deterministic_2km,51.507725,0.042434692
EGLC,2024-02-06,14.0,11.5,12.7,9.7,6.8,3.9,3.9,,3.0,32.0,69.1,237.0,99.0,100.0,8.0,1009.3,3.22,11213.91,ukmo_uk_deterministic_2km,51.507725,0.042434692
EGLC,2024-02-07,11.4,4.3,5.9,8.1,1.2,13.1,13.1,,10.0,22.3,47.5,73.0,100.0,100.0,4.1,1005.4,1.56,0.0,ukmo_uk_deterministic_2km,51.507725,0.042434692
EGLC,2024-02-08,11.6,5.2,7.5,10.2,1.2,15.2,15.2,,15.0,19.8,41.8,131.0,100.0,100.0,6.2,992.9,0.71,0.0,ukmo_uk_deterministic_2km,51.507725,0.042434692
EGLC,2024-02-09,12.9,10.5,11.3,9.7,7.2,7.1,7.1,,14.0,26.3,56.2,200.0,99.0,100.0,9.1,978.3,1.22,1914.93,ukmo_uk_deterministic_2km,51.507725,0.042434692
EGLC,2024-02-10,11.6,8.4,9.9,9.9,6.7,4.0,4.0,,8.0,11.5,24.1,183.0,98.0,100.0,7.9,983.0,1.68,547.62,ukmo_uk_deterministic_2km,51.507725,0.042434692
EGLC,2024-02-11,11.5,7.3,8.7,8.4,3.9,0.1,0.1,,1.0,14.8,31.7,286.0,87.0,100.0,5.8,990.1,3.72,11963.04,ukmo_uk_deterministic_2km,51.507725,0.042434692
EGLC,2024-02-12,10.4,4.2,7.0,6.1,1.0,0.0,0.0,,0.0,15.8,35.3,253.0,52.0,98.0,1.5,1004.9,7.26,25200.0,ukmo_uk_deterministic_2km,51.507725,0.042434692
EGLC,2024-02-13,12.0,5.8,8.4,9.4,2.1,1.9,1.9,,6.0,23.4,50.0,206.0,92.0,100.0,5.6,1011.8,1.14,4987.16,ukmo_uk_deterministic_2km,51.507725,0.042434692
EGLC,2024-02-14,13.8,12.0,12.8,11.2,9.2,0.7,0.7,,3.0,20.9,44.6,222.0,99.0,100.0,10.5,1012.4,2.28,0.0,ukmo_uk_deterministic_2km,51.507725,0.042434692
EGLC,2024-02-15,17.4,12.6,14.0,15.2,10.4,0.6,0.6,,3.0,16.6,35.6,196.0,98.0,100.0,10.2,1009.2,4.23,10272.92,ukmo_uk_deterministic_2km,51.507725,0.042434692
EGLC,2024-02-16,13.8,10.9,12.3,11.8,8.2,2.2,2.2,,4.0,20.2,43.6,260.0,72.0,100.0,7.8,1014.2,6.42,20594.94,ukmo_uk_deterministic_2km,51.507725,0.042434692
EGLC,2024-02-17,13.7,9.5,11.4,11.3,7.6,4.2,4.2,,3.0,20.5,45.0,215.0,82.0,100.0,8.2,1028.3,3.43,3312.71,ukmo_uk_deterministic_2km,51.507725,0.042434692
EGLC,2024-02-18,14.8,10.7,12.3,12.4,8.2,18.5,18.5,,12.0,19.8,42.5,251.0,85.0,100.0,9.4,1025.0,3.03,9221.75,ukmo_uk_deterministic_2km,51.507725,0.042434692
EGLC,2024-02-19,13.5,7.8,10.6,10.7,5.0,0.0,0.0,,0.0,19.4,41.0,266.0,80.0,100.0,6.3,1029.3,3.98,12370.94,ukmo_uk_deterministic_2km,51.507725,0.042434692
EGLC,2024-02-20,12.5,7.1,9.5,8.7,3.9,0.0,0.0,,0.0,22.0,47.9,230.0,96.0,100.0,6.0,1026.3,3.78,5813.2,ukmo_uk_deterministic_2km,51.507725,0.042434692
EGLC,2024-02-21,12.2,9.1,10.5,9.8,5.3,10.1,10.1,,11.0,27.7,59.8,216.0,98.0,100.0,8.0,1008.1,0.74,0.0,ukmo_uk_deterministic_2km,51.507725,0.042434692
EGLC,2024-02-22,11.5,4.7,8.7,8.8,-0.4,13.4,13.4,,8.0,28.8,62.3,236.0,86.0,100.0,6.4,986.2,0.79,0.0,ukmo_uk_deterministic_2km,51.507725,0.042434692
EGLC,2024-02-23,9.7,4.1,6.0,5.3,-0.3,2.1,2.0,,5.0,23.0,54.4,233.0,79.0,100.0,2.2,987.0,5.46,16061.09,ukmo_uk_deterministic_2km,51.507725,0.042434692
EGLC,2024-02-24,8.7,1.5,4.9,6.1,-1.5,0.5,0.5,,2.0,11.2,23.4,220.0,81.0,100.0,1.8,994.8,4.29,10659.85,ukmo_uk_deterministic_2km,51.507725,0.042434692
EGLC,2024-02-25,8.3,0.6,4.9,4.3,-2.8,4.2,4.2,,4.0,27.4,58.3,82.0,94.0,100.0,2.9,996.3,4.3,9507.96,ukmo_uk_deterministic_2km,51.507725,0.042434692
EGLC,2024-02-26,8.4,4.9,6.8,2.9,-0.3,1.7,1.7,,7.0,30.2,65.5,27.0,87.0,100.0,1.9,1007.8,6.34,7933.92,ukmo_uk_deterministic_2km,51.507725,0.042434692
EGLC,2024-02-27,9.0,2.6,6.0,5.3,-0.2,0.0,0.0,,0.0,15.5,33.5,280.0,86.0,100.0,1.6,1020.4,5.89,9997.12,ukmo_uk_deterministic_2km,51.507725,0.042434692
EGLC,2024-02-28,11.6,6.7,9.4,8.6,5.0,0.0,0.0,,0.0,20.2,43.2,216.0,99.0,100.0,6.5,1017.2,3.84,4082.5,ukmo_uk_deterministic_2km,51.507725,0.042434692
EGLC,2024-02-29,11.6,6.1,9.8,8.5,3.3,6.1,6.1,,8.0,22.0,46.8,224.0,100.0,100.0,7.5,1004.6,0.83,0.0,ukmo_uk_deterministic_2km,51.507725,0.042434692
EGLC,2024-03-01,8.9,3.8,5.7,4.9,-1.5,5.6,4.9,,9.0,29.9,64.4,187.0,83.0,100.0,2.6,994.5,4.95,7291.77,ukmo_uk_deterministic_2km,51.507725,0.042434692
EGLC,2024-03-02,8.5,3.9,6.0,4.8,0.6,6.8,6.5,,10.0,23.8,51.5,171.0,86.0,100.0,2.8,992.2,3.65,5044.2,ukmo_uk_deterministic_2km,51.507725,0.042434692
EGLC,2024-03-03,10.2,2.0,5.7,6.7,-0.7,0.0,0.0,,0.0,9.4,22.7,255.0,72.0,100.0,1.0,1002.2,8.71,23195.81,ukmo_uk_deterministic_2km,51.507725,0.042434692
EGLC,2024-03-04,11.2,1.9,6.8,7.1,-0.8,0.0,0.0,,0.0,21.2,46.4,162.0,68.0,100.0,1.9,1009.0,7.59,14071.01,ukmo_uk_deterministic_2km,51.507725,0.042434692
EGLC,2024-03-05,9.7,6.7,7.9,7.7,3.1,4.4,4.4,,5.0,18.0,39.2,54.0,99.0,100.0,5.3,1012.5,2.5,0.0,ukmo_uk_deterministic_2km,51.507725,0.042434692
EGLC,2024-03-06,11.3,5.4,7.6,8.6,3.6,0.0,0.0,,0.0,13.0,28.4,80.0,84.0,100.0,4.8,1021.0,6.17,10495.42,ukmo_uk_deterministic_2km,51.507725,0.042434692
EGLC,2024-03-07,10.8,5.7,7.8,7.2,2.5,0.0,0.0,,0.0,21.2,46.4,75.0,86.0,100.0,4.7,1020.6,5.65,4212.2,ukmo_uk_deterministic_2km,51.507725,0.042434692
EGLC,2024-03-08,9.5,5.0,7.0,4.8,1.6,0.0,0.0,,0.0,23.8,52.9,76.0,64.0,100.0,3.1,1007.6,11.5,29581.27,ukmo_uk_deterministic_2km,51.507725,0.042434692
EGLC,2024-03-09,11.7,7.1,9.2,7.8,3.5,0.2,0.2,,1.0,21.2,47.2,84.0,90.0,100.0,4.9,995.2,6.92,15750.26,ukmo_uk_deterministic_2km,51.507725,0.042434692
EGLC,2024-03-10,9.0,8.0,8.4,7.3,5.5,9.7,9.7,,14.0,13.7,29.9,90.0,100.0,100.0,7.3,995.2,0.93,0.0,ukmo_uk_deterministic_2km,51.507725,0.042434692
EGLC,2024-03-11,8.7,7.3,7.9,6.2,4.5,2.8,2.8,,7.0,15.1,32.8,336.0,100.0,100.0,6.0,1005.4,2.89,0.0,ukmo_uk_deterministic_2km,51.507725,0.042434692
EGLC,2024-03-12,13.2,7.5,10.1,11.4,5.0,18.1,18.1,,9.0,19.1,40.0,226.0,100.0,100.0,8.3,1011.3,1.17,0.0,ukmo_uk_deterministic_2km,51.507725,0.042434692
EGLC,2024-03-13,13.9,11.4,12.4,10.2,8.6,0.0,0.0,,0.0,24.8,54.4,226.0,98.0,100.0,8.7,1012.3,4.87,3600.0,ukmo_uk_deterministic_2km,51.507725,0.042434692
EGLC,2024-03-14,16.7,9.4,12.5,13.1,7.3,0.1,0.1,,1.0,22.7,49.7,208.0,84.0,100.0,8.4,1007.5,5.72,10537.03,ukmo_uk_deterministic_2km,51.507725,0.042434692
EGLC,2024-03-15,15.1,10.2,13.0,11.7,7.2,0.4,0.4,,2.0,23.8,52.2,230.0,92.0,100.0,9.0,1005.0,5.55,2164.86,ukmo_uk_deterministic_2km,51.507725,0.042434692
EGLC,2024-03-16,14.0,7.5,10.4,10.8,5.2,1.5,1.5,,2.0,15.1,33.5,222.0,84.0,100.0,4.3,1018.8,10.66,23356.26,ukmo_uk_deterministic_2km,51.507725,0.042434692
EGLC,2024-03-17,15.3,10.0,12.2,14.0,7.8,9.7,9.7,,7.0,18.4,40.0,200.0,97.0,100.0,9.7,1015.0,3.96,103.69,ukmo_uk_deterministic_2km,51.507725,0.042434692
EGLC,2024-03-18,14.6,9.5,11.8,12.1,7.2,0.0,0.0,,0.0,17.3,37.8,222.0,92.0,100.0,8.2,1014.6,6.83,10107.03,ukmo_uk_deterministic_2km,51.507725,0.042434692
EGLC,2024-03-19,13.2,11.0,12.0,10.7,7.7,0.0,0.0,,0.0,19.4,42.8,216.0,89.0,100.0,8.5,1015.5,3.02,3486.52,ukmo_uk_deterministic_2km,51.507725,0.042434692
EGLC,2024-03-20,17.0,10.8,13.5,15.7,9.2,0.1,0.1,,1.0,12.2,26.6,248.0,95.0,100.0,8.3,1018.2,7.69,9613.66,ukmo_uk_deterministic_2km,51.507725,0.042434692
EGLC,2024-03-21,16.7,8.2,12.4,13.9,6.4,0.0,0.0,,0.0,18.0,39.2,251.0,89.0,100.0,8.0,1024.1,9.59,14666.13,ukmo_uk_deterministic_2km,51.507725,0.042434692
EGLC,2024-03-22,12.1,8.3,10.8,9.2,4.0,2.9,2.9,,2.0,18.4,40.0,267.0,86.0,100.0,5.6,1017.9,1.99,0.0,ukmo_uk_deterministic_2km,51.507725,0.042434692
EGLC,2024-03-23,9.9,5.1,7.7,4.9,0.3,0.3,0.1,,3.0,26.6,60.5,268.0,67.0,100.0,0.3,1012.0,6.67,17892.73,ukmo_uk_deterministic_2km,51.507725,0.042434692
EGLC,2024-03-24,12.6,6.8,9.2,8.3,1.9,0.1,0.1,,1.0,23.0,50.0,279.0,59.0,100.0,0.8,1009.7,11.3,24774.67,ukmo_uk_deterministic_2km,51.507725,0.042434692
EGLC,2024-03-25,11.9,6.1,9.2,8.5,3.5,0.1,0.1,,1.0,17.3,38.2,143.0,97.0,100.0,3.1,1001.2,4.44,0.0,ukmo_uk_deterministic_2km,51.507725,0.042434692
EGLC,2024-03-26,13.4,8.0,10.1,10.9,4.9,12.6,12.6,,8.0,19.1,41.4,109.0,96.0,100.0,5.4,988.2,5.8,15088.35,ukmo_uk_deterministic_2km,51.507725,0.042434692
EGLC,2024-03-27,11.5,5.6,8.4,7.1,2.4,3.5,3.5,,3.0,25.9,57.2,186.0,85.0,100.0,4.4,981.2,7.24,18000.0,ukmo_uk_deterministic_2km,51.507725,0.042434692
EGLC,2024-03-28,10.8,5.6,8.6,5.5,1.5,11.5,11.4,,9.0,36.4,78.1,184.0,89.0,100.0,4.9,978.1,5.13,3809.32,ukmo_uk_deterministic_2km,51.507725,0.042434692
EGLC,2024-03-29,13.7,7.9,10.4,9.7,4.2,3.1,3.1,,6.0,25.6,56.5,205.0,88.0,100.0,5.7,987.4,6.29,10800.0,ukmo_uk_deterministic_2km,51.507725,0.042434692
EGLC,2024-03-30,15.3,6.1,10.2,12.0,4.1,3.1,3.1,,1.0,14.0,30.6,160.0,73.0,100.0,4.2,994.8,13.55,30547.28,ukmo_uk_deterministic_2km,51.507725,0.042434692
EGLC,2024-03-31,12.6,6.7,9.8,9.7,3.8,0.0,0.0,,0.0,18.7,40.7,72.0,87.0,100.0,6.9,993.8,7.25,8654.47,ukmo_uk_deterministic_2km,51.507725,0.042434692
EGLC,2024-04-01,13.7,8.5,10.9,10.3,5.2,0.0,0.0,,0.0,18.4,40.7,215.0,75.0,100.0,5.8,994.1,8.74,22207.47,ukmo_uk_deterministic_2km,51.507725,0.042434692
EGLC,2024-04-02,14.9,9.5,11.2,12.4,6.6,9.2,9.2,,13.0,22.0,47.2,212.0,94.0,100.0,7.2,1001.6,9.35,13520.98,ukmo_uk_deterministic_2km,51.507725,0.042434692
EGLC,2024-04-03,13.9,10.2,12.0,9.6,7.0,0.4,0.4,,2.0,28.4,61.9,224.0,94.0,100.0,7.8,1000.4,7.57,7916.45,ukmo_uk_deterministic_2km,51.507725,0.042434692
EGLC,2024-04-04,15.5,10.4,12.8,12.3,6.9,4.1,4.1,,8.0,27.4,59.8,226.0,96.0,100.0,8.5,1002.8,6.78,8628.12,ukmo_uk_deterministic_2km,51.507725,0.042434692
EGLC,2024-04-05,17.2,12.7,14.6,13.2,9.9,2.3,2.3,,7.0,29.9,66.2,211.0,92.0,100.0,9.6,1004.2,11.97,18247.6,ukmo_uk_deterministic_2km,51.507725,0.042434692
EGLC,2024-04-06,19.4,14.8,16.7,15.8,10.4,0.0,0.0,,0.0,31.7,68.8,187.0,81.0,100.0,9.6,1002.5,12.03,27862.76,ukmo_uk_deterministic_2km,51.507725,0.042434692
EGLC,2024-04-07,16.7,11.8,14.1,12.1,7.6,0.0,0.0,,0.0,29.2,65.5,213.0,59.0,100.0,6.9,1007.9,15.73,35006.62,ukmo_uk_deterministic_2km,51.507725,0.042434692
EGLC,2024-04-08,17.3,9.6,13.1,15.1,7.7,0.5,0.5,,1.0,20.2,44.3,169.0,85.0,100.0,8.3,1004.6,10.86,10800.0,ukmo_uk_deterministic_2km,51.507725,0.042434692
EGLC,2024-04-09,13.0,8.8,10.5,7.8,3.3,0.1,0.1,,1.0,30.6,67.7,242.0,70.0,100.0,3.9,1006.9,7.15,8508.17,ukmo_uk_deterministic_2km,51.507725,0.042434692
EGLC,2024-04-10,14.1,6.2,10.5,10.2,3.1,0.4,0.4,,1.0,23.8,52.6,220.0,70.0,100.0,6.3,1025.1,9.44,18290.22,ukmo_uk_deterministic_2km,51.507725,0.042434692
EGLC,2024-04-11,19.1,13.0,15.1,17.3,10.4,0.0,0.0,,0.0,19.4,42.5,230.0,93.0,100.0,11.2,1028.3,12.08,13256.16,ukmo_uk_deterministic_2km,51.507725,0.042434692
EGLC,2024-04-12,21.3,11.0,15.6,17.9,7.2,0.0,0.0,,0.0,24.5,54.4,233.0,97.0,100.0,9.1,1028.4,15.11,19354.75,ukmo_uk_deterministic_2km,51.507725,0.042434692
EGLC,2024-04-13,21.2,12.4,16.1,17.3,9.8,0.0,0.0,,0.0,23.0,50.0,239.0,88.0,100.0,9.1,1022.3,16.16,28860.96,ukmo_uk_deterministic_2km,51.507725,0.042434692
EGLC,2024-04-14,14.8,9.8,12.3,11.4,5.3,0.0,0.0,,0.0,21.2,46.4,268.0,73.0,100.0,3.2,1022.1,17.68,31267.48,ukmo_uk_deterministic_2km,51.507725,0.042434692
EGLC,2024-04-15,12.5,6.8,9.5,6.3,0.1,4.9,4.7,,7.0,38.2,85.3,262.0,70.0,100.0,2.8,1008.6,9.3,20630.46,ukmo_uk_deterministic_2km,51.507725,0.042434692
EGLC,2024-04-16,12.7,7.6,9.7,8.8,2.1,1.9,1.9,,4.0,29.2,62.6,309.0,85.0,100.0,3.4,1012.1,7.44,15190.37,ukmo_uk_deterministic_2km,51.507725,0.042434692
EGLC,2024-04-17,11.1,5.8,8.1,6.6,2.3,0.0,0.0,,0.0,19.8,44.3,309.0,79.0,100.0,1.0,1015.8,11.24,18000.0,ukmo_uk_deterministic_2km,51.507725,0.042434692
EGLC,2024-04-18,14.4,4.4,9.4,10.2,0.8,1.9,1.9,,4.0,23.0,50.0,303.0,71.0,100.0,1.7,1021.0,16.86,32764.79,ukmo_uk_deterministic_2km,51.507725,0.042434692
EGLC,2024-04-19,14.2,7.9,10.4,10.4,4.5,2.0,2.0,,4.0,23.8,51.8,302.0,94.0,100.0,5.2,1017.7,6.57,4330.04,ukmo_uk_deterministic_2km,51.507725,0.042434692
EGLC,2024-04-20,10.9,4.6,7.7,6.6,0.5,0.0,0.0,,0.0,16.9,41.4,354.0,65.0,100.0,-0.1,1027.6,13.35,31172.32,ukmo_uk_deterministic_2km,51.507725,0.042434692
EGLC,2024-04-21,11.6,5.1,8.2,7.2,1.0,0.0,0.0,,0.0,19.4,43.9,9.0,81.0,100.0,0.9,1029.5,11.61,18911.45,ukmo_uk_deterministic_2km,51.507725,0.042434692
EGLC,2024-04-22,9.9,3.3,7.3,7.0,0.4,0.5,0.5,,2.0,14.8,31.7,354.0,79.0,100.0,2.0,1028.1,5.71,10800.0,ukmo_uk_deterministic_2km,51.507725,0.042434692
EGLC,2024-04-23,11.6,6.1,8.0,8.2,3.9,0.3,0.3,,2.0,19.1,42.8,350.0,96.0,100.0,3.5,1022.6,9.22,13981.22,ukmo_uk_deterministic_2km,51.507725,0.042434692
EGLC,2024-04-24,9.7,5.2,7.6,5.7,1.9,0.0,0.0,,0.0,15.8,38.2,336.0,89.0,100.0,-0.1,1016.5,8.73,4651.2,ukmo_uk_deterministic_2km,51.507725,0.042434692
EGLC,2024-04-25,11.5,5.0,8.1,8.1,2.1,4.7,4.7,,5.0,15.8,38.2,266.0,94.0,100.0,2.3,1005.5,7.19,5911.38,ukmo_uk_deterministic_2km,51.507725,0.042434692
EGLC,2024-04-26,12.6,4.4,8.5,9.5,1.9,0.0,0.0,,0.0,16.9,37.4,77.0,98.0,100.0,1.5,1003.5,10.31,5319.66,ukmo_uk_deterministic_2km,51.507725,0.042434692
EGLC,2024-04-27,11.3,6.1,8.5,9.1,3.2,16.7,16.7,,13.0,18.0,39.2,48.0,100.0,100.0,6.0,1003.1,4.77,0.0,ukmo_uk_deterministic_2km,51.507725,0.042434692
EGLC,2024-04-28,12.2,7.6,9.2,8.8,3.3,16.7,16.7,,12.0,20.5,44.6,272.0,94.0,100.0,5.8,1004.1,5.35,4092.3,ukmo_uk_deterministic_2km,51.507725,0.042434692
EGLC,2024-04-29,16.3,6.8,11.9,12.9,4.3,0.0,0.0,,0.0,22.3,52.6,192.0,27.0,94.0,4.6,1015.0,21.57,45155.26,ukmo_uk_deterministic_2km,51.507725,0.042434692
EGLC,2024-04-30,18.8,8.1,13.7,15.9,6.3,0.0,0.0,,0.0,20.2,47.2,138.0,50.0,99.0,7.4,1011.8,16.02,35490.26,ukmo_uk_deterministic_2km,51.507725,0.042434692
EGLC,2024-05-01,19.9,11.0,15.4,19.1,10.3,0.0,0.0,,0.0,13.7,29.2,69.0,97.0,100.0,11.4,1007.4,8.38,4096.89,ukmo_uk_deterministic_2km,51.507725,0.042434692
EGLC,2024-05-02,16.5,11.5,13.5,15.4,8.9,0.6,0.6,,2.0,19.4,42.1,299.0,98.0,100.0,10.7,1001.9,8.62,3600.0,ukmo_uk_deterministic_2km,51.507725,0.042434692
EGLC,2024-05-03,13.2,9.6,11.0,11.7,6.5,7.9,7.9,,8.0,20.2,43.6,247.0,99.0,100.0,8.4,1008.4,2.76,0.0,ukmo_uk_deterministic_2km,51.507725,0.042434692
EGLC,2024-05-04,16.9,9.3,12.8,14.4,7.5,0.5,0.5,,3.0,12.2,30.6,170.0,74.0,100.0,7.0,1010.9,13.19,24693.73,ukmo_uk_deterministic_2km,51.507725,0.042434692
EGLC,2024-05-05,18.2,8.3,13.5,16.7,7.2,0.4,0.4,,1.0,15.1,36.0,157.0,80.0,100.0,7.7,1008.0,13.87,21600.0,ukmo_uk_deterministic_2km,51.507725,0.042434692
EGLC,2024-05-06,14.3,9.9,12.4,13.5,9.0,10.8,10.8,,9.0,16.6,36.0,29.0,98.0,100.0,10.5,1008.3,2.71,0.0,ukmo_uk_deterministic_2km,51.507725,0.042434692
EGLC,2024-05-07,19.1,10.5,15.0,17.2,9.2,0.4,0.4,,2.0,14.0,34.6,22.0,53.0,100.0,9.0,1020.9,20.11,47296.66,ukmo_uk_deterministic_2km,51.507725,0.042434692
EGLC,2024-05-08,19.5,9.8,14.3,18.1,8.4,0.0,0.0,,0.0,11.2,26.3,92.0,82.0,100.0,8.9,1028.8,21.46,37239.6,ukmo_uk_deterministic_2km,51.507725,0.042434692
EGLC,2024-05-09,23.7,10.7,17.1,22.8,9.2,0.0,0.0,,0.0,11.5,26.6,193.0,61.0,100.0,9.4,1026.5,23.16,46921.18,ukmo_uk_deterministic_2km,51.507725,0.042434692
EGLC,2024-05-10,22.9,13.2,17.9,22.8,12.2,0.0,0.0,,0.0,17.3,40.0,96.0,71.0,100.0,10.1,1023.5,23.22,47135.43,ukmo_uk_deterministic_2km,51.507725,0.042434692
EGLC,2024-05-11,21.6,10.3,15.7,20.5,8.6,0.0,0.0,,0.0,19.4,44.3,87.0,59.0,100.0,11.0,1020.9,21.6,32400.0,ukmo_uk_deterministic_2km,51.507725,0.042434692
EGLC,2024-05-12,25.6,12.3,19.1,25.8,11.4,0.0,0.0,,0.0,19.4,45.7,96.0,53.0,100.0,11.4,1012.9,22.37,38562.85,ukmo_uk_deterministic_2km,51.507725,0.042434692
EGLC,2024-05-13,18.8,12.8,16.3,17.0,11.3,0.0,0.0,,0.0,18.4,42.5,182.0,61.0,100.0,11.0,1007.3,14.76,29390.67,ukmo_uk_deterministic_2km,51.507725,0.042434692
EGLC,2024-05-14,16.9,14.2,15.6,15.6,12.9,5.7,5.7,,9.0,15.1,33.8,141.0,99.0,100.0,11.8,1001.7,5.4,0.0,ukmo_uk_deterministic_2km,51.507725,0.042434692
EGLC,2024-05-15,21.2,13.7,16.6,19.7,13.1,1.9,1.9,,2.0,14.0,37.4,127.0,60.0,100.0,10.9,1004.5,19.11,30440.03,ukmo_uk_deterministic_2km,51.507725,0.042434692
EGLC,2024-05-16,17.7,11.5,14.5,17.0,10.8,14.1,14.1,,5.0,13.0,28.4,203.0,88.0,100.0,11.2,1005.4,6.32,10995.03,ukmo_uk_deterministic_2km,51.507725,0.042434692
EGLC,2024-05-17,21.3,11.4,17.0,20.1,11.2,0.0,0.0,,0.0,8.3,21.2,126.0,87.0,100.0,9.2,1009.2,15.58,21858.16,ukmo_uk_deterministic_2km,51.507725,0.042434692
EGLC,2024-05-18,20.5,13.3,16.1,19.9,12.6,0.0,0.0,,0.0,12.2,27.7,8.0,84.0,100.0,11.6,1012.8,11.65,13164.03,ukmo_uk_deterministic_2km,51.507725,0.042434692
EGLC,2024-05-19,22.8,11.5,16.9,23.1,9.9,0.2,0.2,,1.0,15.5,33.5,19.0,52.0,98.0,9.5,1013.8,21.95,33367.27,ukmo_uk_deterministic_2km,51.507725,0.042434692
EGLC,2024-05-20,21.0,9.7,15.3,19.9,7.7,0.0,0.0,,0.0,14.0,30.6,38.0,61.0,100.0,9.2,1013.9,23.3,35101.85,ukmo_uk_deterministic_2km,51.507725,0.042434692
EGLC,2024-05-21,14.7,12.1,13.4,14.6,10.6,16.9,16.9,,10.0,13.7,30.6,349.0,98.0,100.0,11.4,1009.6,2.15,0.0,ukmo_uk_deterministic_2km,51.507725,0.042434692
EGLC,2024-05-22,15.1,13.3,14.1,14.0,12.1,11.8,11.8,,16.0,21.6,46.1,252.0,100.0,100.0,12.7,1006.8,3.09,0.0,ukmo_uk_deterministic_2km,51.507725,0.042434692
EGLC,2024-05-23,18.7,12.8,15.2,16.2,10.3,0.0,0.0,,0.0,17.6,39.2,259.0,78.0,100.0,9.2,1013.0,14.5,20027.03,ukmo_uk_deterministic_2km,51.507725,0.042434692
EGLC,2024-05-24,18.6,11.3,15.0,17.2,9.2,0.0,0.0,,0.0,9.7,24.8,234.0,62.0,100.0,6.7,1018.3,15.6,26437.28,ukmo_uk_deterministic_2km,51.507725,0.042434692
EGLC,2024-05-25,20.7,10.3,16.1,20.0,9.4,0.0,0.0,,0.0,12.6,32.4,148.0,39.0,100.0,7.8,1016.6,24.23,49464.36,ukmo_uk_deterministic_2km,51.507725,0.042434692
EGLC,2024-05-26,19.8,12.6,15.8,17.2,11.5,13.5,13.5,,10.0,23.0,51.5,205.0,76.0,100.0,10.4,1012.0,15.24,16012.31,ukmo_uk_deterministic_2km,51.507725,0.042434692
EGLC,2024-05-27,16.9,11.9,13.9,14.4,9.6,2.3,2.3,,2.0,19.8,43.6,227.0,83.0,100.0,8.1,1015.0,8.88,11092.61,ukmo_uk_deterministic_2km,51.507725,0.042434692
EGLC,2024-05-28,17.8,10.7,14.3,16.4,9.3,3.5,3.5,,6.0,25.2,54.7,211.0,86.0,100.0,11.8,1012.7,4.49,1785.44,ukmo_uk_deterministic_2km,51.507725,0.042434692
EGLC,2024-05-29,20.7,14.0,16.9,18.1,12.0,1.1,1.1,,3.0,18.7,44.6,265.0,82.0,100.0,9.7,1008.5,18.94,32068.28,ukmo_uk_deterministic_2km,51.507725,0.042434692
EGLC,2024-05-30,17.8,12.7,14.9,15.1,10.5,1.4,1.4,,4.0,19.8,44.6,317.0,98.0,100.0,9.3,1010.2,6.73,2379.27,ukmo_uk_deterministic_2km,51.507725,0.042434692
EGLC,2024-05-31,13.8,12.4,13.1,10.9,9.0,0.4,0.4,,4.0,25.2,55.1,345.0,97.0,100.0,9.2,1018.3,3.9,454.25,ukmo_uk_deterministic_2km,51.507725,0.042434692
EGLC,2024-06-01,16.3,10.0,13.2,13.1,7.3,0.0,0.0,,0.0,20.9,47.5,360.0,83.0,100.0,8.3,1024.8,16.41,28701.66,ukmo_uk_deterministic_2km,51.507725,0.042434692
EGLC,2024-06-02,23.3,10.9,16.4,21.6,8.5,0.0,0.0,,0.0,15.5,34.6,13.0,50.0,100.0,9.0,1026.2,25.77,46800.0,ukmo_uk_deterministic_2km,51.507725,0.042434692
EGLC,2024-06-03,20.8,13.7,17.2,20.1,12.5,0.0,0.0,,0.0,11.9,29.9,318.0,84.0,100.0,11.2,1021.0,14.02,18366.33,ukmo_uk_deterministic_2km,51.507725,0.042434692
EGLC,2024-06-04,20.5,12.1,17.4,17.8,10.0,0.2,0.2,,2.0,22.0,47.9,247.0,96.0,100.0,11.6,1011.7,10.8,7200.0,ukmo_uk_deterministic_2km,51.507725,0.042434692
EGLC,2024-06-05,17.3,9.4,13.9,13.7,7.0,0.0,0.0,,0.0,17.3,44.6,280.0,63.0,100.0,4.0,1013.8,21.88,46768.32,ukmo_uk_deterministic_2km,51.507725,0.042434692
EGLC,2024-06-06,17.9,11.2,14.9,14.9,8.8,0.0,0.0,,0.0,13.7,33.8,261.0,76.0,100.0,5.1,1016.9,13.42,19440.99,ukmo_uk_deterministic_2km,51.507725,0.042434692
EGLC,2024-06-07,19.7,10.6,15.6,17.0,8.3,0.0,0.0,,0.0,19.1,41.8,252.0,68.0,100.0,6.6,1018.0,19.73,34200.51,ukmo_uk_deterministic_2km,51.507725,0.042434692
EGLC,2024-06-08,19.1,11.7,15.5,16.2,9.3,0.0,0.0,,0.0,17.6,41.0,280.0,59.0,100.0,7.3,1013.3,12.96,30693.75,ukmo_uk_deterministic_2km,51.507725,0.042434692
EGLC,2024-06-09,16.6,10.2,14.2,13.6,7.5,0.0,0.0,,0.0,15.8,39.2,281.0,63.0,100.0,5.1,1012.8,15.94,25200.0,ukmo_uk_deterministic_2km,51.507725,0.042434692
EGLC,2024-06-10,14.7,10.5,12.5,12.1,6.9,8.5,8.5,,9.0,20.2,46.1,309.0,93.0,100.0,8.0,1010.9,7.21,3855.48,ukmo_uk_deterministic_2km,51.507725,0.042434692
EGLC,2024-06-11,14.5,8.8,12.0,12.3,6.3,0.0,0.0,,0.0,12.6,30.2,328.0,87.0,100.0,6.1,1018.3,8.68,1067.94,ukmo_uk_deterministic_2km,51.507725,0.042434692
EGLC,2024-06-12,16.0,8.4,13.0,13.8,6.9,0.0,0.0,,0.0,10.8,23.4,246.0,92.0,100.0,5.3,1020.7,10.52,6793.07,ukmo_uk_deterministic_2km,51.507725,0.042434692
EGLC,2024-06-13,17.3,10.0,13.8,13.9,7.8,0.1,0.1,,1.0,20.2,45.4,205.0,81.0,100.0,6.8,1013.4,13.23,15051.61,ukmo_uk_deterministic_2km,51.507725,0.042434692
EGLC,2024-06-14,18.4,11.9,15.3,15.6,8.6,0.2,0.2,,1.0,24.8,55.4,209.0,89.0,100.0,9.5,1001.5,9.5,16286.93,ukmo_uk_deterministic_2km,51.507725,0.042434692
EGLC,2024-06-15,16.8,10.8,13.6,13.5,7.5,5.6,5.6,,6.0,27.4,59.8,225.0,91.0,100.0,9.3,999.5,11.02,12807.77,ukmo_uk_deterministic_2km,51.507725,0.042434692
EGLC,2024-06-16,20.7,12.0,16.0,18.3,9.5,0.6,0.6,,2.0,19.1,41.4,233.0,73.0,100.0,8.3,1002.3,21.01,28988.43,ukmo_uk_deterministic_2km,51.507725,0.042434692
EGLC,2024-06-17,22.1,11.9,17.5,20.3,10.3,0.0,0.0,,0.0,12.2,34.6,250.0,60.0,100.0,8.1,1009.7,26.01,46800.0,ukmo_uk_deterministic_2km,51.507725,0.042434692
EGLC,2024-06-18,21.5,14.1,18.0,20.2,13.0,0.0,0.0,,0.0,15.8,37.1,21.0,84.0,100.0,10.5,1014.0,18.39,34671.45,ukmo_uk_deterministic_2km,51.507725,0.042434692
EGLC,2024-06-19,20.1,12.5,15.8,18.5,10.1,0.0,0.0,,0.0,18.4,42.5,59.0,80.0,100.0,9.5,1020.6,19.0,40627.84,ukmo_uk_deterministic_2km,51.507725,0.042434692
EGLC,2024-06-20,21.7,10.1,16.4,20.8,8.6,0.0,0.0,,0.0,14.8,33.1,78.0,20.0,100.0,9.1,1020.0,25.91,46800.0,ukmo_uk_deterministic_2km,51.507725,0.042434692
EGLC,2024-06-21,24.2,11.7,18.3,23.3,10.9,0.0,0.0,,0.0,22.0,48.2,231.0,41.0,100.0,9.6,1013.4,24.0,46988.53,ukmo_uk_deterministic_2km,51.507725,0.042434692
EGLC,2024-06-22,22.6,14.7,18.2,20.6,13.1,0.1,0.1,,1.0,16.9,37.4,250.0,77.0,100.0,10.9,1012.7,13.04,23715.6,ukmo_uk_deterministic_2km,51.507725,0.042434692
EGLC,2024-06-23,24.2,14.0,19.8,24.5,12.9,0.0,0.0,,0.0,11.9,25.9,254.0,43.0,100.0,11.1,1019.0,23.1,40384.66,ukmo_uk_deterministic_2km,51.507725,0.042434692
EGLC,2024-06-24,26.8,17.8,22.4,27.3,18.7,0.0,0.0,,0.0,15.1,34.2,138.0,44.0,90.0,14.3,1019.0,23.37,46800.0,ukmo_uk_deterministic_2km,51.507725,0.042434692
EGLC,2024-06-25,28.3,16.2,22.6,29.4,16.9,0.0,0.0,,0.0,15.8,37.1,93.0,8.0,54.0,13.7,1015.8,27.01,54000.0,ukmo_uk_deterministic_2km,51.507725,0.042434692
EGLC,2024-06-26,28.5,16.9,23.1,29.9,16.8,0.0,0.0,,0.0,13.7,30.6,117.0,14.0,63.0,14.2,1011.9,25.42,54000.0,ukmo_uk_deterministic_2km,51.507725,0.042434692
EGLC,2024-06-27,24.4,16.7,21.3,22.6,13.1,0.0,0.0,,0.0,20.9,48.2,255.0,63.0,100.0,12.1,1008.8,21.61,41371.14,ukmo_uk_deterministic_2km,51.507725,0.042434692
EGLC,2024-06-28,20.7,13.5,17.4,18.4,10.5,0.0,0.0,,0.0,20.9,45.0,252.0,50.0,98.0,8.2,1015.4,19.61,34309.89,ukmo_uk_deterministic_2km,51.507725,0.042434692
EGLC,2024-06-29,24.1,13.5,19.0,22.9,12.0,0.0,0.0,,0.0,9.0,22.7,288.0,68.0,100.0,7.8,1014.0,22.83,38544.28,ukmo_uk_deterministic_2km,51.507725,0.042434692
EGLC,2024-06-30,19.7,14.6,17.5,18.4,13.8,0.1,0.1,,1.0,15.5,35.3,324.0,89.0,100.0,10.4,1012.8,9.57,12899.82,ukmo_uk_deterministic_2km,51.507725,0.042434692
EGLC,2024-07-01,19.8,14.5,17.0,17.8,12.4,0.0,0.0,,0.0,16.2,37.1,293.0,95.0,100.0,9.1,1017.4,13.8,23756.94,ukmo_uk_deterministic_2km,51.507725,0.042434692
EGLC,2024-07-02,18.2,13.7,15.8,16.6,11.1,0.5,0.5,,2.0,15.1,33.8,315.0,95.0,100.0,9.8,1017.7,6.35,3724.4,ukmo_uk_deterministic_2km,51.507725,0.042434692
EGLC,2024-07-03,18.9,12.8,16.0,17.1,12.3,2.9,2.9,,5.0,18.7,40.7,226.0,98.0,100.0,11.2,1009.4,7.47,172.56,ukmo_uk_deterministic_2km,51.507725,0.042434692
EGLC,2024-07-04,20.7,13.3,17.1,17.0,10.8,0.0,0.0,,0.0,23.8,53.6,266.0,64.0,100.0,6.9,1008.8,25.23,48135.86,ukmo_uk_deterministic_2km,51.507725,0.042434692
EGLC,2024-07-05,21.2,13.6,17.0,20.5,11.8,11.2,11.2,,12.0,20.9,45.0,226.0,96.0,100.0,12.9,1006.3,7.87,8187.9,ukmo_uk_deterministic_2km,51.507725,0.042434692
EGLC,2024-07-06,16.8,12.0,14.8,15.9,7.7,8.0,8.0,,10.0,30.2,65.9,251.0,84.0,100.0,10.3,1002.0,8.97,13382.24,ukmo_uk_deterministic_2km,51.507725,0.042434692
EGLC,2024-07-07,16.8,12.0,14.6,14.4,9.5,2.8,2.8,,4.0,22.0,49.0,228.0,83.0,100.0,9.4,1010.0,8.93,11526.16,ukmo_uk_deterministic_2km,51.507725,0.042434692
EGLC,2024-07-08,18.5,11.8,15.6,18.0,11.0,4.1,4.1,,8.0,14.8,33.8,171.0,83.0,100.0,11.3,1015.1,10.13,14826.79,ukmo_uk_deterministic_2km,51.507725,0.042434692
EGLC,2024-07-09,18.9,14.7,17.3,19.5,13.8,12.7,12.7,,11.0,17.3,37.4,159.0,100.0,100.0,15.6,1010.9,3.52,0.0,ukmo_uk_deterministic_2km,51.507725,0.042434692
EGLC,2024-07-10,21.8,16.0,18.5,19.5,14.6,0.0,0.0,,0.0,22.3,49.0,223.0,84.0,100.0,12.5,1012.2,12.23,17361.26,ukmo_uk_deterministic_2km,51.507725,0.042434692
EGLC,2024-07-11,23.1,14.1,18.5,21.5,12.5,0.4,0.4,,2.0,16.9,38.2,272.0,80.0,100.0,10.3,1016.9,20.39,39325.93,ukmo_uk_deterministic_2km,51.507725,0.042434692
EGLC,2024-07-12,17.8,13.7,15.7,16.1,11.7,0.0,0.0,,0.0,15.8,37.1,19.0,98.0,100.0,9.8,1016.7,10.02,7653.19,ukmo_uk_deterministic_2km,51.507725,0.042434692
EGLC,2024-07-13,19.7,13.0,16.0,18.5,10.9,0.0,0.0,,0.0,11.9,26.6,290.0,95.0,100.0,9.0,1013.9,7.37,3600.0,ukmo_uk_deterministic_2km,51.507725,0.042434692
EGLC,2024-07-14,21.7,13.3,17.9,19.8,12.6,0.0,0.0,,0.0,13.7,33.1,236.0,67.0,100.0,10.1,1011.8,16.91,31472.37,ukmo_uk_deterministic_2km,51.507725,0.042434692
EGLC,2024-07-15,22.5,13.1,18.1,21.9,12.7,15.0,15.0,,4.0,16.2,35.6,145.0,78.0,100.0,12.5,1008.7,13.23,17562.75,ukmo_uk_deterministic_2km,51.507725,0.042434692
EGLC,2024-07-16,21.7,15.0,18.4,20.4,14.5,0.3,0.3,,2.0,22.0,48.2,255.0,88.0,100.0,13.1,1009.2,13.58,17830.31,ukmo_uk_deterministic_2km,51.507725,0.042434692
EGLC,2024-07-17,24.3,15.0,19.8,23.5,14.9,0.0,0.0,,0.0,13.0,29.9,254.0,65.0,100.0,11.7,1019.6,22.5,44316.13,ukmo_uk_deterministic_2km,51.507725,0.042434692
EGLC,2024-07-18,27.7,15.8,21.8,27.1,15.6,0.0,0.0,,0.0,15.5,40.0,175.0,59.0,100.0,13.0,1020.3,23.43,41377.27,ukmo_uk_deterministic_2km,51.507725,0.042434692
EGLC,2024-07-19,30.6,16.6,24.5,32.0,17.4,0.0,0.0,,0.0,14.8,37.4,159.0,19.0,100.0,14.5,1016.1,25.11,51135.23,ukmo_uk_deterministic_2km,51.507725,0.042434692
EGLC,2024-07-20,24.5,18.3,21.3,24.2,18.2,0.0,0.0,,0.0,15.5,36.4,223.0,72.0,100.0,15.7,1008.5,14.6,25997.4,ukmo_uk_deterministic_2km,51.507725,0.042434692
EGLC,2024-07-21,23.7,18.4,20.7,22.9,17.4,0.1,0.1,,1.0,15.5,33.5,280.0,80.0,100.0,13.4,1009.7,13.91,16515.38,ukmo_uk_deterministic_2km,51.507725,0.042434692
EGLC,2024-07-22,23.6,15.2,19.4,22.2,14.0,0.0,0.0,,0.0,23.0,50.0,222.0,60.0,100.0,13.6,1014.5,12.47,22533.32,ukmo_uk_deterministic_2km,51.507725,0.042434692
EGLC,2024-07-23,23.6,17.6,20.0,22.7,17.2,0.5,0.5,,1.0,15.5,34.6,286.0,89.0,100.0,14.2,1017.3,10.77,12026.34,ukmo_uk_deterministic_2km,51.507725,0.042434692
EGLC,2024-07-24,24.4,16.0,20.0,23.6,16.0,0.2,0.2,,1.0,22.0,51.1,196.0,67.0,100.0,13.7,1020.2,16.56,33278.29,ukmo_uk_deterministic_2km,51.507725,0.042434692
EGLC,2024-07-25,20.1,16.3,18.2,20.1,15.5,1.0,1.0,,4.0,18.4,40.7,219.0,100.0,100.0,15.4,1011.7,4.76,0.0,ukmo_uk_deterministic_2km,51.507725,0.042434692
EGLC,2024-07-26,22.6,14.4,18.8,21.0,13.3,0.0,0.0,,0.0,16.6,37.1,249.0,73.0,100.0,11.6,1010.7,16.21,33918.99,ukmo_uk_deterministic_2km,51.507725,0.042434692
EGLC,2024-07-27,23.4,14.7,19.1,21.9,13.8,0.0,0.0,,0.0,15.5,37.1,284.0,44.0,100.0,9.7,1014.8,21.91,40581.22,ukmo_uk_deterministic_2km,51.507725,0.042434692
EGLC,2024-07-28,25.7,15.0,20.5,25.5,14.6,0.0,0.0,,0.0,13.0,31.0,122.0,13.0,55.0,10.7,1024.3,25.21,50743.99,ukmo_uk_deterministic_2km,51.507725,0.042434692
EGLC,2024-07-29,27.7,14.9,21.8,28.0,14.8,0.0,0.0,,0.0,19.4,42.8,96.0,5.0,80.0,12.8,1021.1,25.3,50240.56,ukmo_uk_deterministic_2km,51.507725,0.042434692
EGLC,2024-07-30,30.6,17.0,23.4,31.9,17.4,0.0,0.0,,0.0,18.0,41.8,73.0,26.0,98.0,14.4,1016.6,23.98,42317.33,ukmo_uk_deterministic_2km,51.507725,0.042434692
EGLC,2024-07-31,27.5,18.4,22.6,27.9,18.4,0.0,0.0,,0.0,19.1,44.6,80.0,23.0,100.0,14.0,1014.8,24.58,44376.55,ukmo_uk_deterministic_2km,51.507725,0.042434692
EGLC,2024-08-01,28.6,18.6,22.1,29.7,18.4,0.7,0.7,,1.0,18.4,40.0,83.0,56.0,100.0,16.0,1012.7,20.22,34791.57,ukmo_uk_deterministic_2km,51.507725,0.042434692
EGLC,2024-08-02,27.7,18.9,22.4,27.6,20.0,0.0,0.0,,0.0,17.3,37.8,256.0,65.0,99.0,15.8,1011.9,19.9,36139.51,ukmo_uk_deterministic_2km,51.507725,0.042434692
EGLC,2024-08-03,24.4,18.5,21.4,23.7,16.8,0.0,0.0,,0.0,18.7,43.6,253.0,80.0,100.0,13.0,1011.3,16.17,27894.72,ukmo_uk_deterministic_2km,51.507725,0.042434692
EGLC,2024-08-04,23.2,15.3,19.0,21.6,13.6,0.0,0.0,,0.0,16.2,35.6,265.0,80.0,100.0,9.2,1015.0,15.84,23561.3,ukmo_uk_deterministic_2km,51.507725,0.042434692
EGLC,2024-08-05,25.5,15.1,20.5,25.4,14.0,0.0,0.0,,0.0,16.6,40.7,226.0,55.0,90.0,14.0,1012.6,18.3,46072.13,ukmo_uk_deterministic_2km,51.507725,0.042434692
EGLC,2024-08-06,22.9,18.2,20.1,22.5,17.6,0.6,0.6,,2.0,18.4,41.0,220.0,74.0,100.0,14.7,1009.5,7.85,10680.59,ukmo_uk_deterministic_2km,51.507725,0.042434692
EGLC,2024-08-07,22.0,14.3,18.5,19.7,13.4,0.0,0.0,,0.0,20.2,47.2,246.0,54.0,100.0,10.5,1012.3,12.63,18691.41,ukmo_uk_deterministic_2km,51.507725,0.042434692
EGLC,2024-08-08,21.9,15.1,18.6,19.9,14.0,0.2,0.2,,1.0,22.7,51.8,217.0,70.0,100.0,13.4,1013.9,10.32,18239.75,ukmo_uk_deterministic_2km,51.507725,0.042434692
EGLC,2024-08-09,24.8,19.2,21.5,23.2,16.9,0.0,0.0,,0.0,22.0,50.0,251.0,53.0,100.0,13.1,1013.5,20.9,36000.0,ukmo_uk_deterministic_2km,51.507725,0.042434692
EGLC,2024-08-10,24.4,16.2,20.4,24.8,14.9,0.0,0.0,,0.0,16.9,39.6,242.0,39.0,91.0,13.6,1019.5,16.02,38238.54,ukmo_uk_deterministic_2km,51.507725,0.042434692
EGLC,2024-08-11,27.7,16.9,22.3,28.7,17.0,0.0,0.0,,0.0,19.4,44.3,88.0,25.0,89.0,15.4,1019.6,20.98,43200.0,ukmo_uk_deterministic_2km,51.507725,0.042434692
EGLC,2024-08-12,32.5,19.0,25.4,35.4,19.8,0.5,0.5,,1.0,16.6,40.0,161.0,16.0,100.0,18.1,1008.8,21.89,39614.72,ukmo_uk_deterministic_2km,51.507725,0.042434692
EGLC,2024-08-13,27.1,16.1,21.6,26.6,15.0,0.0,0.0,,0.0,15.5,35.6,245.0,52.0,100.0,11.9,1009.3,21.21,39660.41,ukmo_uk_deterministic_2km,51.507725,0.042434692
EGLC,2024-08-14,24.7,18.6,21.3,24.9,18.5,0.0,0.0,,0.0,12.6,28.1,273.0,92.0,100.0,14.9,1013.2,9.24,10128.35,ukmo_uk_deterministic_2km,51.507725,0.042434692
EGLC,2024-08-15,23.3,15.6,19.8,21.9,14.6,0.0,0.0,,0.0,24.5,56.2,231.0,77.0,100.0,14.4,1014.6,18.15,37566.17,ukmo_uk_deterministic_2km,51.507725,0.042434692
EGLC,2024-08-16,24.6,15.9,20.0,23.8,15.9,4.5,4.5,,3.0,14.0,31.7,294.0,52.0,100.0,13.0,1014.4,20.26,36000.0,ukmo_uk_deterministic_2km,51.507725,0.042434692
EGLC,2024-08-17,23.1,14.0,18.9,21.9,12.9,0.0,0.0,,0.0,11.2,25.9,302.0,27.0,100.0,8.9,1013.4,22.83,47043.63,ukmo_uk_deterministic_2km,51.507725,0.042434692
EGLC,2024-08-18,23.9,15.1,19.2,21.8,13.8,0.0,0.0,,0.0,15.1,36.4,278.0,35.0,100.0,9.7,1014.0,21.01,46800.0,ukmo_uk_deterministic_2km,51.507725,0.042434692
EGLC,2024-08-19,21.3,14.0,18.0,20.0,13.6,0.2,0.2,,1.0,20.9,47.2,222.0,70.0,100.0,11.3,1015.7,14.12,24068.53,ukmo_uk_deterministic_2km,51.507725,0.042434692
EGLC,2024-08-20,22.6,16.5,19.9,21.0,13.2,0.0,0.0,,0.0,22.7,51.5,248.0,72.0,100.0,12.1,1009.7,11.94,22235.04,ukmo_uk_deterministic_2km,51.507725,0.042434692
EGLC,2024-08-21,21.1,13.0,17.2,18.8,10.7,0.0,0.0,,0.0,20.2,45.4,248.0,54.0,100.0,8.9,1016.5,17.36,40972.24,ukmo_uk_deterministic_2km,51.507725,0.042434692
EGLC,2024-08-22,19.4,15.7,17.9,18.5,13.0,0.1,0.1,,1.0,26.6,60.8,217.0,88.0,100.0,13.8,1007.3,4.69,3600.0,ukmo_uk_deterministic_2km,51.507725,0.042434692
EGLC,2024-08-23,22.2,17.0,19.5,19.2,15.2,0.6,0.6,,3.0,29.5,67.3,234.0,71.0,100.0,11.5,1004.0,17.24,33891.22,ukmo_uk_deterministic_2km,51.507725,0.042434692
EGLC,2024-08-24,17.8,14.1,15.6,17.0,12.7,13.4,13.4,,12.0,14.0,32.0,224.0,86.0,100.0,12.9,1005.8,2.88,408.38,ukmo_uk_deterministic_2km,51.507725,0.042434692
EGLC,2024-08-25,21.0,11.2,16.0,17.3,9.0,0.0,0.0,,0.0,23.4,53.6,233.0,44.0,100.0,9.2,1017.7,18.12,33832.35,ukmo_uk_deterministic_2km,51.507725,0.042434692
EGLC,2024-08-26,23.0,15.6,18.8,21.0,14.6,0.0,0.0,,0.0,17.6,42.5,234.0,72.0,100.0,11.5,1019.0,16.59,37568.01,ukmo_uk_deterministic_2km,51.507725,0.042434692
EGLC,2024-08-27,25.5,15.8,20.2,23.9,15.7,0.0,0.0,,0.0,16.2,38.2,193.0,55.0,100.0,12.6,1018.1,16.66,38481.22,ukmo_uk_deterministic_2km,51.507725,0.042434692
EGLC,2024-08-28,28.6,14.6,21.7,28.2,14.3,0.0,0.0,,0.0,15.1,35.6,192.0,52.0,96.0,12.9,1013.2,17.47,34367.12,ukmo_uk_deterministic_2km,51.507725,0.042434692
EGLC,2024-08-29,22.4,15.1,19.0,20.0,14.0,0.0,0.0,,0.0,14.0,36.4,276.0,56.0,100.0,9.9,1017.7,16.83,38769.01,ukmo_uk_deterministic_2km,51.507725,0.042434692
EGLC,2024-08-30,22.2,12.9,17.6,20.5,11.6,0.0,0.0,,0.0,17.6,40.3,54.0,59.0,100.0,9.7,1022.9,14.94,25420.29,ukmo_uk_deterministic_2km,51.507725,0.042434692
EGLC,2024-08-31,21.0,15.2,17.7,18.2,13.6,0.0,0.0,,0.0,22.0,50.4,58.0,78.0,100.0,12.3,1022.3,9.95,18472.77,ukmo_uk_deterministic_2km,51.507725,0.042434692
EGLC,2024-09-01,27.1,17.2,21.3,27.6,17.7,0.0,0.0,,0.0,16.2,37.8,75.0,70.0,100.0,16.8,1014.0,16.37,33812.61,ukmo_uk_deterministic_2km,51.507725,0.042434692
EGLC,2024-09-02,21.6,19.0,20.2,22.2,20.1,0.0,0.0,,0.0,15.5,34.9,194.0,85.0,100.0,17.1,1010.5,5.71,1056.66,ukmo_uk_deterministic_2km,51.507725,0.042434692
EGLC,2024-09-03,23.4,17.1,19.3,23.2,17.6,0.0,0.0,,0.0,18.4,42.8,260.0,73.0,100.0,14.8,1012.6,13.22,29418.01,ukmo_uk_deterministic_2km,51.507725,0.042434692
EGLC,2024-09-04,19.7,14.5,17.4,18.3,13.7,0.0,0.0,,0.0,14.4,32.8,357.0,85.0,100.0,10.9,1016.7,9.89,22731.43,ukmo_uk_deterministic_2km,51.507725,0.042434692
EGLC,2024-09-05,20.5,14.1,17.2,22.1,12.9,1.2,1.2,,4.0,20.2,45.7,33.0,100.0,100.0,14.9,1012.7,2.79,0.0,ukmo_uk_deterministic_2km,51.507725,0.042434692
EGLC,2024-09-06,19.8,16.2,18.1,21.6,17.2,0.0,0.0,,0.0,14.0,31.7,248.0,100.0,100.0,16.5,1010.3,3.57,0.0,ukmo_uk_deterministic_2km,51.507725,0.042434692
EGLC,2024-09-07,20.3,14.4,17.6,21.2,15.1,0.0,0.0,,0.0,9.4,21.2,99.0,97.0,100.0,14.1,1010.0,6.66,4351.19,ukmo_uk_deterministic_2km,51.507725,0.042434692
EGLC,2024-09-08,20.5,15.1,17.5,20.9,15.6,21.0,21.0,,8.0,13.3,29.9,161.0,84.0,100.0,14.4,1004.6,10.76,20378.1,ukmo_uk_deterministic_2km,51.507725,0.042434692
EGLC,2024-09-09,17.3,14.3,15.6,16.2,12.0,0.0,0.0,,0.0,21.2,48.2,296.0,91.0,100.0,11.2,1009.4,5.18,2756.31,ukmo_uk_deterministic_2km,51.507725,0.042434692
EGLC,2024-09-10,19.2,10.9,14.6,15.8,8.6,2.1,2.1,,4.0,23.0,52.6,248.0,75.0,100.0,10.1,1008.8,4.72,3600.0,ukmo_uk_deterministic_2km,51.507725,0.042434692
EGLC,2024-09-11,15.1,9.3,11.6,11.0,6.6,1.1,1.0,,2.0,19.4,44.3,277.0,61.0,100.0,5.5,1009.4,10.78,25600.15,ukmo_uk_deterministic_2km,51.507725,0.042434692
EGLC,2024-09-12,13.8,8.2,10.8,10.5,5.3,2.3,2.3,,3.0,14.8,35.3,309.0,60.0,100.0,5.0,1016.2,6.7,14418.3,ukmo_uk_deterministic_2km,51.507725,0.042434692
EGLC,2024-09-13,16.8,6.7,11.9,14.0,4.0,0.0,0.0,,0.0,9.4,25.6,330.0,17.0,88.0,3.9,1027.8,15.6,40947.37,ukmo_uk_deterministic_2km,51.507725,0.042434692
EGLC,2024-09-14,19.2,8.7,14.2,16.6,7.0,0.0,0.0,,0.0,13.0,30.6,242.0,26.0,100.0,6.3,1030.4,15.99,40819.8,ukmo_uk_deterministic_2km,51.507725,0.042434692
EGLC,2024-09-15,19.8,10.7,15.3,18.0,9.0,0.6,0.6,,1.0,14.0,33.1,255.0,56.0,100.0,9.5,1027.2,13.19,28816.06,ukmo_uk_deterministic_2km,51.507725,0.042434692
EGLC,2024-09-16,20.6,12.9,16.2,18.7,11.6,0.0,0.0,,0.0,13.7,31.0,13.0,74.0,100.0,10.6,1028.3,12.15,26801.66,ukmo_uk_deterministic_2km,51.507725,0.042434692
EGLC,2024-09-17,21.2,10.9,15.9,18.9,9.3,0.0,0.0,,0.0,18.4,42.5,43.0,64.0,99.0,9.6,1030.6,12.37,33693.63,ukmo_uk_deterministic_2km,51.507725,0.042434692
EGLC,2024-09-18,24.2,15.5,18.8,22.7,14.0,0.0,0.0,,0.0,17.3,40.0,47.0,60.0,100.0,13.1,1027.9,12.85,22530.47,ukmo_uk_deterministic_2km,51.507725,0.042434692
EGLC,2024-09-19,25.5,16.2,19.7,23.9,15.3,0.0,0.0,,0.0,20.2,47.2,42.0,56.0,100.0,14.2,1024.6,12.09,27096.82,ukmo_uk_deterministic_2km,51.507725,0.042434692
EGLC,2024-09-20,23.0,15.9,18.7,22.0,14.8,0.0,0.0,,0.0,19.1,41.8,54.0,55.0,100.0,13.4,1021.1,12.42,32686.32,ukmo_uk_deterministic_2km,51.507725,0.042434692
EGLC,2024-09-21,23.5,15.8,19.0,22.6,15.5,0.0,0.0,,0.0,14.0,32.8,79.0,81.0,100.0,14.5,1017.7,8.74,22768.23,ukmo_uk_deterministic_2km,51.507725,0.042434692
EGLC,2024-09-22,21.5,16.2,18.3,21.9,16.8,20.2,20.2,,8.0,12.2,26.3,97.0,98.0,100.0,16.0,1012.2,4.89,4181.4,ukmo_uk_deterministic_2km,51.507725,0.042434692
EGLC,2024-09-23,19.2,15.3,17.0,18.4,14.4,16.1,16.1,,11.0,22.0,49.0,217.0,97.0,100.0,13.9,1004.4,5.89,4129.35,ukmo_uk_deterministic_2km,51.507725,0.042434692
EGLC,2024-09-24,17.2,14.1,15.2,15.1,11.9,2.5,2.5,,3.0,15.8,35.6,274.0,98.0,100.0,10.9,1003.1,4.26,3737.14,ukmo_uk_deterministic_2km,51.507725,0.042434692
EGLC,2024-09-25,17.3,11.4,14.3,15.4,10.3,5.4,5.4,,5.0,14.4,33.5,195.0,98.0,100.0,10.2,999.2,4.61,3005.64,ukmo_uk_deterministic_2km,51.507725,0.042434692
EGLC,2024-09-26,18.0,13.1,14.7,16.0,10.3,12.9,12.9,,9.0,27.4,60.8,228.0,87.0,100.0,11.8,987.4,7.2,17860.05,ukmo_uk_deterministic_2km,51.507725,0.042434692
EGLC,2024-09-27,13.1,8.4,11.3,10.0,5.4,9.7,9.7,,4.0,24.8,56.2,307.0,80.0,100.0,7.3,1000.4,2.04,0.0,ukmo_uk_deterministic_2km,51.507725,0.042434692
EGLC,2024-09-28,15.3,6.2,10.5,12.5,3.7,0.0,0.0,,0.0,15.1,36.0,279.0,25.0,67.0,4.1,1022.9,13.15,36436.86,ukmo_uk_deterministic_2km,51.507725,0.042434692
EGLC,2024-09-29,14.9,7.0,11.1,11.2,4.7,0.0,0.0,,0.0,22.3,50.4,131.0,78.0,100.0,5.9,1020.6,6.9,9449.32,ukmo_uk_deterministic_2km,51.507725,0.042434692
EGLC,2024-09-30,16.6,11.5,14.1,15.9,8.1,6.0,6.0,,9.0,26.6,61.2,214.0,99.0,100.0,11.6,1002.6,2.39,2330.61,ukmo_uk_deterministic_2km,51.507725,0.042434692
EGLC,2024-10-01,14.1,12.4,13.0,12.3,9.0,11.0,11.0,,6.0,23.8,54.4,283.0,98.0,100.0,10.2,1006.8,2.75,0.0,ukmo_uk_deterministic_2km,51.507725,0.042434692
EGLC,2024-10-02,15.7,12.6,14.0,14.6,10.1,2.6,2.6,,7.0,19.4,43.6,24.0,93.0,100.0,11.5,1012.9,3.93,3782.39,ukmo_uk_deterministic_2km,51.507725,0.042434692
EGLC,2024-10-03,15.2,9.7,12.1,13.4,7.8,0.0,0.0,,0.0,14.0,32.0,40.0,70.0,100.0,7.7,1021.1,8.06,23802.63,ukmo_uk_deterministic_2km,51.507725,0.042434692
EGLC,2024-10-04,16.6,7.1,11.7,14.8,5.7,0.0,0.0,,0.0,13.3,29.9,175.0,66.0,98.0,6.7,1021.3,10.1,25096.29,ukmo_uk_deterministic_2km,51.507725,0.042434692
EGLC,2024-10-05,17.4,8.8,12.9,15.0,7.3,0.0,0.0,,0.0,17.3,39.2,132.0,71.0,100.0,7.3,1015.4,10.84,28800.0,ukmo_uk_deterministic_2km,51.507725,0.042434692
EGLC,2024-10-06,15.3,11.6,13.5,15.0,9.6,0.4,0.4,,2.0,16.6,37.8,138.0,97.0,100.0,10.5,1001.1,3.56,2985.13,ukmo_uk_deterministic_2km,51.507725,0.042434692
EGLC,2024-10-07,18.9,12.1,15.1,17.0,10.9,3.6,3.6,,3.0,15.8,37.1,191.0,73.0,100.0,11.8,997.8,8.15,16035.13,ukmo_uk_deterministic_2km,51.507725,0.042434692
EGLC,2024-10-08,17.3,12.5,14.8,15.1,11.9,6.1,6.1,,10.0,19.1,41.4,185.0,78.0,100.0,12.0,993.1,6.22,14400.0,ukmo_uk_deterministic_2km,51.507725,0.042434692
EGLC,2024-10-09,16.3,13.0,14.3,15.2,10.7,2.3,2.3,,3.0,17.3,40.0,261.0,94.0,100.0,10.9,987.2,4.21,4178.83,ukmo_uk_deterministic_2km,51.507725,0.042434692
EGLC,2024-10-10,12.9,6.7,10.4,10.9,4.5,1.8,1.8,,6.0,18.7,42.8,347.0,92.0,100.0,6.5,1004.5,2.74,3600.0,ukmo_uk_deterministic_2km,51.507725,0.042434692
EGLC,2024-10-11,13.1,4.6,8.6,10.8,2.3,0.0,0.0,,0.0,8.3,22.7,233.0,42.0,98.0,2.9,1016.3,11.34,34605.16,ukmo_uk_deterministic_2km,51.507725,0.042434692
EGLC,2024-10-12,15.3,7.6,11.1,13.1,5.4,1.1,1.1,,2.0,18.4,41.8,223.0,85.0,100.0,6.7,1008.8,3.6,6578.57,ukmo_uk_deterministic_2km,51.507725,0.042434692
EGLC,2024-10-13,11.0,6.5,8.9,8.9,3.4,0.0,0.0,,0.0,16.9,38.2,260.0,90.0,100.0,2.9,1017.6,5.57,3823.51,ukmo_uk_deterministic_2km,51.507725,0.042434692
EGLC,2024-10-14,12.1,8.3,10.3,10.4,5.6,10.8,10.8,,8.0,16.2,36.7,85.0,98.0,100.0,8.3,1015.6,2.63,847.48,ukmo_uk_deterministic_2km,51.507725,0.042434692
EGLC,2024-10-15,17.0,11.2,13.6,16.4,10.1,0.1,0.1,,1.0,18.4,41.4,97.0,98.0,100.0,11.8,1014.2,4.91,3719.09,ukmo_uk_deterministic_2km,51.507725,0.042434692
EGLC,2024-10-16,21.9,14.7,17.7,21.4,13.8,0.0,0.0,,0.0,17.6,40.7,143.0,82.0,100.0,14.9,1003.0,6.77,24896.16,ukmo_uk_deterministic_2km,51.507725,0.042434692
EGLC,2024-10-17,18.6,13.0,16.2,18.0,12.5,2.4,2.4,,3.0,12.2,27.4,240.0,78.0,100.0,12.3,1009.2,7.23,18000.0,ukmo_uk_deterministic_2km,51.507725,0.042434692
EGLC,2024-10-18,17.1,9.5,12.8,15.5,8.1,0.0,0.0,,0.0,13.0,29.5,227.0,67.0,100.0,9.9,1014.2,7.39,21600.0,ukmo_uk_deterministic_2km,51.507725,0.042434692
EGLC,2024-10-19,17.5,12.0,14.5,15.3,10.9,4.8,4.8,,6.0,16.6,37.4,211.0,73.0,100.0,11.1,1011.4,5.62,16173.34,ukmo_uk_deterministic_2km,51.507725,0.042434692
EGLC,2024-10-20,17.6,11.9,14.5,15.9,10.7,0.4,0.4,,2.0,26.3,59.4,199.0,85.0,100.0,11.6,1011.1,1.33,1490.86,ukmo_uk_deterministic_2km,51.507725,0.042434692
EGLC,2024-10-21,15.2,11.2,13.4,14.0,9.6,0.0,0.0,,0.0,18.0,41.4,227.0,72.0,100.0,9.5,1020.4,2.69,5646.73,ukmo_uk_deterministic_2km,51.507725,0.042434692
EGLC,2024-10-22,16.3,9.1,12.5,14.6,7.5,0.0,0.0,,0.0,19.8,45.4,238.0,55.0,100.0,9.5,1027.9,7.21,25302.37,ukmo_uk_deterministic_2km,51.507725,0.042434692
EGLC,2024-10-23,16.7,10.8,13.8,15.6,9.7,0.0,0.0,,0.0,10.8,25.9,189.0,51.0,100.0,10.8,1031.2,6.49,25393.43,ukmo_uk_deterministic_2km,51.507725,0.042434692
EGLC,2024-10-24,18.2,9.2,13.1,16.4,7.9,0.0,0.0,,0.0,14.4,32.8,130.0,26.0,88.0,10.1,1020.1,8.47,32475.76,ukmo_uk_deterministic_2km,51.507725,0.042434692
EGLC,2024-10-25,16.8,12.6,14.4,16.7,11.9,0.3,0.3,,1.0,13.0,29.2,140.0,79.0,100.0,13.0,1014.2,2.29,1962.4,ukmo_uk_deterministic_2km,51.507725,0.042434692
EGLC,2024-10-26,14.8,9.6,12.4,15.0,8.8,0.0,0.0,,0.0,7.9,18.0,180.0,86.0,100.0,10.6,1016.3,1.94,0.0,ukmo_uk_deterministic_2km,51.507725,0.042434692
EGLC,2024-10-27,15.6,8.3,11.8,14.0,6.6,0.0,0.0,,0.0,12.2,28.1,243.0,57.0,100.0,8.1,1021.3,7.93,28927.11,ukmo_uk_deterministic_2km,51.507725,0.042434692
EGLC,2024-10-28,15.4,11.8,13.8,14.5,9.5,0.4,0.4,,2.0,17.6,40.3,229.0,94.0,100.0,11.4,1021.7,2.69,9969.92,ukmo_uk_deterministic_2km,51.507725,0.042434692
EGLC,2024-10-29,15.7,13.3,14.6,15.1,12.8,0.0,0.0,,0.0,10.8,24.8,261.0,93.0,100.0,12.1,1024.0,3.54,11998.02,ukmo_uk_deterministic_2km,51.507725,0.042434692
EGLC,2024-10-30,15.3,10.9,13.3,14.6,9.7,0.0,0.0,,0.0,7.9,18.0,4.0,76.0,100.0,10.0,1028.6,5.37,18065.06,ukmo_uk_deterministic_2km,51.507725,0.042434692
EGLC,2024-10-31,15.5,9.9,12.6,14.9,9.0,0.0,0.0,,0.0,6.5,14.8,333.0,84.0,100.0,9.0,1027.2,4.51,5854.24,ukmo_uk_deterministic_2km,51.507725,0.042434692
EGLC,2024-11-01,13.4,11.9,12.6,12.8,10.0,0.0,0.0,,0.0,13.7,31.0,291.0,99.0,100.0,8.5,1025.0,3.4,1118.39,ukmo_uk_deterministic_2km,51.507725,0.042434692
EGLC,2024-11-02,14.5,11.7,12.9,13.5,10.5,0.0,0.0,,0.0,13.0,29.2,70.0,97.0,100.0,10.2,1029.9,1.78,1010.29,ukmo_uk_deterministic_2km,51.507725,0.042434692
EGLC,2024-11-03,13.1,11.2,12.4,11.9,9.3,0.0,0.0,,0.0,12.6,28.4,94.0,97.0,100.0,8.6,1028.5,2.42,3380.21,ukmo_uk_deterministic_2km,51.507725,0.042434692
EGLC,2024-11-04,12.9,10.5,11.3,11.3,8.7,0.0,0.0,,0.0,10.1,24.1,92.0,93.0,100.0,7.8,1025.7,4.16,8099.74,ukmo_uk_deterministic_2km,51.507725,0.042434692
EGLC,2024-11-05,11.4,9.8,10.4,10.4,8.6,0.0,0.0,,0.0,5.0,12.6,165.0,95.0,100.0,7.8,1023.3,3.76,3964.92,ukmo_uk_deterministic_2km,51.507725,0.042434692
EGLC,2024-11-06,10.2,9.2,9.7,9.3,8.2,0.0,0.0,,0.0,6.1,14.8,71.0,100.0,100.0,8.4,1030.3,1.52,0.0,ukmo_uk_deterministic_2km,51.507725,0.042434692
EGLC,2024-11-07,12.1,9.5,10.4,10.5,7.6,0.0,0.0,,0.0,13.7,29.9,95.0,100.0,100.0,8.5,1030.8,1.75,0.0,ukmo_uk_deterministic_2km,51.507725,0.042434692
EGLC,2024-11-08,9.9,8.3,9.1,7.6,6.1,0.0,0.0,,0.0,11.2,25.9,94.0,100.0,100.0,6.0,1026.1,1.66,0.0,ukmo_uk_deterministic_2km,51.507725,0.042434692
EGLC,2024-11-09,9.1,7.9,8.3,7.2,5.6,0.0,0.0,,0.0,6.5,15.8,343.0,100.0,100.0,4.0,1024.3,1.49,0.0,ukmo_uk_deterministic_2km,51.507725,0.042434692
EGLC,2024-11-10,11.1,6.9,9.1,9.8,4.4,0.0,0.0,,0.0,10.1,23.0,260.0,91.0,100.0,6.1,1027.9,1.41,0.0,ukmo_uk_deterministic_2km,51.507725,0.042434692
EGLC,2024-11-11,12.0,7.3,10.2,11.1,4.1,0.0,0.0,,0.0,14.4,31.0,335.0,61.0,100.0,6.5,1034.3,4.21,21791.59,ukmo_uk_deterministic_2km,51.507725,0.042434692
EGLC,2024-11-12,12.9,6.4,9.2,8.9,2.9,0.0,0.0,,0.0,22.7,49.3,11.0,58.0,100.0,5.9,1035.5,4.46,21728.13,ukmo_uk_deterministic_2km,51.507725,0.042434692
EGLC,2024-11-13,11.6,8.1,9.6,9.5,5.9,0.0,0.0,,0.0,13.3,28.4,354.0,88.0,100.0,6.5,1035.0,4.45,11461.94,ukmo_uk_deterministic_2km,51.507725,0.042434692
EGLC,2024-11-14,11.8,8.4,10.2,9.3,6.5,0.0,0.0,,0.0,13.7,30.2,5.0,91.0,100.0,6.4,1031.6,2.64,4908.02,ukmo_uk_deterministic_2km,51.507725,0.042434692
EGLC,2024-11-15,10.1,6.6,8.7,7.6,4.4,0.0,0.0,,0.0,11.5,26.3,266.0,88.0,100.0,3.9,1027.8,3.82,18106.67,ukmo_uk_deterministic_2km,51.507725,0.042434692
EGLC,2024-11-16,11.2,5.4,8.5,8.8,2.8,0.1,0.1,,1.0,15.5,33.1,248.0,90.0,100.0,5.9,1019.1,2.2,1451.21,ukmo_uk_deterministic_2km,51.507725,0.042434692
EGLC,2024-11-17,10.5,7.9,9.0,7.2,4.7,0.7,0.7,,3.0,20.2,43.6,269.0,86.0,100.0,5.1,1014.7,3.77,17412.85,ukmo_uk_deterministic_2km,51.507725,0.042434692
EGLC,2024-11-18,8.7,7.0,7.7,6.7,4.3,10.8,10.8,,11.0,13.7,29.9,100.0,100.0,100.0,6.0,1010.2,1.17,0.0,ukmo_uk_deterministic_2km,51.507725,0.042434692
EGLC,2024-11-19,11.5,2.1,5.0,8.3,-1.6,14.2,14.1,,14.0,22.7,47.9,323.0,92.0,100.0,3.7,998.3,0.5,0.0,ukmo_uk_deterministic_2km,51.507725,0.042434692
EGLC,2024-11-20,5.3,0.3,2.5,0.4,-4.4,0.0,0.0,,0.0,22.7,49.3,279.0,16.0,88.0,-1.8,1008.8,4.78,23874.49,ukmo_uk_deterministic_2km,51.507725,0.042434692
EGLC,2024-11-21,3.8,0.7,1.8,-0.2,-3.3,0.0,0.0,,0.0,16.2,34.2,278.0,73.0,100.0,-2.0,1002.4,2.25,4980.25,ukmo_uk_deterministic_2km,51.507725,0.042434692
EGLC,2024-11-22,7.9,1.5,4.5,3.1,-3.2,0.0,0.0,,0.0,22.7,48.2,262.0,62.0,100.0,-1.2,1007.3,3.88,15299.31,ukmo_uk_deterministic_2km,51.507725,0.042434692
EGLC,2024-11-23,14.1,3.0,8.5,10.3,-0.2,3.6,3.5,,6.0,33.5,71.6,194.0,99.0,100.0,6.0,1004.7,0.44,0.0,ukmo_uk_deterministic_2km,51.507725,0.042434692
EGLC,2024-11-24,17.5,14.5,16.0,12.2,10.3,2.6,2.6,,5.0,40.3,86.0,202.0,98.0,100.0,10.9,995.6,2.38,7200.0,ukmo_uk_deterministic_2km,51.507725,0.042434692
EGLC,2024-11-25,12.6,8.5,10.8,10.1,4.7,5.4,5.4,,4.0,23.8,50.8,234.0,46.0,100.0,6.0,1001.2,4.52,25200.0,ukmo_uk_deterministic_2km,51.507725,0.042434692
EGLC,2024-11-26,10.9,6.1,8.2,7.9,3.4,0.0,0.0,,0.0,15.8,33.5,234.0,51.0,100.0,3.2,1015.0,4.17,24162.0,ukmo_uk_deterministic_2km,51.507725,0.042434692
EGLC,2024-11-27,10.5,4.3,6.9,9.2,1.2,21.5,21.5,,11.0,21.2,44.6,336.0,81.0,100.0,5.0,1012.8,1.16,0.0,ukmo_uk_deterministic_2km,51.507725,0.042434692
EGLC,2024-11-28,7.9,1.7,3.9,5.2,-1.1,0.0,0.0,,0.0,8.6,18.4,334.0,59.0,100.0,1.4,1027.6,4.17,23205.77,ukmo_uk_deterministic_2km,51.507725,0.042434692
EGLC,2024-11-29,9.0,3.2,5.7,5.4,0.4,0.0,0.0,,0.0,13.7,28.4,115.0,29.0,98.0,2.9,1026.6,4.17,25284.12,ukmo_uk_deterministic_2km,51.507725,0.042434692
EGLC,2024-11-30,13.4,7.2,10.9,12.7,4.9,0.0,0.0,,0.0,12.2,28.1,182.0,88.0,100.0,9.2,1023.4,1.98,3611.76,ukmo_uk_deterministic_2km,51.507725,0.042434692
EGLC,2024-12-01,12.9,10.8,11.7,11.5,8.5,3.9,3.9,,3.0,17.6,40.7,187.0,84.0,100.0,10.1,1014.8,0.65,33.38,ukmo_uk_deterministic_2km,51.507725,0.042434692
EGLC,2024-12-02,12.5,8.0,10.4,10.8,4.8,0.0,0.0,,0.0,19.1,42.8,264.0,81.0,100.0,6.4,1012.9,1.96,3600.0,ukmo_uk_deterministic_2km,51.507725,0.042434692
EGLC,2024-12-03,7.8,5.4,6.5,5.6,2.8,0.0,0.0,,0.0,12.2,28.4,355.0,94.0,100.0,2.8,1022.3,1.59,0.0,ukmo_uk_deterministic_2km,51.507725,0.042434692
EGLC,2024-12-04,9.8,3.7,6.7,7.1,0.9,0.1,0.1,,1.0,16.9,38.9,215.0,89.0,100.0,4.0,1024.6,1.16,0.0,ukmo_uk_deterministic_2km,51.507725,0.042434692
EGLC,2024-12-05,14.2,9.3,12.1,12.8,4.9,10.3,10.3,,13.0,29.5,67.0,224.0,95.0,100.0,9.9,1008.6,0.64,0.0,ukmo_uk_deterministic_2km,51.507725,0.042434692
EGLC,2024-12-06,9.9,7.3,8.9,6.8,2.5,0.4,0.4,,2.0,26.3,59.8,256.0,46.0,100.0,2.8,1013.2,3.58,19224.31,ukmo_uk_deterministic_2km,51.507725,0.042434692
EGLC,2024-12-07,12.6,6.7,8.7,8.9,0.1,5.8,5.8,,7.0,45.0,101.9,270.0,98.0,100.0,5.0,994.7,0.26,0.0,ukmo_uk_deterministic_2km,51.507725,0.042434692
EGLC,2024-12-08,8.6,6.8,7.4,4.4,1.0,5.5,5.5,,15.0,32.0,73.1,354.0,100.0,100.0,4.9,1015.1,0.46,0.0,ukmo_uk_deterministic_2km,51.507725,0.042434692
EGLC,2024-12-09,8.3,7.0,7.8,3.8,2.5,0.0,0.0,,0.0,24.8,57.2,26.0,96.0,100.0,4.0,1029.8,0.98,4821.59,ukmo_uk_deterministic_2km,51.507725,0.042434692
EGLC,2024-12-10,7.3,6.2,6.7,3.2,1.6,0.3,0.3,,3.0,22.3,50.8,36.0,99.0,100.0,3.7,1032.4,0.84,0.0,ukmo_uk_deterministic_2km,51.507725,0.042434692
EGLC,2024-12-11,7.1,6.0,6.6,4.2,2.2,0.0,0.0,,0.0,18.0,41.0,41.0,99.0,100.0,3.0,1032.4,0.77,0.0,ukmo_uk_deterministic_2km,51.507725,0.042434692
EGLC,2024-12-12,8.2,5.2,6.9,6.5,2.7,0.1,0.1,,1.0,12.2,27.7,38.0,99.0,100.0,5.3,1031.2,0.58,0.0,ukmo_uk_deterministic_2km,51.507725,0.042434692
EGLC,2024-12-13,7.3,3.8,5.2,5.0,1.1,0.0,0.0,,0.0,11.2,24.8,124.0,100.0,100.0,3.4,1025.9,0.78,0.0,ukmo_uk_deterministic_2km,51.507725,0.042434692
EGLC,2024-12-14,8.2,4.4,6.1,4.4,1.1,0.0,0.0,,0.0,14.0,32.0,269.0,78.0,100.0,3.2,1022.5,2.46,10995.05,ukmo_uk_deterministic_2km,51.507725,0.042434692
EGLC,2024-12-15,12.1,5.7,9.5,9.8,2.3,0.0,0.0,,0.0,22.7,51.1,248.0,85.0,100.0,7.1,1027.0,1.74,5214.02,ukmo_uk_deterministic_2km,51.507725,0.042434692
EGLC,2024-12-16,11.8,9.8,11.0,8.6,7.0,0.0,0.0,,0.0,21.6,49.0,248.0,91.0,100.0,6.9,1030.5,1.66,4062.09,ukmo_uk_deterministic_2km,51.507725,0.042434692
EGLC,2024-12-17,11.0,6.9,8.9,8.4,4.6,0.2,0.2,,2.0,17.3,39.6,198.0,89.0,100.0,6.6,1024.2,1.45,0.0,ukmo_uk_deterministic_2km,51.507725,0.042434692
EGLC,2024-12-18,14.4,9.9,12.9,10.8,6.6,1.3,1.3,,6.0,31.3,71.6,219.0,94.0,100.0,9.9,1006.9,2.19,9844.49,ukmo_uk_deterministic_2km,51.507725,0.042434692
EGLC,2024-12-19,13.7,5.4,8.0,10.9,1.6,1.9,1.9,,4.0,26.3,60.5,291.0,60.0,100.0,3.4,1006.6,1.64,4221.02,ukmo_uk_deterministic_2km,51.507725,0.042434692
EGLC,2024-12-20,9.6,3.1,6.4,6.1,-0.7,0.7,0.7,,2.0,18.4,41.8,245.0,73.0,100.0,3.1,1018.9,2.16,7706.53,ukmo_uk_deterministic_2km,51.507725,0.042434692
EGLC,2024-12-21,12.3,5.7,9.0,8.5,2.6,0.8,0.8,,2.0,26.6,61.6,248.0,80.0,100.0,5.8,1011.4,0.41,0.0,ukmo_uk_deterministic_2km,51.507725,0.042434692
EGLC,2024-12-22,9.4,5.3,6.9,4.9,-0.2,0.1,0.0,,1.0,27.7,62.6,,70.0,100.0,0.5,1006.3,2.64,11332.8,ukmo_uk_deterministic_2km,51.507725,0.042434692
EGLC,2024-12-23,7.6,5.3,6.4,4.1,0.4,0.1,0.1,,1.0,25.9,56.5,,51.0,100.0,0.1,1021.8,1.67,9757.54,ukmo_uk_deterministic_2km,51.507725,0.042434692
EGLC,2024-12-24,11.9,6.4,9.7,10.8,3.8,0.0,0.0,,0.0,15.5,35.3,247.0,97.0,100.0,8.3,1025.4,1.67,442.44,ukmo_uk_deterministic_2km,51.507725,0.042434692
EGLC,2024-12-25,11.0,8.6,9.5,9.6,7.0,0.0,0.0,,0.0,10.4,23.8,261.0,97.0,100.0,7.8,1032.4,1.34,0.0,ukmo_uk_deterministic_2km,51.507725,0.042434692
EGLC,2024-12-26,8.5,6.0,7.0,7.1,3.9,0.0,0.0,,0.0,6.1,15.1,197.0,100.0,100.0,5.6,1034.7,1.27,0.0,ukmo_uk_deterministic_2km,51.507725,0.042434692
EGLC,2024-12-27,7.4,5.7,6.4,5.7,4.0,0.0,0.0,,0.0,5.0,11.9,209.0,100.0,100.0,5.2,1032.9,1.09,0.0,ukmo_uk_deterministic_2km,51.507725,0.042434692
EGLC,2024-12-28,6.1,3.3,4.7,3.7,0.9,0.0,0.0,,0.0,9.4,21.2,257.0,100.0,100.0,3.5,1029.3,0.99,0.0,ukmo_uk_deterministic_2km,51.507725,0.042434692
EGLC,2024-12-29,8.3,3.5,5.3,5.9,0.3,0.0,0.0,,0.0,11.2,25.6,249.0,99.0,100.0,3.8,1029.6,1.47,0.0,ukmo_uk_deterministic_2km,51.507725,0.042434692
EGLC,2024-12-30,9.4,8.0,8.5,6.3,4.7,0.0,0.0,,0.0,16.2,36.4,241.0,64.0,100.0,4.8,1027.6,2.83,12841.58,ukmo_uk_deterministic_2km,51.507725,0.042434692
EGLC,2024-12-31,12.2,8.5,10.4,7.5,5.1,0.0,0.0,,0.0,29.9,68.8,225.0,84.0,100.0,6.5,1020.5,2.44,11172.44,ukmo_uk_deterministic_2km,51.507725,0.042434692
EGLC,2025-01-01,12.4,6.0,9.9,8.0,1.5,9.8,9.6,,9.0,37.1,83.9,236.0,99.0,100.0,6.5,1008.6,0.23,0.0,ukmo_uk_deterministic_2km,51.507725,0.042434692
EGLC,2025-01-02,6.2,0.9,3.4,3.0,-2.9,0.0,0.0,,0.0,13.0,29.2,320.0,44.0,100.0,-0.3,1017.7,2.83,14434.47,ukmo_uk_deterministic_2km,51.507725,0.042434692
EGLC,2025-01-03,5.4,-0.9,1.5,1.4,-5.1,0.0,0.0,,0.0,13.7,31.7,263.0,13.0,95.0,-2.1,1023.5,3.84,24488.43,ukmo_uk_deterministic_2km,51.507725,0.042434692
EGLC,2025-01-04,4.0,-0.2,1.6,0.7,-3.8,4.7,3.7,,4.0,18.7,42.5,132.0,97.0,100.0,-0.9,1016.2,1.8,5264.56,ukmo_uk_deterministic_2km,51.507725,0.042434692
EGLC,2025-01-05,12.7,0.4,7.5,9.7,-4.3,25.1,23.0,,21.0,26.6,61.2,182.0,100.0,100.0,6.6,989.6,0.27,0.0,ukmo_uk_deterministic_2km,51.507725,0.042434692
EGLC,2025-01-06,12.4,3.8,7.9,8.9,-1.7,4.0,4.0,,10.0,32.0,73.8,232.0,83.0,100.0,5.2,982.1,0.62,0.0,ukmo_uk_deterministic_2km,51.507725,0.042434692
EGLC,2025-01-07,5.8,1.7,3.5,1.6,-3.0,0.0,0.0,,0.0,18.0,40.7,254.0,46.0,100.0,0.1,998.6,3.05,16117.73,ukmo_uk_deterministic_2km,51.507725,0.042434692
EGLC,2025-01-08,3.1,0.5,1.8,-0.6,-2.8,2.3,2.0,,5.0,15.5,34.9,70.0,86.0,100.0,-0.2,1001.9,1.05,0.0,ukmo_uk_deterministic_2km,51.507725,0.042434692
EGLC,2025-01-09,5.1,1.2,2.6,0.2,-2.3,2.8,2.8,,6.0,15.8,35.3,308.0,46.0,100.0,-0.9,1007.5,4.01,24635.59,ukmo_uk_deterministic_2km,51.507725,0.042434692
EGLC,2025-01-10,1.1,-2.4,-0.8,-2.2,-5.4,0.0,0.0,,0.0,9.4,20.9,299.0,38.0,100.0,-2.3,1020.0,2.49,2040.88,ukmo_uk_deterministic_2km,51.507725,0.042434692
EGLC,2025-01-11,4.6,-3.9,-0.5,2.1,-7.3,0.0,0.0,,0.0,6.5,15.1,294.0,31.0,92.0,-2.1,1029.7,4.18,21600.0,ukmo_uk_deterministic_2km,51.507725,0.042434692
EGLC,2025-01-12,3.6,-3.7,0.3,0.9,-6.8,0.0,0.0,,0.0,6.1,12.2,86.0,73.0,100.0,-1.4,1039.8,1.53,340.05,ukmo_uk_deterministic_2km,51.507725,0.042434692
EGLC,2025-01-13,6.6,3.5,4.9,2.6,-0.0,0.0,0.0,,0.0,14.8,33.8,206.0,98.0,100.0,0.1,1039.4,2.99,8945.66,ukmo_uk_deterministic_2km,51.507725,0.042434692
EGLC,2025-01-14,9.6,3.3,6.5,7.3,-0.2,0.0,0.0,,0.0,11.9,27.4,244.0,67.0,100.0,3.5,1035.0,3.92,23248.12,ukmo_uk_deterministic_2km,51.507725,0.042434692
EGLC,2025-01-15,9.3,8.1,8.8,8.0,6.8,0.0,0.0,,0.0,8.6,20.2,257.0,99.0,100.0,7.7,1034.2,1.25,0.0,ukmo_uk_deterministic_2km,51.507725,0.042434692
EGLC,2025-01-16,9.6,6.9,8.0,7.3,4.6,0.0,0.0,,0.0,9.7,21.6,200.0,80.0,100.0,5.6,1034.5,2.4,246.46,ukmo_uk_deterministic_2km,51.507725,0.042434692
EGLC,2025-01-17,6.5,4.4,5.5,3.6,2.0,0.0,0.0,,0.0,10.4,23.0,212.0,89.0,100.0,2.2,1035.5,3.0,4274.74,ukmo_uk_deterministic_2km,51.507725,0.042434692
EGLC,2025-01-18,4.5,1.8,2.9,2.2,-0.8,0.0,0.0,,0.0,11.2,25.2,115.0,98.0,100.0,0.7,1030.0,1.7,0.0,ukmo_uk_deterministic_2km,51.507725,0.042434692
EGLC,2025-01-19,3.8,2.5,3.1,0.6,-1.1,0.0,0.0,,0.0,10.4,24.5,176.0,98.0,100.0,-0.7,1021.4,1.27,0.0,ukmo_uk_deterministic_2km,51.507725,0.042434692
EGLC,2025-01-20,6.4,2.5,4.2,3.6,-0.5,0.0,0.0,,0.0,10.8,23.0,229.0,97.0,100.0,1.0,1018.4,1.21,0.0,ukmo_uk_deterministic_2km,51.507725,0.042434692
EGLC,2025-01-21,5.3,1.4,3.4,2.9,-1.1,0.0,0.0,,0.0,10.8,24.8,163.0,92.0,100.0,1.6,1014.2,2.8,1006.46,ukmo_uk_deterministic_2km,51.507725,0.042434692
EGLC,2025-01-22,4.7,2.6,3.7,2.0,-0.1,3.1,3.1,,6.0,11.2,23.0,334.0,97.0,100.0,1.9,1004.7,0.78,0.0,ukmo_uk_deterministic_2km,51.507725,0.042434692
EGLC,2025-01-23,8.0,2.5,5.4,3.4,-0.9,4.1,4.1,,5.0,27.7,59.0,229.0,77.0,100.0,2.9,1002.8,0.61,0.0,ukmo_uk_deterministic_2km,51.507725,0.042434692
EGLC,2025-01-24,11.3,6.3,9.6,6.2,2.8,0.8,0.8,,3.0,37.8,81.0,217.0,81.0,100.0,3.7,996.3,3.68,11818.65,ukmo_uk_deterministic_2km,51.507725,0.042434692
EGLC,2025-01-25,8.7,4.2,6.6,5.7,0.6,3.0,3.0,,3.0,16.6,35.3,256.0,65.0,100.0,0.8,1004.0,5.62,25565.32,ukmo_uk_deterministic_2km,51.507725,0.042434692
EGLC,2025-01-26,9.3,1.7,5.2,5.1,-1.8,4.6,4.2,,7.0,31.7,68.0,169.0,77.0,100.0,1.9,997.0,0.84,0.0,ukmo_uk_deterministic_2km,51.507725,0.042434692
EGLC,2025-01-27,9.6,6.6,8.2,4.5,-0.1,12.6,12.4,,13.0,39.2,84.6,204.0,76.0,100.0,4.6,981.6,1.93,3600.0,ukmo_uk_deterministic_2km,51.507725,0.042434692
EGLC,2025-01-28,10.1,8.1,8.9,6.5,3.3,4.6,4.6,,10.0,27.4,58.7,223.0,95.0,100.0,6.1,983.2,0.77,3600.0,ukmo_uk_deterministic_2km,51.507725,0.042434692
EGLC,2025-01-29,8.7,5.4,7.0,6.7,1.7,0.0,0.0,,0.0,23.0,49.0,275.0,83.0,100.0,3.4,1002.3,3.14,10639.36,ukmo_uk_deterministic_2km,51.507725,0.042434692
EGLC,2025-01-30,8.5,2.9,5.7,4.4,-0.8,0.0,0.0,,0.0,17.3,37.4,324.0,40.0,100.0,0.1,1018.7,6.19,27419.93,ukmo_uk_deterministic_2km,51.507725,0.042434692
EGLC,2025-01-31,7.5,3.7,5.8,6.1,-0.0,6.6,6.6,,11.0,14.4,31.0,200.0,96.0,100.0,4.0,1024.7,0.74,0.0,ukmo_uk_deterministic_2km,51.507725,0.042434692
EGLC,2025-02-01,6.5,2.1,5.1,3.6,-0.9,0.0,0.0,,0.0,10.4,23.8,142.0,76.0,100.0,2.4,1029.0,2.08,0.0,ukmo_uk_deterministic_2km,51.507725,0.042434692
EGLC,2025-02-02,8.0,-0.0,3.4,4.9,-3.2,0.0,0.0,,0.0,10.1,22.7,148.0,10.0,82.0,0.3,1023.2,6.75,29866.65,ukmo_uk_deterministic_2km,51.507725,0.042434692
EGLC,2025-02-03,8.5,1.0,4.8,5.3,-1.8,0.0,0.0,,0.0,14.8,31.7,204.0,55.0,100.0,2.9,1024.6,3.32,5246.83,ukmo_uk_deterministic_2km,51.507725,0.042434692
EGLC,2025-02-04,10.1,6.7,8.6,6.6,3.9,0.0,0.0,,0.0,25.2,54.4,216.0,90.0,100.0,5.5,1023.1,3.26,3600.0,ukmo_uk_deterministic_2km,51.507725,0.042434692
EGLC,2025-02-05,9.9,4.2,7.1,6.6,1.6,0.0,0.0,,0.0,13.3,27.7,264.0,55.0,98.0,2.8,1036.7,5.14,18930.74,ukmo_uk_deterministic_2km,51.507725,0.042434692
EGLC,2025-02-06,8.3,1.1,4.7,4.2,-1.8,0.0,0.0,,0.0,19.8,42.8,41.0,39.0,93.0,1.2,1042.0,5.35,25807.61,ukmo_uk_deterministic_2km,51.507725,0.042434692
EGLC,2025-02-07,4.9,2.9,3.9,-0.1,-2.6,5.4,5.4,,10.0,27.4,59.4,61.0,90.0,100.0,1.3,1026.3,1.17,1880.89,ukmo_uk_deterministic_2km,51.507725,0.042434692
EGLC,2025-02-08,6.3,3.9,4.9,4.0,-0.4,2.9,2.9,,9.0,19.4,41.4,85.0,92.0,100.0,3.6,1018.2,1.3,0.0,ukmo_uk_deterministic_2km,51.507725,0.042434692
EGLC,2025-02-09,6.0,1.2,4.0,2.8,-1.9,3.1,3.1,,9.0,17.3,37.1,50.0,90.0,100.0,2.4,1027.4,1.24,0.0,ukmo_uk_deterministic_2km,51.507725,0.042434692
EGLC,2025-02-10,4.9,2.7,4.2,1.0,-1.7,3.7,3.7,,6.0,19.8,42.8,43.0,100.0,100.0,1.7,1024.3,0.85,0.0,ukmo_uk_deterministic_2km,51.507725,0.042434692
EGLC,2025-02-11,5.0,3.1,3.9,2.0,-0.6,0.3,0.3,,2.0,13.3,29.2,345.0,100.0,100.0,2.0,1018.5,0.96,0.0,ukmo_uk_deterministic_2km,51.507725,0.042434692
EGLC,2025-02-12,5.8,3.9,4.7,2.7,1.1,0.0,0.0,,0.0,12.2,27.0,11.0,97.0,100.0,2.0,1019.2,1.8,0.0,ukmo_uk_deterministic_2km,51.507725,0.042434692
EGLC,2025-02-13,5.1,3.6,4.3,1.3,-0.7,0.0,0.0,,0.0,13.7,30.2,39.0,98.0,100.0,-0.5,1023.1,2.28,0.0,ukmo_uk_deterministic_2km,51.507725,0.042434692
EGLC,2025-02-14,5.4,2.4,3.7,1.0,-2.0,0.0,0.0,,0.0,16.9,39.2,115.0,67.0,100.0,-2.9,1024.9,7.75,31152.24,ukmo_uk_deterministic_2km,51.507725,0.042434692
EGLC,2025-02-15,6.2,2.3,3.6,2.9,-1.4,0.7,0.7,,4.0,13.3,29.2,124.0,99.0,100.0,0.0,1020.9,2.03,0.0,ukmo_uk_deterministic_2km,51.507725,0.042434692
EGLC,2025-02-16,4.5,2.4,3.3,-0.1,-1.8,0.0,0.0,,0.0,19.8,43.2,90.0,96.0,100.0,-1.5,1020.4,4.04,768.96,ukmo_uk_deterministic_2km,51.507725,0.042434692
EGLC,2025-02-17,5.4,0.0,2.4,0.5,-3.9,0.0,0.0,,0.0,18.4,40.3,93.0,41.0,93.0,-2.8,1022.3,8.2,27896.68,ukmo_uk_deterministic_2km,51.507725,0.042434692
EGLC,2025-02-18,6.5,-0.4,2.6,1.8,-3.9,0.0,0.0,,0.0,17.6,40.7,92.0,55.0,100.0,-2.1,1020.9,8.95,31614.96,ukmo_uk_deterministic_2km,51.507725,0.042434692
EGLC,2025-02-19,8.4,1.7,5.1,5.7,-2.4,0.0,0.0,,0.0,13.0,28.8,121.0,83.0,100.0,0.8,1016.4,5.3,14460.79,ukmo_uk_deterministic_2km,51.507725,0.042434692
EGLC,2025-02-20,12.7,7.7,11.2,10.3,5.8,1.5,1.5,,1.0,23.4,53.6,204.0,100.0,100.0,9.6,1014.5,2.13,0.0,ukmo_uk_deterministic_2km,51.507725,0.042434692
EGLC,2025-02-21,15.6,11.9,13.2,11.7,9.5,0.7,0.7,,3.0,26.6,61.6,190.0,94.0,100.0,10.3,1010.8,5.12,11942.25,ukmo_uk_deterministic_2km,51.507725,0.042434692
EGLC,2025-02-22,13.7,9.3,11.2,10.4,7.2,5.1,5.1,,6.0,14.4,33.5,236.0,74.0,100.0,8.3,1012.5,5.07,11358.93,ukmo_uk_deterministic_2km,51.507725,0.042434692
EGLC,2025-02-23,11.4,7.1,9.9,7.2,4.7,0.0,0.0,,0.0,28.4,64.8,201.0,82.0,100.0,6.7,1020.4,3.88,3009.08,ukmo_uk_deterministic_2km,51.507725,0.042434692
EGLC,2025-02-24,13.1,8.8,10.9,9.8,6.2,9.0,9.0,,12.0,25.9,59.8,219.0,71.0,100.0,8.0,1011.7,5.9,11755.16,ukmo_uk_deterministic_2km,51.507725,0.042434692
EGLC,2025-02-25,11.3,7.3,9.2,7.7,3.9,0.8,0.8,,3.0,14.0,31.7,268.0,75.0,100.0,4.0,1013.5,4.92,6030.01,ukmo_uk_deterministic_2km,51.507725,0.042434692
EGLC,2025-02-26,8.7,4.1,6.4,6.2,1.1,5.9,5.9,,7.0,24.5,55.8,235.0,60.0,100.0,3.5,1013.8,1.98,3811.5,ukmo_uk_deterministic_2km,51.507725,0.042434692
EGLC,2025-02-27,9.9,4.3,6.7,5.6,1.1,0.9,0.9,,1.0,15.8,36.4,302.0,56.0,100.0,1.3,1018.9,6.52,18663.64,ukmo_uk_deterministic_2km,51.507725,0.042434692
EGLC,2025-02-28,9.6,1.2,5.2,6.2,-1.5,0.0,0.0,,0.0,8.6,23.8,8.0,10.0,73.0,-0.2,1028.8,10.19,30650.99,ukmo_uk_deterministic_2km,51.507725,0.042434692
EGLC,2025-03-01,9.6,0.8,4.4,6.3,-1.9,0.0,0.0,,0.0,7.6,22.0,49.0,28.0,95.0,0.6,1034.1,10.47,26595.25,ukmo_uk_deterministic_2km,51.507725,0.042434692
EGLC,2025-03-02,9.9,0.3,4.5,7.0,-2.2,0.0,0.0,,0.0,9.0,20.2,88.0,39.0,100.0,0.6,1034.6,11.03,34855.71,ukmo_uk_deterministic_2km,51.507725,0.042434692
EGLC,2025-03-03,11.6,-0.5,5.4,8.4,-2.9,0.0,0.0,,0.0,7.6,17.6,116.0,20.0,98.0,0.0,1029.8,11.94,32400.0,ukmo_uk_deterministic_2km,51.507725,0.042434692
EGLC,2025-03-04,13.7,1.5,7.0,10.2,-1.4,0.0,0.0,,0.0,12.2,29.2,230.0,9.0,77.0,-0.8,1026.3,12.36,36420.6,ukmo_uk_deterministic_2km,51.507725,0.042434692
EGLC,2025-03-05,14.9,1.8,7.8,10.9,-1.2,0.0,0.0,,0.0,13.0,29.9,225.0,11.0,72.0,0.8,1022.1,12.38,36586.92,ukmo_uk_deterministic_2km,51.507725,0.042434692
EGLC,2025-03-06,17.5,3.6,10.1,13.4,0.8,0.0,0.0,,0.0,16.6,38.9,173.0,27.0,100.0,1.9,1014.6,12.23,33660.66,ukmo_uk_deterministic_2km,51.507725,0.042434692
EGLC,2025-03-07,17.1,7.8,12.8,14.3,5.8,0.0,0.0,,0.0,14.8,35.3,159.0,65.0,98.0,6.0,1011.9,9.92,29973.45,ukmo_uk_deterministic_2km,51.507725,0.042434692
EGLC,2025-03-08,16.9,5.8,11.4,13.7,3.0,0.0,0.0,,0.0,15.5,36.0,93.0,44.0,99.0,4.5,1008.5,12.34,36000.0,ukmo_uk_deterministic_2km,51.507725,0.042434692
EGLC,2025-03-09,16.6,7.2,11.2,13.1,4.3,0.0,0.0,,0.0,18.7,42.5,85.0,50.0,100.0,4.5,1003.3,12.79,37385.55,ukmo_uk_deterministic_2km,51.507725,0.042434692
EGLC,2025-03-10,13.0,8.0,10.1,10.1,4.5,0.0,0.0,,0.0,16.9,38.5,22.0,96.0,100.0,4.7,1003.4,3.92,0.0,ukmo_uk_deterministic_2km,51.507725,0.042434692
EGLC,2025-03-11,8.8,4.8,7.1,5.2,1.6,0.0,0.0,,0.0,19.1,43.6,18.0,85.0,100.0,1.1,1007.5,5.83,8878.14,ukmo_uk_deterministic_2km,51.507725,0.042434692
EGLC,2025-03-12,7.6,3.7,5.6,3.7,0.1,0.3,0.3,,1.0,14.8,33.5,322.0,93.0,100.0,0.3,1003.7,5.67,8021.09,ukmo_uk_deterministic_2km,51.507725,0.042434692
EGLC,2025-03-13,6.8,2.5,4.1,3.4,-0.9,1.0,1.0,,5.0,23.8,54.4,2.0,92.0,100.0,1.2,1003.9,3.33,0.0,ukmo_uk_deterministic_2km,51.507725,0.042434692
EGLC,2025-03-14,8.4,0.5,4.3,4.5,-2.6,0.1,0.1,,1.0,15.8,37.4,22.0,70.0,100.0,-0.3,1011.0,7.15,7392.75,ukmo_uk_deterministic_2km,51.507725,0.042434692
EGLC,2025-03-15,8.6,1.3,4.6,3.5,-2.3,0.0,0.0,,0.0,17.3,41.0,36.0,25.0,100.0,-2.5,1021.3,13.14,35997.79,ukmo_uk_deterministic_2km,51.507725,0.042434692
EGLC,2025-03-16,8.9,-0.2,4.8,4.6,-4.0,0.0,0.0,,0.0,15.8,37.1,32.0,39.0,99.0,-1.4,1024.8,11.85,33759.4,ukmo_uk_deterministic_2km,51.507725,0.042434692
EGLC,2025-03-17,8.2,4.4,6.4,4.2,1.2,0.0,0.0,,0.0,17.6,40.3,63.0,86.0,100.0,1.4,1027.9,4.66,0.0,ukmo_uk_deterministic_2km,51.507725,0.042434692
EGLC,2025-03-18,10.1,2.5,6.0,4.8,-1.2,0.0,0.0,,0.0,22.3,50.4,86.0,0.0,1.0,-1.3,1024.3,15.59,38880.92,ukmo_uk_deterministic_2km,51.507725,0.042434692
EGLC,2025-03-19,17.5,1.3,9.2,14.8,-1.7,0.0,0.0,,0.0,11.9,28.1,130.0,50.0,100.0,2.1,1020.9,13.66,35372.33,ukmo_uk_deterministic_2km,51.507725,0.042434692
EGLC,2025-03-20,18.9,7.8,13.4,16.6,5.9,0.0,0.0,,0.0,13.7,31.3,95.0,58.0,100.0,5.6,1019.3,11.66,35671.63,ukmo_uk_deterministic_2km,51.507725,0.042434692
EGLC,2025-03-21,16.2,8.7,12.6,13.7,5.9,0.0,0.0,,0.0,20.9,46.8,100.0,91.0,100.0,6.8,1008.0,9.53,18334.97,ukmo_uk_deterministic_2km,51.507725,0.042434692
EGLC,2025-03-22,15.8,11.5,13.7,14.6,10.6,2.6,2.6,,4.0,13.0,29.5,124.0,89.0,100.0,9.8,1000.4,4.27,0.0,ukmo_uk_deterministic_2km,51.507725,0.042434692
EGLC,2025-03-23,13.5,8.6,11.0,12.6,5.1,0.8,0.8,,2.0,16.2,37.1,12.0,96.0,100.0,8.5,1003.1,4.14,977.1,ukmo_uk_deterministic_2km,51.507725,0.042434692
EGLC,2025-03-24,13.5,7.3,9.5,11.2,4.2,0.0,0.0,,0.0,13.7,31.3,4.0,73.0,100.0,4.4,1016.9,8.83,15320.56,ukmo_uk_deterministic_2km,51.507725,0.042434692
EGLC,2025-03-25,14.8,5.2,10.0,13.5,2.7,0.1,0.1,,1.0,12.6,28.8,279.0,78.0,100.0,6.5,1021.9,7.13,10547.05,ukmo_uk_deterministic_2km,51.507725,0.042434692
EGLC,2025-03-26,16.8,9.6,12.5,15.2,7.7,0.0,0.0,,0.0,12.6,28.4,112.0,60.0,100.0,7.3,1024.7,12.08,25686.54,ukmo_uk_deterministic_2km,51.507725,0.042434692
EGLC,2025-03-27,15.8,7.3,11.1,12.7,4.8,0.0,0.0,,0.0,15.8,36.7,249.0,25.0,84.0,5.8,1020.6,16.66,39713.89,ukmo_uk_deterministic_2km,51.507725,0.042434692
EGLC,2025-03-28,14.7,9.0,11.6,10.5,4.8,0.4,0.4,,2.0,20.2,47.2,267.0,70.0,100.0,3.6,1012.7,9.5,20690.49,ukmo_uk_deterministic_2km,51.507725,0.042434692
EGLC,2025-03-29,14.4,5.4,9.6,9.9,2.2,0.0,0.0,,0.0,21.6,49.0,257.0,39.0,100.0,1.2,1020.4,16.72,36350.19,ukmo_uk_deterministic_2km,51.507725,0.042434692
EGLC,2025-03-30,17.3,10.4,13.0,13.0,6.2,0.0,0.0,,0.0,23.4,52.6,294.0,43.0,100.0,4.5,1020.1,17.11,36000.0,ukmo_uk_deterministic_2km,51.507725,0.042434692
EGLC,2025-03-31,16.2,6.8,10.7,13.4,4.4,0.0,0.0,,0.0,17.6,39.2,73.0,30.0,70.0,3.4,1028.2,16.81,40186.88,ukmo_uk_deterministic_2km,51.507725,0.042434692
EGLC,2025-04-01,13.3,6.0,9.5,9.0,2.5,0.0,0.0,,0.0,23.4,53.3,82.0,30.0,100.0,3.5,1025.9,18.06,40782.42,ukmo_uk_deterministic_2km,51.507725,0.042434692
EGLC,2025-04-02,16.0,7.0,11.2,10.9,3.7,0.0,0.0,,0.0,26.6,60.5,69.0,0.0,5.0,3.5,1021.6,18.63,40986.73,ukmo_uk_deterministic_2km,51.507725,0.042434692
EGLC,2025-04-03,17.6,9.3,13.1,13.8,6.4,0.0,0.0,,0.0,21.2,48.2,80.0,17.0,98.0,5.3,1019.3,17.99,38200.4,ukmo_uk_deterministic_2km,51.507725,0.042434692
EGLC,2025-04-04,20.9,9.2,14.5,17.5,7.6,0.0,0.0,,0.0,21.2,48.2,74.0,64.0,100.0,5.4,1018.9,17.76,37589.21,ukmo_uk_deterministic_2km,51.507725,0.042434692
EGLC,2025-04-05,17.4,5.8,11.4,13.1,2.0,0.0,0.0,,0.0,22.0,50.4,54.0,12.0,94.0,1.5,1020.0,19.25,40737.58,ukmo_uk_deterministic_2km,51.507725,0.042434692
EGLC,2025-04-06,14.7,5.6,9.7,10.7,2.2,0.0,0.0,,0.0,19.1,45.4,68.0,25.0,80.0,1.2,1023.2,19.62,41278.84,ukmo_uk_deterministic_2km,51.507725,0.042434692
EGLC,2025-04-07,14.4,4.5,9.3,10.6,1.9,0.0,0.0,,0.0,16.9,40.7,78.0,9.0,57.0,1.1,1025.8,19.99,43087.51,ukmo_uk_deterministic_2km,51.507725,0.042434692
EGLC,2025-04-08,15.6,3.5,9.3,11.9,0.7,0.0,0.0,,0.0,14.8,36.4,73.0,34.0,100.0,1.4,1027.0,17.84,39846.32,ukmo_uk_deterministic_2km,51.507725,0.042434692
EGLC,2025-04-09,13.4,4.0,8.1,9.8,0.5,0.0,0.0,,0.0,15.5,35.6,54.0,48.0,100.0,2.6,1028.8,13.08,17572.73,ukmo_uk_deterministic_2km,51.507725,0.042434692
EGLC,2025-04-10,16.2,4.8,10.1,13.7,2.0,0.0,0.0,,0.0,10.1,23.8,53.0,28.0,99.0,2.6,1030.4,18.77,41206.09,ukmo_uk_deterministic_2km,51.507725,0.042434692
EGLC,2025-04-11,22.4,6.6,14.1,19.5,4.3,0.0,0.0,,0.0,15.1,35.6,222.0,0.0,0.0,3.5,1021.8,20.83,44847.72,ukmo_uk_deterministic_2km,51.507725,0.042434692
EGLC,2025-04-12,20.7,6.0,14.5,18.3,3.7,0.0,0.0,,0.0,15.1,36.0,92.0,55.0,100.0,5.8,1007.1,17.73,35059.75,ukmo_uk_deterministic_2km,51.507725,0.042434692
EGLC,2025-04-13,16.2,10.0,13.5,12.8,7.3,0.3,0.3,,2.0,18.7,42.8,248.0,96.0,100.0,6.3,1003.1,8.67,8027.69,ukmo_uk_deterministic_2km,51.507725,0.042434692
EGLC,2025-04-14,15.5,6.2,11.4,12.1,4.1,0.0,0.0,,0.0,16.9,39.6,184.0,81.0,100.0,4.9,1005.2,10.35,17899.01,ukmo_uk_deterministic_2km,51.507725,0.042434692
EGLC,2025-04-15,15.8,10.1,12.3,15.2,7.0,17.6,17.6,,13.0,19.8,45.4,125.0,97.0,100.0,9.6,996.6,6.79,3667.05,ukmo_uk_deterministic_2km,51.507725,0.042434692
EGLC,2025-04-16,15.4,9.3,11.7,11.0,4.3,0.0,0.0,,0.0,24.5,55.8,209.0,45.0,98.0,2.3,1004.1,17.44,36862.52,ukmo_uk_deterministic_2km,51.507725,0.042434692
EGLC,2025-04-17,16.7,5.7,11.5,14.0,4.0,0.0,0.0,,0.0,12.6,32.4,152.0,43.0,100.0,2.4,1012.4,16.05,35426.6,ukmo_uk_deterministic_2km,51.507725,0.042434692
EGLC,2025-04-18,16.8,8.5,13.3,12.8,5.9,0.0,0.0,,0.0,18.7,43.2,121.0,88.0,100.0,4.4,1010.8,9.91,17871.09,ukmo_uk_deterministic_2km,51.507725,0.042434692
EGLC,2025-04-19,15.4,8.5,12.7,10.5,4.7,0.3,0.3,,3.0,23.8,53.3,83.0,86.0,100.0,4.4,1008.0,13.25,19577.08,ukmo_uk_deterministic_2km,51.507725,0.042434692
EGLC,2025-04-20,12.9,5.9,9.4,9.9,2.1,0.0,0.0,,0.0,16.2,36.7,66.0,95.0,100.0,4.5,1007.7,9.19,11315.6,ukmo_uk_deterministic_2km,51.507725,0.042434692
EGLC,2025-04-21,16.0,9.6,12.0,13.7,7.9,0.6,0.6,,3.0,15.8,35.6,274.0,92.0,100.0,7.8,1009.4,8.59,10860.18,ukmo_uk_deterministic_2km,51.507725,0.042434692
EGLC,2025-04-22,16.7,7.8,12.2,13.3,5.7,0.0,0.0,,0.0,16.2,37.1,235.0,78.0,100.0,4.6,1016.0,14.9,31551.2,ukmo_uk_deterministic_2km,51.507725,0.042434692
EGLC,2025-04-23,12.0,8.4,10.4,9.7,4.8,13.3,13.3,,8.0,21.6,48.6,99.0,93.0,100.0,6.7,1013.2,6.78,450.37,ukmo_uk_deterministic_2km,51.507725,0.042434692
EGLC,2025-04-24,16.0,9.5,11.8,13.3,7.0,0.0,0.0,,0.0,13.7,31.0,26.0,83.0,100.0,5.7,1021.5,15.51,17138.0,ukmo_uk_deterministic_2km,51.507725,0.042434692
EGLC,2025-04-25,14.5,6.5,10.4,11.4,4.4,0.0,0.0,,0.0,15.5,37.1,95.0,57.0,100.0,5.4,1022.9,17.96,39659.72,ukmo_uk_deterministic_2km,51.507725,0.042434692
EGLC,2025-04-26,17.3,8.4,12.2,14.7,5.8,0.0,0.0,,0.0,13.7,32.0,85.0,92.0,100.0,7.0,1022.7,14.32,22918.13,ukmo_uk_deterministic_2km,51.507725,0.042434692
EGLC,2025-04-27,20.7,7.9,14.5,18.7,6.6,0.0,0.0,,0.0,10.8,25.2,150.0,53.0,98.0,6.5,1025.5,19.13,39297.05,ukmo_uk_deterministic_2km,51.507725,0.042434692
EGLC,2025-04-28,22.8,10.7,16.9,21.4,9.8,0.0,0.0,,0.0,15.1,36.0,105.0,35.0,87.0,6.9,1026.5,23.08,46800.0,ukmo_uk_deterministic_2km,51.507725,0.042434692
EGLC,2025-04-29,21.8,8.9,15.9,19.5,7.1,0.0,0.0,,0.0,18.4,42.8,89.0,9.0,55.0,6.7,1025.8,24.31,47427.21,ukmo_uk_deterministic_2km,51.507725,0.042434692
EGLC,2025-04-30,24.8,9.0,16.9,23.0,7.6,0.0,0.0,,0.0,17.3,39.2,85.0,5.0,29.0,8.3,1022.5,24.39,47773.78,ukmo_uk_deterministic_2km,51.507725,0.042434692
EGLC,2025-05-01,27.7,10.9,19.6,27.0,10.0,0.0,0.0,,0.0,11.9,29.9,91.0,45.0,100.0,9.5,1017.1,19.5,34110.52,ukmo_uk_deterministic_2km,51.507725,0.042434692
EGLC,2025-05-02,23.9,13.8,18.7,23.6,11.7,4.2,4.2,,2.0,18.4,42.5,61.0,57.0,100.0,10.9,1015.1,18.63,33576.95,ukmo_uk_deterministic_2km,51.507725,0.042434692
EGLC,2025-05-03,20.3,10.3,14.4,19.1,6.6,0.0,0.0,,0.0,24.8,57.2,21.0,58.0,100.0,7.0,1014.0,17.94,30986.29,ukmo_uk_deterministic_2km,51.507725,0.042434692
EGLC,2025-05-04,13.2,7.3,10.1,8.9,4.0,0.0,0.0,,0.0,19.8,46.1,14.0,76.0,100.0,2.7,1018.4,10.98,10035.89,ukmo_uk_deterministic_2km,51.507725,0.042434692
EGLC,2025-05-05,13.8,5.4,9.5,8.8,1.4,0.1,0.1,,1.0,22.7,52.2,26.0,66.0,100.0,2.3,1021.4,9.4,12657.66,ukmo_uk_deterministic_2km,51.507725,0.042434692
EGLC,2025-05-06,14.3,5.9,10.2,10.8,2.9,0.0,0.0,,0.0,15.5,37.8,26.0,81.0,100.0,2.8,1024.7,10.49,7200.0,ukmo_uk_deterministic_2km,51.507725,0.042434692
EGLC,2025-05-07,15.9,6.3,11.1,12.4,3.6,0.0,0.0,,0.0,15.8,38.2,29.0,92.0,100.0,4.1,1023.5,14.15,14037.96,ukmo_uk_deterministic_2km,51.507725,0.042434692
EGLC,2025-05-08,16.2,8.6,12.0,13.4,5.7,0.0,0.0,,0.0,15.1,34.6,40.0,79.0,100.0,5.0,1020.7,16.12,17240.68,ukmo_uk_deterministic_2km,51.507725,0.042434692
EGLC,2025-05-09,17.8,6.8,12.7,13.9,4.4,0.0,0.0,,0.0,20.9,50.0,71.0,26.0,100.0,3.3,1020.6,23.52,39600.0,ukmo_uk_deterministic_2km,51.507725,0.042434692
EGLC,2025-05-10,21.2,8.5,15.4,17.8,6.6,0.0,0.0,,0.0,20.9,50.0,83.0,6.0,41.0,4.8,1017.9,25.94,49095.48,ukmo_uk_deterministic_2km,51.507725,0.042434692
EGLC,2025-05-11,23.3,9.6,17.3,20.5,7.8,0.0,0.0,,0.0,22.7,52.9,87.0,17.0,100.0,7.5,1011.1,25.61,49190.43,ukmo_uk_deterministic_2km,51.507725,0.042434692
EGLC,2025-05-12,24.1,14.9,19.1,23.4,14.3,13.5,13.5,,4.0,16.6,40.7,107.0,62.0,100.0,10.7,1011.1,20.15,40854.67,ukmo_uk_deterministic_2km,51.507725,0.042434692
EGLC,2025-05-13,23.4,12.4,17.7,21.6,11.6,0.0,0.0,,0.0,19.8,47.9,75.0,30.0,98.0,7.6,1017.3,26.05,49304.5,ukmo_uk_deterministic_2km,51.507725,0.042434692
EGLC,2025-05-14,22.3,9.0,15.3,21.0,6.3,0.0,0.0,,0.0,17.6,42.1,56.0,19.0,98.0,6.4,1021.0,25.94,45865.76,ukmo_uk_deterministic_2km,51.507725,0.042434692
EGLC,2025-05-15,14.2,8.9,11.9,10.9,5.7,0.0,0.0,,0.0,17.6,41.8,16.0,87.0,100.0,6.1,1024.5,9.35,0.0,ukmo_uk_deterministic_2km,51.507725,0.042434692
EGLC,2025-05-16,18.2,7.2,12.6,15.7,5.2,0.0,0.0,,0.0,17.6,42.8,12.0,25.0,100.0,6.0,1025.7,25.64,47648.63,ukmo_uk_deterministic_2km,51.507725,0.042434692
EGLC,2025-05-17,19.5,10.1,14.3,17.3,7.3,0.0,0.0,,0.0,14.4,33.5,14.0,52.0,100.0,6.0,1022.7,24.58,41547.19,ukmo_uk_deterministic_2km,51.507725,0.042434692
EGLC,2025-05-18,17.1,10.0,12.9,15.0,7.1,0.0,0.0,,0.0,13.7,31.0,18.0,67.0,100.0,6.6,1020.3,16.64,19183.73,ukmo_uk_deterministic_2km,51.507725,0.042434692
EGLC,2025-05-19,19.8,10.1,14.3,17.0,7.6,0.0,0.0,,0.0,18.4,45.4,76.0,54.0,100.0,6.8,1020.5,16.91,25864.46,ukmo_uk_deterministic_2km,51.507725,0.042434692
EGLC,2025-05-20,21.7,8.3,15.3,19.5,6.2,0.0,0.0,,0.0,12.2,29.2,43.0,47.0,100.0,5.3,1020.4,22.77,41870.38,ukmo_uk_deterministic_2km,51.507725,0.042434692
EGLC,2025-05-21,17.9,11.4,14.9,16.5,8.6,12.1,12.1,,9.0,15.5,36.4,352.0,74.0,100.0,6.7,1017.2,9.33,13253.81,ukmo_uk_deterministic_2km,51.507725,0.042434692
EGLC,2025-05-22,14.5,7.1,11.4,12.3,5.0,0.0,0.0,,0.0,13.0,31.7,19.0,50.0,100.0,4.5,1019.2,9.53,16598.77,ukmo_uk_deterministic_2km,51.507725,0.042434692
EGLC,2025-05-23,19.1,6.3,13.5,15.6,4.3,0.0,0.0,,0.0,18.4,42.5,255.0,42.0,100.0,3.5,1019.2,19.39,41499.1,ukmo_uk_deterministic_2km,51.507725,0.042434692
EGLC,2025-05-24,21.4,12.9,16.8,19.5,11.6,7.9,7.9,,5.0,22.3,50.0,244.0,99.0,100.0,12.1,1012.2,9.99,9429.41,ukmo_uk_deterministic_2km,51.507725,0.042434692
EGLC,2025-05-25,19.7,14.3,17.0,16.3,10.1,0.7,0.7,,3.0,23.4,53.3,254.0,73.0,100.0,8.0,1009.3,17.92,30766.35,ukmo_uk_deterministic_2km,51.507725,0.042434692
EGLC,2025-05-26,17.9,11.6,14.8,14.2,8.4,0.5,0.5,,4.0,24.8,57.2,241.0,81.0,100.0,7.4,1015.1,11.66,17304.06,ukmo_uk_deterministic_2km,51.507725,0.042434692
EGLC,2025-05-27,16.6,13.9,15.4,14.3,10.9,8.3,8.3,,9.0,25.9,59.0,233.0,97.0,100.0,11.8,1011.5,5.99,9440.99,ukmo_uk_deterministic_2km,51.507725,0.042434692
EGLC,2025-05-28,21.2,15.2,17.8,18.3,12.1,0.0,0.0,,0.0,23.0,51.8,267.0,72.0,100.0,9.7,1015.4,19.11,31278.0,ukmo_uk_deterministic_2km,51.507725,0.042434692
EGLC,2025-05-29,24.1,14.5,19.0,22.3,12.6,0.0,0.0,,0.0,26.3,60.5,231.0,93.0,100.0,12.0,1018.6,15.06,12676.41,ukmo_uk_deterministic_2km,51.507725,0.042434692
EGLC,2025-05-30,24.9,15.6,19.7,23.8,14.5,0.0,0.0,,0.0,15.5,37.4,236.0,66.0,100.0,12.6,1018.7,23.33,45494.11,ukmo_uk_deterministic_2km,51.507725,0.042434692
EGLC,2025-05-31,26.9,16.7,21.0,26.5,16.8,0.0,0.0,,0.0,19.4,44.6,234.0,72.0,100.0,12.6,1016.1,23.39,33271.44,ukmo_uk_deterministic_2km,51.507725,0.042434692
EGLC,2025-06-01,21.1,14.2,17.6,17.9,12.5,0.0,0.0,,0.0,21.6,49.0,249.0,62.0,98.0,8.1,1013.8,20.86,37979.32,ukmo_uk_deterministic_2km,51.507725,0.042434692
EGLC,2025-06-02,20.5,13.3,16.9,17.8,11.1,0.0,0.0,,0.0,18.4,42.5,262.0,57.0,100.0,6.1,1016.0,23.7,49847.56,ukmo_uk_deterministic_2km,51.507725,0.042434692
EGLC,2025-06-03,17.1,12.0,14.7,14.8,8.5,0.6,0.6,,3.0,26.3,60.5,214.0,86.0,100.0,9.8,1007.4,7.47,14131.02,ukmo_uk_deterministic_2km,51.507725,0.042434692
EGLC,2025-06-04,18.3,11.8,15.0,15.0,9.3,0.1,0.1,,1.0,22.0,49.7,236.0,75.0,100.0,7.6,1006.1,14.88,21402.88,ukmo_uk_deterministic_2km,51.507725,0.042434692
EGLC,2025-06-05,16.3,12.6,14.3,14.6,10.2,7.4,7.4,,11.0,21.2,48.2,218.0,100.0,100.0,11.2,1003.7,3.33,0.0,ukmo_uk_deterministic_2km,51.507725,0.042434692
EGLC,2025-06-06,20.3,11.3,15.7,16.0,8.5,0.1,0.1,,1.0,20.9,49.3,241.0,87.0,100.0,7.5,1006.4,14.22,17975.6,ukmo_uk_deterministic_2km,51.507725,0.042434692
EGLC,2025-06-07,17.3,11.6,13.7,15.1,10.0,13.4,13.4,,12.0,19.1,43.2,242.0,99.0,100.0,9.6,1006.3,6.21,0.0,ukmo_uk_deterministic_2km,51.507725,0.042434692
EGLC,2025-06-08,18.8,9.5,14.3,15.4,6.2,0.0,0.0,,0.0,18.7,44.3,275.0,48.0,100.0,5.5,1016.2,21.63,41980.76,ukmo_uk_deterministic_2km,51.507725,0.042434692
EGLC,2025-06-09,20.0,12.0,16.4,17.2,10.1,0.0,0.0,,0.0,19.4,43.6,238.0,78.0,100.0,7.9,1020.7,16.74,24026.41,ukmo_uk_deterministic_2km,51.507725,0.042434692
EGLC,2025-06-10,22.7,14.6,18.1,20.9,11.9,0.0,0.0,,0.0,20.5,46.1,261.0,88.0,100.0,10.5,1016.6,14.27,18197.31,ukmo_uk_deterministic_2km,51.507725,0.042434692
EGLC,2025-06-11,22.5,14.4,17.4,22.0,12.6,0.0,0.0,,0.0,23.4,52.9,104.0,59.0,100.0,11.2,1019.6,20.85,34188.8,ukmo_uk_deterministic_2km,51.507725,0.042434692
EGLC,2025-06-12,26.1,14.2,20.4,26.4,12.9,0.3,0.3,,1.0,20.5,46.4,128.0,39.0,100.0,13.1,1013.3,23.01,46526.54,ukmo_uk_deterministic_2km,51.507725,0.042434692
EGLC,2025-06-13,29.0,17.1,22.6,29.9,17.6,0.0,0.0,,0.0,17.6,40.3,148.0,45.0,100.0,14.2,1017.5,26.05,43334.51,ukmo_uk_deterministic_2km,51.507725,0.042434692
EGLC,2025-06-14,24.8,17.3,20.4,22.6,15.1,0.2,0.2,,1.0,23.0,55.1,220.0,45.0,100.0,12.3,1015.6,25.11,39600.0,ukmo_uk_deterministic_2km,51.507725,0.042434692
EGLC,2025-06-15,24.0,13.9,19.2,21.3,12.5,0.0,0.0,,0.0,18.4,44.6,261.0,42.0,94.0,9.8,1021.7,20.42,45648.99,ukmo_uk_deterministic_2km,51.507725,0.042434692
EGLC,2025-06-16,26.0,15.8,20.8,25.6,15.6,0.0,0.0,,0.0,15.1,34.9,256.0,22.0,70.0,11.3,1027.0,26.51,51123.94,ukmo_uk_deterministic_2km,51.507725,0.042434692
EGLC,2025-06-17,27.0,15.8,21.8,25.1,15.1,0.0,0.0,,0.0,14.4,33.8,258.0,47.0,100.0,11.0,1025.0,25.7,51028.64,ukmo_uk_deterministic_2km,51.507725,0.042434692
EGLC,2025-06-18,28.3,16.5,22.7,27.9,16.0,0.0,0.0,,0.0,13.0,29.9,296.0,26.0,96.0,12.0,1024.3,27.72,54000.0,ukmo_uk_deterministic_2km,51.507725,0.042434692
EGLC,2025-06-19,30.9,18.7,24.2,31.4,19.2,0.0,0.0,,0.0,19.1,43.6,97.0,12.0,100.0,13.5,1024.4,28.4,53475.44,ukmo_uk_deterministic_2km,51.507725,0.042434692
EGLC,2025-06-20,26.9,17.5,22.4,26.4,17.5,0.0,0.0,,0.0,20.2,46.4,93.0,69.0,100.0,14.2,1023.5,19.98,30268.35,ukmo_uk_deterministic_2km,51.507725,0.042434692
EGLC,2025-06-21,31.9,15.6,24.8,31.2,15.5,0.0,0.0,,0.0,16.2,36.7,126.0,50.0,100.0,12.8,1017.6,21.86,39600.0,ukmo_uk_deterministic_2km,51.507725,0.042434692
EGLC,2025-06-22,26.2,18.3,22.4,24.8,16.1,0.0,0.0,,0.0,26.3,61.6,240.0,69.0,100.0,12.8,1012.7,22.03,40424.77,ukmo_uk_deterministic_2km,51.507725,0.042434692
EGLC,2025-06-23,22.4,17.2,19.5,19.2,13.5,0.0,0.0,,0.0,24.5,55.4,262.0,54.0,100.0,8.0,1012.7,24.42,50108.87,ukmo_uk_deterministic_2km,51.507725,0.042434692
EGLC,2025-06-24,25.9,14.6,19.9,25.3,12.4,1.1,1.1,,3.0,22.7,51.8,246.0,52.0,100.0,12.8,1012.4,18.04,27984.43,ukmo_uk_deterministic_2km,51.507725,0.042434692
EGLC,2025-06-25,28.1,17.2,22.2,27.6,16.9,0.0,0.0,,0.0,17.3,38.9,239.0,63.0,100.0,14.0,1011.4,23.48,50200.38,ukmo_uk_deterministic_2km,51.507725,0.042434692
EGLC,2025-06-26,24.7,18.5,21.3,21.6,15.2,0.1,0.1,,1.0,24.1,55.4,253.0,84.0,100.0,12.3,1011.7,15.61,23670.9,ukmo_uk_deterministic_2km,51.507725,0.042434692
EGLC,2025-06-27,27.7,13.8,20.7,26.4,12.9,0.6,0.6,,2.0,24.1,55.1,234.0,52.0,100.0,12.3,1019.8,25.34,50723.12,ukmo_uk_deterministic_2km,51.507725,0.042434692
EGLC,2025-06-28,30.3,19.3,23.9,30.7,18.7,0.0,0.0,,0.0,18.4,41.8,237.0,49.0,94.0,16.7,1022.7,20.48,40033.85,ukmo_uk_deterministic_2km,51.507725,0.042434692
EGLC,2025-06-29,29.6,19.8,24.0,30.5,20.1,0.0,0.0,,0.0,15.5,34.9,266.0,35.0,99.0,15.7,1024.1,26.42,49957.83,ukmo_uk_deterministic_2km,51.507725,0.042434692
EGLC,2025-06-30,32.7,18.1,25.8,33.3,18.3,0.0,0.0,,0.0,17.6,41.8,126.0,15.0,95.0,15.6,1018.2,26.41,54000.0,ukmo_uk_deterministic_2km,51.507725,0.042434692
EGLC,2025-07-01,34.3,22.6,27.7,35.0,23.4,0.0,0.0,,0.0,14.8,33.5,336.0,22.0,100.0,16.0,1013.3,25.37,50400.0,ukmo_uk_deterministic_2km,51.507725,0.042434692
EGLC,2025-07-02,24.1,17.8,20.1,22.2,14.0,0.6,0.6,,2.0,18.4,43.6,336.0,67.0,100.0,12.3,1017.2,10.97,18000.0,ukmo_uk_deterministic_2km,51.507725,0.042434692
EGLC,2025-07-03,24.2,13.4,19.3,22.9,11.2,0.0,0.0,,0.0,14.8,33.5,315.0,15.0,94.0,5.3,1027.1,26.74,48622.07,ukmo_uk_deterministic_2km,51.507725,0.042434692
EGLC,2025-07-04,26.9,15.7,21.6,24.1,13.8,0.0,0.0,,0.0,20.2,45.4,249.0,60.0,100.0,7.6,1025.7,25.37,45575.82,ukmo_uk_deterministic_2km,51.507725,0.042434692
EGLC,2025-07-05,22.3,17.7,20.0,21.3,14.9,0.0,0.0,,0.0,22.7,50.8,240.0,91.0,100.0,12.9,1015.1,6.97,7313.29,ukmo_uk_deterministic_2km,51.507725,0.042434692
EGLC,2025-07-06,21.2,17.8,19.6,21.7,16.5,1.5,1.5,,4.0,15.8,38.2,290.0,90.0,100.0,13.2,1006.7,11.8,21966.9,ukmo_uk_deterministic_2km,51.507725,0.042434692
EGLC,2025-07-07,20.9,13.9,17.4,18.2,12.2,15.7,15.7,,7.0,20.9,48.6,330.0,80.0,100.0,9.5,1010.9,10.41,7607.1,ukmo_uk_deterministic_2km,51.507725,0.042434692
EGLC,2025-07-08,24.0,13.0,18.8,21.6,10.0,0.0,0.0,,0.0,17.6,40.0,319.0,34.0,100.0,6.6,1016.9,26.79,53058.98,ukmo_uk_deterministic_2km,51.507725,0.042434692
EGLC,2025-07-09,25.8,15.4,21.2,26.2,14.4,0.1,0.1,,1.0,11.5,26.3,291.0,42.0,96.0,10.8,1021.1,21.55,50976.19,ukmo_uk_deterministic_2km,51.507725,0.042434692
EGLC,2025-07-10,30.4,18.6,24.1,30.1,18.7,0.0,0.0,,0.0,19.4,44.3,24.0,46.0,92.0,13.2,1022.2,26.8,50423.36,ukmo_uk_deterministic_2km,51.507725,0.042434692
EGLC,2025-07-11,30.8,18.0,24.6,30.5,18.3,0.0,0.0,,0.0,17.3,39.2,108.0,6.0,32.0,13.3,1020.2,27.36,53838.12,ukmo_uk_deterministic_2km,51.507725,0.042434692
EGLC,2025-07-12,27.7,18.2,22.7,28.5,18.6,0.0,0.0,,0.0,19.1,45.4,92.0,27.0,84.0,14.4,1016.5,26.64,50723.28,ukmo_uk_deterministic_2km,51.507725,0.042434692
EGLC,2025-07-13,27.5,15.0,21.0,27.0,14.7,0.0,0.0,,0.0,15.8,37.1,82.0,57.0,100.0,13.8,1012.7,20.77,36448.96,ukmo_uk_deterministic_2km,51.507725,0.042434692
EGLC,2025-07-14,25.3,18.5,21.6,23.9,15.7,0.1,0.1,,1.0,24.5,56.2,224.0,64.0,100.0,12.1,1012.9,18.1,36755.72,ukmo_uk_deterministic_2km,51.507725,0.042434692
EGLC,2025-07-15,21.7,15.4,18.8,18.3,13.6,0.6,0.6,,4.0,26.6,60.1,229.0,58.0,100.0,10.4,1015.2,14.44,24765.57,ukmo_uk_deterministic_2km,51.507725,0.042434692
EGLC,2025-07-16,24.4,15.7,20.1,22.7,13.9,0.0,0.0,,0.0,18.7,42.8,286.0,60.0,100.0,11.1,1015.3,16.44,32692.2,ukmo_uk_deterministic_2km,51.507725,0.042434692
EGLC,2025-07-17,25.6,17.9,22.1,26.8,17.9,0.3,0.3,,2.0,12.6,31.0,190.0,97.0,100.0,14.6,1016.4,7.69,5915.26,ukmo_uk_deterministic_2km,51.507725,0.042434692
EGLC,2025-07-18,29.1,19.1,24.0,29.4,19.8,0.5,0.5,,1.0,11.5,33.1,220.0,72.0,100.0,15.1,1012.4,22.88,38839.24,ukmo_uk_deterministic_2km,51.507725,0.042434692
EGLC,2025-07-19,23.7,18.1,20.1,24.0,19.3,16.2,16.2,,10.0,12.2,28.1,212.0,94.0,100.0,16.3,1006.2,7.06,7016.79,ukmo_uk_deterministic_2km,51.507725,0.042434692
EGLC,2025-07-20,22.5,17.4,19.1,20.6,16.9,1.4,1.4,,6.0,24.8,54.4,180.0,79.0,100.0,14.1,1001.0,12.51,22645.08,ukmo_uk_deterministic_2km,51.507725,0.042434692
EGLC,2025-07-21,23.9,15.5,18.7,23.4,15.5,4.4,4.4,,4.0,18.4,41.4,240.0,94.0,100.0,12.9,1000.7,11.55,14400.0,ukmo_uk_deterministic_2km,51.507725,0.042434692
EGLC,2025-07-22,21.9,16.7,19.4,22.2,16.2,0.4,0.4,,2.0,13.7,31.0,272.0,80.0,100.0,14.0,1009.4,6.95,13760.55,ukmo_uk_deterministic_2km,51.507725,0.042434692
EGLC,2025-07-23,22.5,16.7,19.4,21.5,16.3,0.0,0.0,,0.0,13.3,30.2,324.0,86.0,100.0,11.8,1013.5,11.85,10588.97,ukmo_uk_deterministic_2km,51.507725,0.042434692
EGLC,2025-07-24,20.2,16.3,18.0,19.4,15.9,4.9,4.9,,6.0,16.6,37.8,344.0,85.0,100.0,14.5,1017.1,6.73,16190.27,ukmo_uk_deterministic_2km,51.507725,0.042434692
EGLC,2025-07-25,25.7,16.4,21.2,25.2,16.8,0.0,0.0,,0.0,17.6,40.7,263.0,41.0,98.0,13.5,1018.7,19.12,43727.53,ukmo_uk_deterministic_2km,51.507725,0.042434692
EGLC,2025-07-26,22.9,16.7,20.3,22.9,15.9,0.0,0.0,,0.0,15.8,36.4,268.0,57.0,100.0,13.3,1016.6,11.78,21534.9,ukmo_uk_deterministic_2km,51.507725,0.042434692
EGLC,2025-07-27,20.7,15.8,18.5,19.0,14.5,0.1,0.1,,1.0,13.7,33.1,341.0,91.0,100.0,9.9,1017.3,11.4,13239.13,ukmo_uk_deterministic_2km,51.507725,0.042434692
EGLC,2025-07-28,23.5,15.5,19.9,21.9,14.2,0.0,0.0,,0.0,14.8,34.6,305.0,59.0,100.0,9.2,1019.6,14.92,27171.8,ukmo_uk_deterministic_2km,51.507725,0.042434692
EGLC,2025-07-29,20.0,15.4,18.2,20.0,14.3,0.0,0.0,,0.0,9.0,22.3,290.0,77.0,100.0,11.0,1019.0,7.28,4420.43,ukmo_uk_deterministic_2km,51.507725,0.042434692
EGLC,2025-07-30,23.9,17.2,20.3,23.1,17.6,0.0,0.0,,0.0,11.9,28.8,291.0,85.0,100.0,13.2,1018.1,13.65,24228.9,ukmo_uk_deterministic_2km,51.507725,0.042434692
EGLC,2025-07-31,21.8,16.5,19.4,22.3,16.9,10.1,10.1,,8.0,13.0,28.4,261.0,79.0,100.0,15.1,1016.1,4.72,3600.0,ukmo_uk_deterministic_2km,51.507725,0.042434692
EGLC,2025-08-01,20.3,14.8,17.0,18.6,13.4,0.1,0.1,,1.0,16.6,39.2,336.0,79.0,100.0,10.9,1016.1,8.83,12262.67,ukmo_uk_deterministic_2km,51.507725,0.042434692
EGLC,2025-08-02,21.4,13.8,17.6,19.7,11.9,0.0,0.0,,0.0,12.2,32.8,292.0,74.0,100.0,8.3,1018.3,15.35,29685.11,ukmo_uk_deterministic_2km,51.507725,0.042434692
EGLC,2025-08-03,23.5,14.2,19.3,23.8,12.5,2.6,2.6,,2.0,18.0,40.7,255.0,74.0,100.0,13.4,1017.9,10.04,11490.53,ukmo_uk_deterministic_2km,51.507725,0.042434692
EGLC,2025-08-04,21.7,17.7,20.1,21.7,16.1,0.9,0.9,,4.0,24.8,57.2,239.0,77.0,100.0,14.6,1015.4,7.42,14870.82,ukmo_uk_deterministic_2km,51.507725,0.042434692
EGLC,2025-08-05,22.5,14.6,18.6,19.0,12.3,0.0,0.0,,0.0,21.2,50.0,283.0,18.0,93.0,7.3,1021.3,21.8,40934.04,ukmo_uk_deterministic_2km,51.507725,0.042434692
EGLC,2025-08-06,23.3,13.4,18.3,21.0,12.0,0.0,0.0,,0.0,14.8,33.5,240.0,61.0,97.0,7.6,1023.4,21.62,34892.4,ukmo_uk_deterministic_2km,51.507725,0.042434692
EGLC,2025-08-07,23.2,15.6,19.3,20.6,14.4,0.0,0.0,,0.0,23.0,52.6,227.0,73.0,100.0,12.0,1015.3,14.59,28637.0,ukmo_uk_deterministic_2km,51.507725,0.042434692
EGLC,2025-08-08,25.2,16.4,20.6,23.9,15.4,0.0,0.0,,0.0,15.5,34.9,257.0,61.0,100.0,11.5,1017.7,18.82,36370.7,ukmo_uk_deterministic_2km,51.507725,0.042434692
EGLC,2025-08-09,25.5,15.5,20.3,23.1,14.2,0.0,0.0,,0.0,17.3,40.0,268.0,32.0,91.0,9.3,1020.7,22.28,46800.0,ukmo_uk_deterministic_2km,51.507725,0.042434692
EGLC,2025-08-10,26.1,14.7,20.8,25.5,14.4,0.0,0.0,,0.0,12.2,28.8,231.0,15.0,73.0,11.3,1026.7,22.81,47119.15,ukmo_uk_deterministic_2km,51.507725,0.042434692
EGLC,2025-08-11,28.9,16.0,22.3,29.3,16.0,0.0,0.0,,0.0,18.0,40.7,95.0,29.0,100.0,13.1,1022.5,22.54,41607.11,ukmo_uk_deterministic_2km,51.507725,0.042434692
EGLC,2025-08-12,30.6,19.4,24.7,29.7,20.2,0.0,0.0,,0.0,16.6,40.0,91.0,31.0,100.0,13.9,1014.7,22.91,46805.31,ukmo_uk_deterministic_2km,51.507725,0.042434692
EGLC,2025-08-13,26.4,18.4,21.7,28.0,19.7,3.6,3.6,,2.0,14.0,32.0,199.0,67.0,100.0,16.5,1014.4,11.29,18458.7,ukmo_uk_deterministic_2km,51.507725,0.042434692
EGLC,2025-08-14,27.5,18.3,22.5,27.0,18.4,0.0,0.0,,0.0,15.5,35.3,236.0,62.0,97.0,14.7,1018.0,18.25,38413.22,ukmo_uk_deterministic_2km,51.507725,0.042434692
EGLC,2025-08-15,29.6,18.2,23.1,29.4,19.0,0.0,0.0,,0.0,18.0,40.7,8.0,28.0,82.0,15.0,1024.3,21.07,43200.0,ukmo_uk_deterministic_2km,51.507725,0.042434692
EGLC,2025-08-16,21.6,16.7,19.0,20.9,14.8,0.0,0.0,,0.0,15.8,36.0,55.0,86.0,100.0,13.5,1027.1,8.4,4889.9,ukmo_uk_deterministic_2km,51.507725,0.042434692
EGLC,2025-08-17,24.2,12.5,18.5,23.5,11.3,0.0,0.0,,0.0,19.1,42.8,77.0,26.0,100.0,11.6,1024.2,22.08,47031.1,ukmo_uk_deterministic_2km,51.507725,0.042434692
EGLC,2025-08-18,21.9,17.1,19.2,21.1,16.4,0.0,0.0,,0.0,16.2,37.1,68.0,93.0,100.0,13.2,1020.7,9.31,11618.98,ukmo_uk_deterministic_2km,51.507725,0.042434692
EGLC,2025-08-19,24.4,16.2,19.7,23.7,15.4,0.0,0.0,,0.0,20.2,45.7,55.0,96.0,100.0,13.7,1016.2,10.59,9796.6,ukmo_uk_deterministic_2km,51.507725,0.042434692
EGLC,2025-08-20,21.3,15.7,17.8,18.4,14.1,0.0,0.0,,0.0,20.5,46.4,25.0,90.0,100.0,10.5,1016.1,10.03,13620.56,ukmo_uk_deterministic_2km,51.507725,0.042434692
EGLC,2025-08-21,19.9,15.3,17.1,17.7,13.0,0.0,0.0,,0.0,18.0,42.1,5.0,88.0,100.0,9.4,1017.8,8.74,6374.33,ukmo_uk_deterministic_2km,51.507725,0.042434692
EGLC,2025-08-22,21.9,10.4,16.8,20.0,8.9,0.0,0.0,,0.0,10.4,24.1,316.0,53.0,99.0,6.7,1021.3,15.36,26543.83,ukmo_uk_deterministic_2km,51.507725,0.042434692
EGLC,2025-08-23,21.6,15.3,18.7,20.7,14.2,0.0,0.0,,0.0,15.5,35.6,70.0,89.0,100.0,10.1,1020.7,10.25,11765.44,ukmo_uk_deterministic_2km,51.507725,0.042434692
EGLC,2025-08-24,23.4,13.5,19.1,22.3,12.9,0.0,0.0,,0.0,12.6,28.8,164.0,66.0,100.0,9.8,1020.6,13.25,27129.63,ukmo_uk_deterministic_2km,51.507725,0.042434692
EGLC,2025-08-25,26.9,14.2,20.8,25.1,13.6,0.0,0.0,,0.0,12.6,33.5,140.0,22.0,100.0,9.1,1016.2,21.13,46368.74,ukmo_uk_deterministic_2km,51.507725,0.042434692
EGLC,2025-08-26,24.0,16.9,20.1,22.3,16.0,0.2,0.2,,1.0,22.7,51.1,225.0,78.0,100.0,12.5,1007.5,11.61,22358.77,ukmo_uk_deterministic_2km,51.507725,0.042434692
EGLC,2025-08-27,22.1,15.6,18.8,19.6,15.0,0.4,0.4,,2.0,24.5,56.5,209.0,69.0,100.0,13.0,1005.5,10.65,21881.91,ukmo_uk_deterministic_2km,51.507725,0.042434692
EGLC,2025-08-28,21.1,15.0,18.0,18.3,14.4,0.2,0.2,,1.0,19.8,45.7,224.0,83.0,100.0,11.7,1002.6,10.76,25237.7,ukmo_uk_deterministic_2km,51.507725,0.042434692
EGLC,2025-08-29,20.7,14.5,17.1,19.2,14.5,23.2,23.2,,7.0,17.3,39.2,239.0,87.0,100.0,12.6,997.1,9.34,16054.74,ukmo_uk_deterministic_2km,51.507725,0.042434692
EGLC,2025-08-30,21.1,13.8,17.4,19.2,12.9,1.6,1.6,,5.0,23.0,52.9,213.0,74.0,100.0,13.2,1002.9,10.99,16482.65,ukmo_uk_deterministic_2km,51.507725,0.042434692
EGLC,2025-08-31,21.0,14.3,18.0,18.6,13.2,0.4,0.4,,2.0,22.7,51.5,205.0,38.0,99.0,11.7,1003.7,14.27,30294.57,ukmo_uk_deterministic_2km,51.507725,0.042434692
EGLC,2025-09-01,20.4,15.0,17.1,18.3,14.3,3.8,3.8,,4.0,19.8,43.2,208.0,66.0,100.0,12.5,1003.4,8.93,18978.02,ukmo_uk_deterministic_2km,51.507725,0.042434692
EGLC,2025-09-02,18.3,13.8,16.3,17.7,13.1,1.1,1.1,,4.0,15.5,35.3,184.0,74.0,100.0,12.7,1003.1,4.88,12237.03,ukmo_uk_deterministic_2km,51.507725,0.042434692
EGLC,2025-09-03,20.8,16.2,18.1,18.1,15.3,15.9,15.9,,13.0,30.2,68.0,213.0,88.0,100.0,15.1,997.7,5.03,10363.38,ukmo_uk_deterministic_2km,51.507725,0.042434692
EGLC,2025-09-04,19.6,14.7,16.8,16.8,13.2,5.7,5.7,,2.0,21.6,48.2,231.0,64.0,100.0,11.1,1006.4,10.11,23419.35,ukmo_uk_deterministic_2km,51.507725,0.042434692
EGLC,2025-09-05,21.9,12.2,17.2,19.9,11.0,0.0,0.0,,0.0,15.5,35.3,244.0,54.0,100.0,10.0,1019.2,16.07,36007.1,ukmo_uk_deterministic_2km,51.507725,0.042434692
EGLC,2025-09-06,23.3,13.4,18.4,20.6,13.0,0.0,0.0,,0.0,20.9,48.6,131.0,62.0,100.0,11.9,1018.5,15.72,35941.5,ukmo_uk_deterministic_2km,51.507725,0.042434692
EGLC,2025-09-07,25.5,16.6,20.6,24.9,15.6,0.0,0.0,,0.0,20.2,46.4,164.0,63.0,100.0,13.7,1009.3,13.89,23842.36,ukmo_uk_deterministic_2km,51.507725,0.042434692
EGLC,2025-09-08,20.9,14.7,17.6,18.4,13.4,0.0,0.0,,0.0,16.9,38.2,236.0,41.0,100.0,10.1,1015.9,17.44,37843.27,ukmo_uk_deterministic_2km,51.507725,0.042434692
EGLC,2025-09-09,21.1,11.0,16.4,19.5,10.5,0.0,0.0,,0.0,16.6,38.9,203.0,37.0,100.0,9.3,1015.5,13.84,35606.38,ukmo_uk_deterministic_2km,51.507725,0.042434692
EGLC,2025-09-10,17.6,14.6,16.0,16.4,13.0,2.3,2.3,,5.0,17.3,39.6,172.0,91.0,100.0,12.4,1003.6,4.7,2004.13,ukmo_uk_deterministic_2km,51.507725,0.042434692
EGLC,2025-09-11,18.1,12.9,14.8,14.8,10.5,4.6,4.6,,3.0,20.9,47.2,237.0,65.0,100.0,9.8,1003.3,8.53,13900.32,ukmo_uk_deterministic_2km,51.507725,0.042434692
EGLC,2025-09-12,17.8,12.0,14.3,14.4,9.3,1.9,1.9,,3.0,25.2,56.2,233.0,75.0,100.0,8.7,1010.0,9.07,18377.91,ukmo_uk_deterministic_2km,51.507725,0.042434692
EGLC,2025-09-13,17.3,12.2,14.1,14.3,9.9,1.2,1.2,,5.0,23.0,51.5,223.0,73.0,100.0,9.2,1009.3,8.03,15544.37,ukmo_uk_deterministic_2km,51.507725,0.042434692
EGLC,2025-09-14,18.1,9.5,14.3,17.2,7.7,1.5,1.5,,4.0,24.5,56.2,208.0,64.0,100.0,10.9,1008.8,4.8,11176.75,ukmo_uk_deterministic_2km,51.507725,0.042434692
EGLC,2025-09-15,18.8,14.9,16.6,14.5,10.9,0.0,0.0,,0.0,33.1,74.9,241.0,41.0,100.0,9.5,1004.9,11.76,24725.91,ukmo_uk_deterministic_2km,51.507725,0.042434692
EGLC,2025-09-16,19.3,12.8,15.8,15.4,9.8,0.0,0.0,,0.0,24.5,55.4,258.0,38.0,100.0,7.9,1016.5,13.13,32283.85,ukmo_uk_deterministic_2km,51.507725,0.042434692
EGLC,2025-09-17,18.6,13.5,16.4,17.3,12.2,1.2,1.2,,3.0,24.8,56.9,225.0,98.0,100.0,13.3,1017.1,3.79,0.0,ukmo_uk_deterministic_2km,51.507725,0.042434692
EGLC,2025-09-18,21.7,17.8,19.5,20.6,17.2,0.0,0.0,,0.0,23.8,54.4,228.0,82.0,100.0,15.6,1018.6,9.15,21386.65,ukmo_uk_deterministic_2km,51.507725,0.042434692
EGLC,2025-09-19,26.6,16.0,20.2,25.4,16.2,0.0,0.0,,0.0,18.4,42.5,202.0,50.0,98.0,14.0,1017.6,15.2,39600.0,ukmo_uk_deterministic_2km,51.507725,0.042434692
EGLC,2025-09-20,21.4,14.6,17.4,20.5,10.0,0.2,0.2,,1.0,30.2,69.1,214.0,72.0,100.0,12.9,1009.8,6.27,5941.58,ukmo_uk_deterministic_2km,51.507725,0.042434692
EGLC,2025-09-21,16.3,10.6,13.2,12.9,7.5,0.0,0.0,,0.0,30.2,68.4,331.0,65.0,100.0,5.3,1017.0,8.32,27069.02,ukmo_uk_deterministic_2km,51.507725,0.042434692
EGLC,2025-09-22,16.1,7.8,11.7,12.4,4.9,0.0,0.0,,0.0,21.2,48.2,16.0,20.0,95.0,4.1,1026.3,11.08,34828.17,ukmo_uk_deterministic_2km,51.507725,0.042434692
EGLC,2025-09-23,16.3,6.3,11.5,13.8,3.5,0.0,0.0,,0.0,14.8,32.8,13.0,58.0,100.0,5.8,1028.0,8.18,18519.18,ukmo_uk_deterministic_2km,51.507725,0.042434692
EGLC,2025-09-24,17.8,10.0,13.5,13.7,7.9,0.0,0.0,,0.0,17.3,39.2,34.0,82.0,100.0,6.1,1026.8,12.56,30814.42,ukmo_uk_deterministic_2km,51.507725,0.042434692
EGLC,2025-09-25,18.6,9.2,13.6,14.4,6.7,0.0,0.0,,0.0,17.6,41.4,32.0,41.0,100.0,4.8,1024.5,14.83,39817.94,ukmo_uk_deterministic_2km,51.507725,0.042434692
EGLC,2025-09-26,15.3,10.5,13.0,13.0,7.9,0.0,0.0,,0.0,13.0,30.2,60.0,72.0,100.0,7.2,1021.8,6.04,10800.0,ukmo_uk_deterministic_2km,51.507725,0.042434692
EGLC,2025-09-27,17.3,10.6,14.0,14.9,9.0,0.0,0.0,,0.0,14.8,34.2,142.0,63.0,100.0,8.5,1019.8,7.54,26690.64,ukmo_uk_deterministic_2km,51.507725,0.042434692
EGLC,2025-09-28,16.5,11.5,13.6,15.6,10.4,0.1,0.1,,1.0,11.2,24.8,193.0,76.0,100.0,10.9,1020.8,3.86,0.0,ukmo_uk_deterministic_2km,51.507725,0.042434692
EGLC,2025-09-29,17.9,6.9,13.0,16.3,5.2,0.0,0.0,,0.0,8.6,22.0,333.0,76.0,100.0,7.9,1025.1,11.2,25253.47,ukmo_uk_deterministic_2km,51.507725,0.042434692
EGLC,2025-09-30,19.2,8.7,14.5,17.8,8.0,0.0,0.0,,0.0,9.4,21.6,281.0,25.0,87.0,7.9,1025.9,13.08,37829.24,ukmo_uk_deterministic_2km,51.507725,0.042434692
EGLC,2025-10-01,17.9,11.2,14.3,16.8,10.2,0.0,0.0,,0.0,10.4,24.8,200.0,76.0,100.0,9.6,1027.2,4.87,7286.88,ukmo_uk_deterministic_2km,51.507725,0.042434692
EGLC,2025-10-02,19.3,10.8,14.9,17.6,9.9,0.0,0.0,,0.0,15.8,36.4,187.0,95.0,100.0,10.7,1022.9,8.02,15187.71,ukmo_uk_deterministic_2km,51.507725,0.042434692
EGLC,2025-10-03,18.0,14.3,16.2,17.0,13.1,9.9,9.9,,14.0,30.6,70.6,201.0,100.0,100.0,13.8,1008.9,0.91,0.0,ukmo_uk_deterministic_2km,51.507725,0.042434692
EGLC,2025-10-04,18.0,12.2,13.9,16.7,6.9,5.8,5.8,,4.0,34.9,78.5,254.0,66.0,100.0,7.5,1000.7,8.23,20930.99,ukmo_uk_deterministic_2km,51.507725,0.042434692
EGLC,2025-10-05,16.6,11.3,13.8,12.8,7.3,0.0,0.0,,0.0,22.7,51.5,277.0,41.0,97.0,5.7,1015.2,9.95,24585.27,ukmo_uk_deterministic_2km,51.507725,0.042434692
EGLC,2025-10-06,20.5,10.8,15.3,19.3,8.4,0.0,0.0,,0.0,14.0,33.5,254.0,39.0,91.0,9.6,1023.7,11.57,34798.3,ukmo_uk_deterministic_2km,51.507725,0.042434692
EGLC,2025-10-07,16.9,12.7,14.9,15.1,11.3,0.0,0.0,,0.0,12.6,29.2,248.0,94.0,100.0,9.8,1024.2,6.14,3600.0,ukmo_uk_deterministic_2km,51.507725,0.042434692
EGLC,2025-10-08,17.1,13.4,14.9,16.9,11.5,0.0,0.0,,0.0,10.4,24.1,282.0,85.0,100.0,11.0,1023.5,3.38,7200.0,ukmo_uk_deterministic_2km,51.507725,0.042434692
EGLC,2025-10-09,15.9,9.5,13.1,14.1,7.4,0.0,0.0,,0.0,12.2,28.8,291.0,76.0,100.0,7.9,1027.7,7.43,20413.11,ukmo_uk_deterministic_2km,51.507725,0.042434692
EGLC,2025-10-10,15.2,13.9,14.6,14.7,12.6,0.0,0.0,,0.0,9.0,20.9,303.0,97.0,100.0,10.0,1033.1,3.9,351.99,ukmo_uk_deterministic_2km,51.507725,0.042434692
EGLC,2025-10-11,15.9,10.9,13.5,14.9,9.4,0.0,0.0,,0.0,10.4,23.8,27.0,87.0,100.0,8.7,1034.4,7.4,14737.42,ukmo_uk_deterministic_2km,51.507725,0.042434692
EGLC,2025-10-12,15.7,8.9,12.0,14.1,7.4,0.0,0.0,,0.0,11.9,26.6,46.0,75.0,100.0,8.2,1032.2,6.93,14553.76,ukmo_uk_deterministic_2km,51.507725,0.042434692
EGLC,2025-10-13,16.6,13.3,14.7,15.3,12.5,0.0,0.0,,0.0,13.3,30.2,48.0,88.0,100.0,11.4,1029.6,4.4,5625.97,ukmo_uk_deterministic_2km,51.507725,0.042434692
EGLC,2025-10-14,14.0,11.5,12.7,12.5,9.6,0.0,0.0,,0.0,14.4,32.8,21.0,97.0,100.0,9.9,1029.8,3.33,510.22,ukmo_uk_deterministic_2km,51.507725,0.042434692
EGLC,2025-10-15,13.7,11.1,12.3,12.1,8.8,0.0,0.0,,0.0,14.0,32.0,20.0,99.0,100.0,8.9,1029.6,2.87,0.0,ukmo_uk_deterministic_2km,51.507725,0.042434692
EGLC,2025-10-16,15.7,11.1,13.2,14.6,9.6,0.0,0.0,,0.0,11.5,26.3,36.0,97.0,100.0,9.2,1027.5,3.45,0.0,ukmo_uk_deterministic_2km,51.507725,0.042434692
EGLC,2025-10-17,15.2,12.6,13.7,13.3,10.6,0.0,0.0,,0.0,10.8,24.1,56.0,89.0,100.0,8.1,1026.0,4.96,8852.72,ukmo_uk_deterministic_2km,51.507725,0.042434692
EGLC,2025-10-18,15.7,11.8,13.3,12.5,9.6,0.0,0.0,,0.0,14.8,33.5,114.0,98.0,100.0,6.7,1023.1,5.57,10959.85,ukmo_uk_deterministic_2km,51.507725,0.042434692
EGLC,2025-10-19,15.5,12.3,14.0,14.6,10.2,1.5,1.5,,4.0,19.1,43.2,147.0,85.0,100.0,11.1,1005.6,2.85,10936.54,ukmo_uk_deterministic_2km,51.507725,0.042434692
EGLC,2025-10-20,14.5,12.9,13.7,13.5,11.5,13.7,13.7,,12.0,19.1,43.9,196.0,87.0,100.0,12.1,989.9,1.13,0.0,ukmo_uk_deterministic_2km,51.507725,0.042434692
EGLC,2025-10-21,16.0,12.1,13.7,13.5,10.1,0.1,0.1,,1.0,22.7,51.5,245.0,87.0,100.0,10.2,992.2,3.6,2510.33,ukmo_uk_deterministic_2km,51.507725,0.042434692
EGLC,2025-10-22,15.6,10.0,12.2,13.5,8.0,11.8,11.8,,4.0,15.1,33.8,220.0,94.0,100.0,8.5,995.3,4.9,9996.35,ukmo_uk_deterministic_2km,51.507725,0.042434692
EGLC,2025-10-23,12.1,8.2,10.3,9.0,3.3,6.6,6.6,,9.0,28.4,65.2,313.0,99.0,100.0,7.1,985.8,1.22,0.0,ukmo_uk_deterministic_2km,51.507725,0.042434692
EGLC,2025-10-24,12.8,6.5,9.5,8.7,2.4,0.0,0.0,,0.0,22.7,50.4,246.0,47.0,100.0,4.0,999.3,6.18,22663.66,ukmo_uk_deterministic_2km,51.507725,0.042434692
EGLC,2025-10-25,11.9,7.7,10.0,8.3,3.5,0.6,0.6,,2.0,20.5,46.1,286.0,62.0,100.0,4.7,1002.5,4.33,19502.32,ukmo_uk_deterministic_2km,51.507725,0.042434692
EGLC,2025-10-26,10.7,5.2,8.2,7.5,1.4,1.2,1.2,,4.0,23.0,51.8,264.0,63.0,100.0,3.6,1008.4,4.32,13125.85,ukmo_uk_deterministic_2km,51.507725,0.042434692
EGLC,2025-10-27,13.8,10.6,12.1,9.5,6.3,0.0,0.0,,0.0,23.8,54.4,270.0,67.0,100.0,5.6,1006.0,5.71,21482.02,ukmo_uk_deterministic_2km,51.507725,0.042434692
EGLC,2025-10-28,15.1,12.0,13.2,11.3,9.1,0.1,0.1,,1.0,22.0,50.4,251.0,86.0,100.0,7.4,1006.8,5.22,18402.33,ukmo_uk_deterministic_2km,51.507725,0.042434692
EGLC,2025-10-29,13.0,9.1,11.8,11.2,6.6,9.0,9.0,,8.0,16.6,37.4,232.0,91.0,100.0,9.3,1001.0,0.77,0.0,ukmo_uk_deterministic_2km,51.507725,0.042434692
EGLC,2025-10-30,13.5,6.5,10.1,11.0,3.6,0.0,0.0,,0.0,17.3,39.2,210.0,74.0,100.0,6.0,1006.2,4.09,14485.94,ukmo_uk_deterministic_2km,51.507725,0.042434692
EGLC,2025-10-31,15.8,13.0,14.7,14.0,10.3,1.0,1.0,,5.0,24.8,56.5,186.0,90.0,100.0,11.8,1002.3,2.15,0.0,ukmo_uk_deterministic_2km,51.507725,0.042434692
EGLC,2025-11-01,15.9,10.3,13.6,13.0,7.9,1.6,1.6,,5.0,27.4,63.0,218.0,73.0,100.0,9.1,1001.9,6.29,20625.19,ukmo_uk_deterministic_2km,51.507725,0.042434692
EGLC,2025-11-02,12.7,7.9,9.9,8.8,5.4,4.4,4.4,,4.0,16.6,37.4,236.0,46.0,100.0,5.6,1008.3,4.84,15425.23,ukmo_uk_deterministic_2km,51.507725,0.042434692
EGLC,2025-11-03,16.2,8.0,13.2,13.1,5.6,0.7,0.7,,2.0,24.5,56.2,218.0,85.0,100.0,9.9,1012.6,3.66,10971.75,ukmo_uk_deterministic_2km,51.507725,0.042434692
EGLC,2025-11-04,15.9,14.3,14.9,13.7,12.0,0.0,0.0,,0.0,19.8,45.7,196.0,84.0,100.0,11.0,1011.4,4.08,10752.79,ukmo_uk_deterministic_2km,51.507725,0.042434692
EGLC,2025-11-05,17.1,15.3,16.1,15.4,13.3,0.0,0.0,,0.0,18.0,41.4,173.0,86.0,100.0,10.7,1008.2,3.17,5067.14,ukmo_uk_deterministic_2km,51.507725,0.042434692
EGLC,2025-11-06,17.5,14.7,15.8,17.4,14.5,0.5,0.5,,4.0,9.4,21.6,170.0,99.0,100.0,12.0,1005.9,2.15,0.0,ukmo_uk_deterministic_2km,51.507725,0.042434692
EGLC,2025-11-07,15.5,13.7,14.4,15.4,12.5,0.2,0.2,,1.0,16.9,38.5,150.0,88.0,100.0,12.0,1005.9,1.99,5526.45,ukmo_uk_deterministic_2km,51.507725,0.042434692
EGLC,2025-11-08,14.6,9.6,12.8,13.3,7.7,0.0,0.0,,0.0,13.7,31.0,239.0,54.0,100.0,9.5,1012.4,4.41,22879.22,ukmo_uk_deterministic_2km,51.507725,0.042434692
EGLC,2025-11-09,14.4,6.6,10.8,12.2,5.2,0.4,0.4,,1.0,15.8,36.0,193.0,56.0,100.0,8.0,1015.4,4.64,17489.49,ukmo_uk_deterministic_2km,51.507725,0.042434692
EGLC,2025-11-10,13.3,10.3,12.4,11.7,8.3,7.1,7.1,,11.0,18.7,42.8,198.0,89.0,100.0,10.6,1006.2,0.78,0.0,ukmo_uk_deterministic_2km,51.507725,0.042434692
EGLC,2025-11-11,15.1,8.9,12.6,13.2,7.1,0.0,0.0,,0.0,21.6,49.7,188.0,88.0,100.0,9.8,1006.1,2.3,4444.54,ukmo_uk_deterministic_2km,51.507725,0.042434692
EGLC,2025-11-12,16.6,13.3,14.9,14.8,11.7,0.3,0.3,,1.0,20.2,46.4,189.0,84.0,100.0,10.9,1003.7,3.32,8898.62,ukmo_uk_deterministic_2km,51.507725,0.042434692
EGLC,2025-11-13,17.2,13.6,14.9,16.4,11.9,5.7,5.7,,4.0,17.6,40.0,201.0,80.0,100.0,11.4,1005.9,4.71,20405.52,ukmo_uk_deterministic_2km,51.507725,0.042434692
EGLC,2025-11-14,14.3,13.0,13.6,14.4,12.0,14.4,14.4,,18.0,14.0,32.0,89.0,99.0,100.0,12.8,1002.1,0.6,0.0,ukmo_uk_deterministic_2km,51.507725,0.042434692
EGLC,2025-11-15,13.7,11.0,12.4,13.9,9.3,0.0,0.0,,0.0,11.5,26.3,35.0,95.0,100.0,11.2,1007.5,1.64,405.19,ukmo_uk_deterministic_2km,51.507725,0.042434692
EGLC,2025-11-16,10.8,7.7,9.7,9.1,4.1,0.1,0.1,,1.0,16.9,38.2,25.0,97.0,100.0,5.7,1011.7,1.52,0.0,ukmo_uk_deterministic_2km,51.507725,0.042434692
EGLC,2025-11-17,8.4,3.7,6.3,4.3,1.0,0.0,0.0,,0.0,17.6,40.7,344.0,42.0,98.0,1.8,1021.3,4.84,23520.88,ukmo_uk_deterministic_2km,51.507725,0.042434692
EGLC,2025-11-18,7.4,1.3,4.5,4.1,-2.4,0.0,0.0,,0.0,16.6,36.7,248.0,69.0,100.0,1.2,1018.0,2.31,4036.92,ukmo_uk_deterministic_2km,51.507725,0.042434692
EGLC,2025-11-19,5.7,2.0,4.3,2.2,-3.1,5.3,5.2,,7.0,23.8,53.6,320.0,96.0,100.0,1.5,1008.2,1.8,7200.0,ukmo_uk_deterministic_2km,51.507725,0.042434692
EGLC,2025-11-20,4.2,0.2,2.3,-0.0,-4.3,0.0,0.0,,0.0,18.0,40.7,312.0,67.0,100.0,-3.1,1014.7,3.14,15664.65,ukmo_uk_deterministic_2km,51.507725,0.042434692
EGLC,2025-11-21,6.8,1.1,3.3,3.7,-2.8,0.0,0.0,,0.0,15.8,36.4,330.0,53.0,100.0,-0.2,1025.2,5.05,26688.87,ukmo_uk_deterministic_2km,51.507725,0.042434692
EGLC,2025-11-22,7.8,1.7,5.7,4.8,-1.4,9.3,9.3,,9.0,18.7,42.8,200.0,93.0,100.0,3.0,1019.0,0.48,0.0,ukmo_uk_deterministic_2km,51.507725,0.042434692
EGLC,2025-11-23,10.4,6.4,8.4,6.9,2.5,3.9,3.9,,6.0,20.9,47.9,233.0,53.0,100.0,5.2,1001.0,4.14,19279.74,ukmo_uk_deterministic_2km,51.507725,0.042434692
EGLC,2025-11-24,7.5,5.9,6.6,5.5,1.7,3.7,3.5,,6.0,20.2,45.7,290.0,91.0,100.0,3.9,994.1,0.9,0.0,ukmo_uk_deterministic_2km,51.507725,0.042434692
EGLC,2025-11-25,6.8,4.3,5.7,3.3,0.7,0.0,0.0,,0.0,19.1,43.2,328.0,69.0,100.0,2.0,1012.3,1.92,8341.31,ukmo_uk_deterministic_2km,51.507725,0.042434692
EGLC,2025-11-26,8.3,1.9,5.0,4.7,-1.0,0.0,0.0,,0.0,16.9,38.5,246.0,57.0,100.0,1.5,1021.6,4.22,23747.2,ukmo_uk_deterministic_2km,51.507725,0.042434692
EGLC,2025-11-27,13.5,8.6,11.8,11.1,5.6,0.4,0.4,,3.0,20.5,47.9,224.0,99.0,100.0,10.1,1014.1,1.7,0.0,ukmo_uk_deterministic_2km,51.507725,0.042434692
EGLC,2025-11-28,13.3,10.0,11.5,11.2,7.3,0.1,0.1,,1.0,20.2,46.1,231.0,79.0,100.0,7.7,1011.2,3.12,11369.54,ukmo_uk_deterministic_2km,51.507725,0.042434692
EGLC,2025-11-29,11.6,6.1,10.0,9.1,2.3,3.5,3.5,,2.0,24.5,55.4,219.0,83.0,100.0,7.0,1003.1,0.64,0.0,ukmo_uk_deterministic_2km,51.507725,0.042434692
EGLC,2025-11-30,8.7,4.1,6.3,5.1,-0.2,0.0,0.0,,0.0,16.2,36.7,259.0,38.0,100.0,1.5,1012.0,4.22,24991.0,ukmo_uk_deterministic_2km,51.507725,0.042434692
EGLC,2025-12-01,11.5,6.9,9.9,7.5,3.3,2.0,2.0,,7.0,29.2,67.3,196.0,100.0,100.0,7.7,1003.9,0.42,0.0,ukmo_uk_deterministic_2km,51.507725,0.042434692
EGLC,2025-12-02,11.5,7.9,9.6,8.5,5.9,2.3,2.3,,6.0,21.2,48.6,203.0,81.0,100.0,6.8,1002.4,2.56,7529.19,ukmo_uk_deterministic_2km,51.507725,0.042434692
EGLC,2025-12-03,10.3,5.6,7.6,8.0,3.8,1.0,1.0,,3.0,12.6,28.8,187.0,80.0,100.0,5.3,1007.8,3.03,18190.83,ukmo_uk_deterministic_2km,51.507725,0.042434692
EGLC,2025-12-04,8.3,4.9,7.4,5.7,2.1,7.6,7.5,,5.0,18.4,41.0,180.0,85.0,100.0,5.5,999.5,0.36,0.0,ukmo_uk_deterministic_2km,51.507725,0.042434692
EGLC,2025-12-05,9.1,1.9,5.7,5.7,-0.7,1.0,1.0,,4.0,30.2,69.5,176.0,70.0,100.0,3.0,1003.5,2.84,12615.32,ukmo_uk_deterministic_2km,51.507725,0.042434692
EGLC,2025-12-06,12.3,9.3,10.8,8.6,5.5,2.4,2.4,,7.0,22.7,51.8,222.0,93.0,100.0,7.7,996.3,1.39,1411.91,ukmo_uk_deterministic_2km,51.507725,0.042434692
EGLC,2025-12-07,14.1,8.0,11.3,12.1,6.6,3.7,3.7,,6.0,26.3,59.8,223.0,80.0,100.0,9.0,1001.3,0.49,0.0,ukmo_uk_deterministic_2km,51.507725,0.042434692
EGLC,2025-12-08,13.7,11.5,12.6,11.6,8.8,1.8,1.8,,5.0,19.1,43.6,219.0,96.0,100.0,9.8,1008.0,0.93,643.33,ukmo_uk_deterministic_2km,51.507725,0.042434692
EGLC,2025-12-09,14.4,12.4,13.4,11.5,9.3,3.4,3.4,,5.0,25.6,59.4,200.0,86.0,100.0,10.1,1005.1,0.92,0.0,ukmo_uk_deterministic_2km,51.507725,0.042434692
EGLC,2025-12-10,13.8,10.1,12.0,10.0,7.2,0.0,0.0,,0.0,20.9,46.8,229.0,27.0,84.0,7.2,1014.6,3.36,22332.36,ukmo_uk_deterministic_2km,51.507725,0.042434692
EGLC,2025-12-11,12.2,8.8,10.2,9.4,6.7,0.0,0.0,,0.0,17.3,39.2,199.0,63.0,100.0,7.2,1018.8,2.87,15499.88,ukmo_uk_deterministic_2km,51.507725,0.042434692
EGLC,2025-12-12,12.5,9.2,11.0,10.7,6.8,0.0,0.0,,0.0,18.0,40.7,201.0,97.0,100.0,8.2,1016.9,1.34,519.4,ukmo_uk_deterministic_2km,51.507725,0.042434692
EGLC,2025-12-13,11.1,5.1,8.1,8.0,2.7,0.0,0.0,,0.0,11.9,27.4,228.0,65.0,100.0,4.8,1026.5,3.47,17244.0,ukmo_uk_deterministic_2km,51.507725,0.042434692
EGLC,2025-12-14,11.2,7.1,9.0,7.8,4.1,0.0,0.0,,0.0,19.1,44.3,205.0,63.0,100.0,5.9,1019.0,2.83,13083.32,ukmo_uk_deterministic_2km,51.507725,0.042434692
EGLC,2025-12-15,11.6,10.3,10.9,9.3,6.8,0.0,0.0,,0.0,20.2,46.8,187.0,97.0,100.0,7.6,1007.4,1.11,0.0,ukmo_uk_deterministic_2km,51.507725,0.042434692
EGLC,2025-12-16,12.7,7.7,10.6,11.1,5.0,0.0,0.0,,0.0,13.7,31.7,191.0,98.0,100.0,8.1,1008.7,0.96,0.0,ukmo_uk_deterministic_2km,51.507725,0.042434692
EGLC,2025-12-17,10.6,2.0,7.0,6.6,-0.9,0.0,0.0,,0.0,21.2,49.0,211.0,83.0,100.0,4.1,1014.8,1.34,1244.69,ukmo_uk_deterministic_2km,51.507725,0.042434692
EGLC,2025-12-18,12.4,10.5,11.2,8.8,6.8,14.8,14.8,,12.0,30.6,69.8,201.0,100.0,100.0,9.3,1005.5,0.32,0.0,ukmo_uk_deterministic_2km,51.507725,0.042434692
EGLC,2025-12-19,11.6,7.3,9.8,9.2,5.2,0.1,0.1,,1.0,17.3,39.2,232.0,43.0,100.0,5.1,1014.2,3.56,24552.22,ukmo_uk_deterministic_2km,51.507725,0.042434692
EGLC,2025-12-20,9.8,4.4,6.9,7.5,2.2,0.0,0.0,,0.0,13.0,29.2,115.0,51.0,94.0,4.7,1013.1,3.29,22442.65,ukmo_uk_deterministic_2km,51.507725,0.042434692
EGLC,2025-12-21,10.6,7.8,9.5,8.5,5.0,6.9,6.9,,7.0,17.6,40.0,89.0,96.0,100.0,8.4,1007.1,1.64,4315.55,ukmo_uk_deterministic_2km,51.507725,0.042434692
EGLC,2025-12-22,10.7,8.3,9.6,9.2,5.9,0.3,0.3,,2.0,13.3,29.9,84.0,94.0,100.0,8.3,1007.7,1.96,8826.83,ukmo_uk_deterministic_2km,51.507725,0.042434692
EGLC,2025-12-23,8.7,6.3,7.5,6.4,1.5,0.0,0.0,,0.0,21.2,48.6,60.0,100.0,100.0,4.3,1017.1,0.9,0.0,ukmo_uk_deterministic_2km,51.507725,0.042434692
EGLC,2025-12-24,6.5,4.0,5.5,1.6,-1.4,0.0,0.0,,0.0,28.8,64.4,57.0,79.0,100.0,0.1,1030.5,2.82,17322.99,ukmo_uk_deterministic_2km,51.507725,0.042434692
EGLC,2025-12-25,5.9,3.4,4.3,0.2,-2.3,0.0,0.0,,0.0,24.8,55.8,54.0,36.0,100.0,-1.8,1028.5,3.7,21641.76,ukmo_uk_deterministic_2km,51.507725,0.042434692
EGLC,2025-12-26,6.4,3.8,5.0,2.0,-0.5,0.0,0.0,,0.0,18.0,40.7,62.0,95.0,100.0,1.4,1029.1,1.83,1344.43,ukmo_uk_deterministic_2km,51.507725,0.042434692
EGLC,2025-12-27,7.8,2.6,5.4,4.1,-1.2,0.0,0.0,,0.0,19.4,44.6,47.0,69.0,100.0,2.8,1033.8,2.24,11327.67,ukmo_uk_deterministic_2km,51.507725,0.042434692
EGLC,2025-12-28,7.6,6.0,7.0,3.8,2.3,0.0,0.0,,0.0,18.4,41.4,43.0,93.0,100.0,2.7,1032.2,1.84,1386.65,ukmo_uk_deterministic_2km,51.507725,0.042434692
EGLC,2025-12-29,6.7,4.5,5.7,3.6,0.5,0.0,0.0,,0.0,15.5,34.9,33.0,93.0,100.0,1.6,1028.8,1.79,3600.0,ukmo_uk_deterministic_2km,51.507725,0.042434692
EGLC,2025-12-30,6.8,2.7,5.0,2.9,-0.6,0.0,0.0,,0.0,14.8,33.5,19.0,46.0,100.0,1.1,1032.7,3.39,18566.01,ukmo_uk_deterministic_2km,51.507725,0.042434692
EGLC,2025-12-31,4.1,0.9,1.9,0.4,-3.6,0.0,0.0,,0.0,15.8,35.6,268.0,35.0,95.0,-0.2,1028.9,3.41,24412.22,ukmo_uk_deterministic_2km,51.507725,0.042434692
EGLC,2026-01-01,6.1,0.5,3.4,1.7,-3.7,0.0,0.0,,0.0,21.2,47.9,264.0,75.0,100.0,-0.4,1011.0,2.94,13756.65,ukmo_uk_deterministic_2km,51.507725,0.042434692
EGLC,2026-01-02,4.1,1.0,2.7,-0.7,-3.3,0.9,0.8,,2.0,18.4,42.1,290.0,39.0,100.0,-2.0,1006.6,3.93,24471.98,ukmo_uk_deterministic_2km,51.507725,0.042434692
EGLC,2026-01-03,3.1,0.2,1.3,-1.9,-5.5,0.0,0.0,,0.0,19.1,43.6,296.0,14.0,70.0,-4.4,1009.7,3.69,21597.58,ukmo_uk_deterministic_2km,51.507725,0.042434692
EGLC,2026-01-04,3.1,-2.5,0.3,-1.1,-6.7,0.0,0.0,,0.0,11.9,27.4,266.0,27.0,95.0,-4.7,1013.4,3.91,23797.6,ukmo_uk_deterministic_2km,51.507725,0.042434692
EGLC,2026-01-05,2.5,-1.9,0.3,-2.2,-5.7,0.6,0.0,,2.0,14.0,31.7,295.0,49.0,100.0,-3.8,1013.3,3.7,22821.73,ukmo_uk_deterministic_2km,51.507725,0.042434692
EGLC,2026-01-06,4.0,-3.5,0.1,-0.7,-7.6,1.7,1.5,,3.0,23.4,53.6,240.0,73.0,100.0,-2.8,1016.0,0.94,237.13,ukmo_uk_deterministic_2km,51.507725,0.042434692
EGLC,2026-01-07,6.3,2.7,4.3,1.5,-1.5,11.7,11.5,,6.0,23.4,53.6,252.0,65.0,100.0,0.7,1005.2,3.46,18000.0,ukmo_uk_deterministic_2km,51.507725,0.042434692
EGLC,2026-01-08,6.4,2.8,4.0,4.1,-0.6,13.7,13.7,,7.0,26.6,59.8,129.0,100.0,100.0,2.5,999.1,0.65,0.0,ukmo_uk_deterministic_2km,51.507725,0.042434692
EGLC,2026-01-09,6.8,2.3,4.2,4.1,-3.4,4.9,4.7,,11.0,26.6,61.6,323.0,100.0,100.0,2.4,989.9,0.33,0.0,ukmo_uk_deterministic_2km,51.507725,0.042434692
EGLC,2026-01-10,3.6,0.7,2.5,0.1,-2.9,0.0,0.0,,0.0,19.1,43.6,332.0,88.0,100.0,-0.5,1014.6,2.18,6804.04,ukmo_uk_deterministic_2km,51.507725,0.042434692
EGLC,2026-01-11,8.1,-0.4,3.7,3.7,-4.0,0.9,0.9,,3.0,26.3,60.8,165.0,97.0,100.0,1.7,1014.8,1.19,0.0,ukmo_uk_deterministic_2km,51.507725,0.042434692
EGLC,2026-01-12,11.2,8.8,10.3,8.7,4.7,1.2,1.2,,2.0,24.1,55.4,208.0,83.0,100.0,8.3,1002.6,1.95,7200.0,ukmo_uk_deterministic_2km,51.507725,0.042434692
EGLC,2026-01-13,10.7,7.2,9.6,8.8,4.3,16.4,16.4,,13.0,17.6,40.7,219.0,97.0,100.0,8.4,1004.9,0.22,0.0,ukmo_uk_deterministic_2km,51.507725,0.042434692
EGLC,2026-01-14,9.5,1.7,5.7,7.2,-1.0,0.0,0.0,,0.0,13.0,29.9,194.0,63.0,100.0,3.3,1011.1,4.04,18000.0,ukmo_uk_deterministic_2km,51.507725,0.042434692
EGLC,2026-01-15,10.2,7.2,8.8,7.4,3.8,9.4,9.4,,12.0,20.9,47.9,197.0,97.0,100.0,7.4,1001.6,0.4,0.0,ukmo_uk_deterministic_2km,51.507725,0.042434692
EGLC,2026-01-16,10.1,4.5,7.4,7.2,1.7,1.5,1.5,,2.0,15.5,33.8,194.0,89.0,100.0,5.2,1006.6,2.88,17696.61,ukmo_uk_deterministic_2km,51.507725,0.042434692
EGLC,2026-01-17,11.0,7.3,8.8,9.1,4.7,0.9,0.9,,2.0,12.2,28.4,131.0,91.0,100.0,6.7,1014.5,2.25,5790.98,ukmo_uk_deterministic_2km,51.507725,0.042434692
EGLC,2026-01-18,11.2,7.1,8.6,9.7,4.6,1.0,1.0,,2.0,11.9,27.0,85.0,97.0,100.0,7.0,1017.5,1.35,1081.64,ukmo_uk_deterministic_2km,51.507725,0.042434692
EGLC,2026-01-19,10.4,7.3,8.8,8.9,5.4,0.8,0.8,,3.0,13.7,31.0,133.0,87.0,100.0,7.1,1014.3,0.96,0.0,ukmo_uk_deterministic_2km,51.507725,0.042434692
EGLC,2026-01-20,10.5,8.4,9.5,7.4,3.9,4.1,4.1,,3.0,23.8,55.1,156.0,78.0,100.0,6.1,1009.3,3.86,17841.36,ukmo_uk_deterministic_2km,51.507725,0.042434692
EGLC,2026-01-21,9.3,6.6,8.2,6.1,3.7,7.9,7.9,,12.0,24.8,56.9,152.0,93.0,100.0,6.5,993.2,0.74,0.0,ukmo_uk_deterministic_2km,51.507725,0.042434692
EGLC,2026-01-22,9.5,7.9,8.7,7.0,4.8,3.7,3.7,,13.0,19.4,39.6,133.0,99.0,100.0,7.2,987.9,0.77,0.0,ukmo_uk_deterministic_2km,51.507725,0.042434692
EGLC,2026-01-23,9.2,7.2,8.0,5.9,3.5,0.6,0.6,,5.0,19.1,38.9,132.0,95.0,100.0,5.1,986.7,1.7,0.0,ukmo_uk_deterministic_2km,51.507725,0.042434692
EGLC,2026-01-24,9.8,6.2,7.7,5.9,2.4,0.1,0.1,,1.0,20.2,41.8,136.0,79.0,100.0,3.7,993.5,4.67,21600.0,ukmo_uk_deterministic_2km,51.507725,0.042434692
EGLC,2026-01-25,7.4,5.8,6.8,5.0,2.7,2.5,2.5,,10.0,16.6,33.8,107.0,99.0,100.0,5.3,994.0,1.14,0.0,ukmo_uk_deterministic_2km,51.507725,0.042434692
EGLC,2026-01-26,5.9,4.2,5.3,3.0,1.4,0.0,0.0,,0.0,16.9,34.6,91.0,100.0,100.0,2.8,1000.6,2.56,671.23,ukmo_uk_deterministic_2km,51.507725,0.042434692
EGLC,2026-01-27,9.5,5.8,7.2,7.4,1.1,9.5,9.5,,16.0,26.3,54.0,138.0,91.0,100.0,5.3,987.6,1.06,0.0,ukmo_uk_deterministic_2km,51.507725,0.042434692
EGLC,2026-01-28,9.2,3.4,5.9,7.1,0.7,0.3,0.3,,3.0,10.1,20.9,135.0,71.0,100.0,3.9,994.0,3.56,9627.85,ukmo_uk_deterministic_2km,51.507725,0.042434692
EGLC,2026-01-29,7.0,1.8,4.3,3.4,-1.0,0.0,0.0,,0.0,18.0,37.1,106.0,86.0,100.0,2.4,997.0,3.36,9253.87,ukmo_uk_deterministic_2km,51.507725,0.042434692
EGLC,2026-01-30,10.4,3.9,7.1,7.8,-0.2,5.1,5.1,,9.0,19.8,41.0,129.0,93.0,100.0,5.5,989.3,3.04,4050.73,ukmo_uk_deterministic_2km,51.507725,0.042434692
EGLC,2026-01-31,10.2,6.4,8.2,7.6,3.5,0.3,0.3,,2.0,15.5,31.7,181.0,90.0,100.0,5.5,996.5,3.19,8373.58,ukmo_uk_deterministic_2km,51.507725,0.042434692
EGLC,2026-02-01,9.4,7.6,8.2,8.2,5.0,9.5,9.5,,13.0,11.9,24.5,152.0,100.0,100.0,6.7,1000.7,1.61,0.0,ukmo_uk_deterministic_2km,51.507725,0.042434692
EGLC,2026-02-02,8.7,6.7,7.6,5.4,3.0,0.3,0.3,,3.0,20.2,40.7,84.0,99.0,100.0,5.9,996.8,2.51,2634.19,ukmo_uk_deterministic_2km,51.507725,0.042434692
EGLC,2026-02-03,6.8,3.6,5.1,2.9,0.7,12.3,12.3,,19.0,20.9,42.8,75.0,100.0,100.0,3.6,992.9,1.19,0.0,ukmo_uk_deterministic_2km,51.507725,0.042434692
EGLC,2026-02-04,10.4,4.0,7.3,7.2,1.8,1.3,1.3,,6.0,21.2,44.3,94.0,87.0,100.0,5.3,991.5,4.18,15463.64,ukmo_uk_deterministic_2km,51.507725,0.042434692
EGLC,2026-02-05,8.3,6.0,7.2,6.5,2.0,7.7,7.7,,18.0,20.2,40.7,92.0,100.0,100.0,6.0,983.7,1.06,0.0,ukmo_uk_deterministic_2km,51.507725,0.042434692
EGLC,2026-02-06,11.0,7.8,9.0,9.8,4.9,10.6,10.6,,17.0,16.2,32.8,133.0,95.0,100.0,8.1,985.2,1.4,0.0,ukmo_uk_deterministic_2km,51.507725,0.042434692
EGLC,2026-02-07,10.3,7.6,9.0,8.0,5.4,2.2,2.2,,10.0,14.4,29.9,174.0,86.0,100.0,7.3,995.3,1.58,0.0,ukmo_uk_deterministic_2km,51.507725,0.042434692
EGLC,2026-02-08,11.3,7.1,9.0,8.9,5.5,0.5,0.5,,2.0,11.9,23.8,167.0,82.0,100.0,7.1,1003.4,3.98,10800.0,ukmo_uk_deterministic_2km,51.507725,0.042434692
EGLC,2026-02-09,9.6,7.5,8.3,7.4,4.3,1.8,1.8,,7.0,15.5,32.0,129.0,99.0,100.0,6.5,1000.1,3.05,2373.78,ukmo_uk_deterministic_2km,51.507725,0.042434692
EGLC,2026-02-10,11.5,7.8,9.2,9.5,5.5,5.3,5.3,,7.0,13.3,27.7,135.0,99.0,100.0,8.0,987.8,2.33,2121.6,ukmo_uk_deterministic_2km,51.507725,0.042434692
EGLC,2026-02-11,11.9,9.2,10.5,9.3,7.1,3.3,3.3,,9.0,18.4,37.1,227.0,100.0,100.0,8.7,981.2,2.34,3719.63,ukmo_uk_deterministic_2km,51.507725,0.042434692
EGLC,2026-02-12,9.9,6.4,8.4,8.2,4.6,3.8,3.8,,10.0,12.2,24.5,284.0,96.0,100.0,6.9,983.1,1.63,0.0,ukmo_uk_deterministic_2km,51.507725,0.042434692
EGLC,2026-02-13,8.2,4.3,6.6,5.6,0.0,3.7,3.7,,11.0,19.1,38.9,74.0,99.0,100.0,5.1,992.5,2.36,0.0,ukmo_uk_deterministic_2km,51.507725,0.042434692
EGLC,2026-02-14,6.1,1.4,3.8,2.7,-3.0,0.0,0.0,,0.0,17.3,35.6,13.0,78.0,100.0,-2.6,1014.0,6.36,24739.56,ukmo_uk_deterministic_2km,51.507725,0.042434692
EGLC,2026-02-15,8.6,3.5,5.4,5.6,-0.7,10.1,10.1,,14.0,16.6,33.8,203.0,99.0,100.0,2.8,1004.2,1.44,0.0,ukmo_uk_deterministic_2km,51.507725,0.042434692
EGLC,2026-02-16,9.0,6.2,7.3,4.4,2.1,0.6,0.6,,3.0,28.8,55.1,266.0,82.0,100.0,3.2,997.4,4.2,7417.78,ukmo_uk_deterministic_2km,51.507725,0.042434692
EGLC,2026-02-17,6.9,3.1,5.0,3.4,-1.5,0.0,0.0,,0.0,22.0,45.4,318.0,68.0,100.0,-2.6,1013.0,7.58,23039.77,ukmo_uk_deterministic_2km,51.507725,0.042434692
EGLC,2026-02-18,5.9,2.5,4.5,0.8,-1.8,5.1,5.1,,5.0,25.6,52.6,100.0,100.0,100.0,-0.3,1004.4,2.91,353.18,ukmo_uk_deterministic_2km,51.507725,0.042434692
EGLC,2026-02-19,6.5,4.7,5.6,3.4,0.5,4.6,4.6,,8.0,18.4,37.8,20.0,100.0,100.0,4.0,999.6,2.47,0.0,ukmo_uk_deterministic_2km,51.507725,0.042434692
EGLC,2026-02-20,11.3,5.5,8.2,7.6,2.1,0.7,0.7,,5.0,25.6,52.2,240.0,90.0,100.0,4.8,1015.3,4.31,4553.73,ukmo_uk_deterministic_2km,51.507725,0.042434692
EGLC,2026-02-21,13.7,9.3,11.5,11.2,6.5,3.6,3.6,,6.0,20.2,40.3,240.0,96.0,100.0,8.6,1018.5,5.19,9961.92,ukmo_uk_deterministic_2km,51.507725,0.042434692
EGLC,2026-02-22,13.8,10.4,12.3,10.9,7.6,1.9,1.9,,6.0,20.9,41.0,236.0,93.0,100.0,9.3,1016.1,4.1,5031.82,ukmo_uk_deterministic_2km,51.507725,0.042434692
EGLC,2026-02-23,13.2,9.2,11.0,10.5,5.0,0.8,0.8,,3.0,22.0,44.3,241.0,85.0,100.0,7.0,1015.0,6.21,18255.1,ukmo_uk_deterministic_2km,51.507725,0.042434692
EGLC,2026-02-24,15.7,11.6,13.2,12.8,10.2,0.0,0.0,,0.0,17.3,35.6,216.0,49.0,98.0,9.4,1016.0,8.2,28895.7,ukmo_uk_deterministic_2km,51.507725,0.042434692
EGLC,2026-02-25,18.4,9.1,13.1,16.2,7.9,0.0,0.0,,0.0,14.0,29.2,195.0,26.0,90.0,8.9,1015.3,9.94,31540.2,ukmo_uk_deterministic_2km,51.507725,0.042434692
EGLC,2026-02-26,13.2,11.0,12.0,10.4,7.8,0.0,0.0,,0.0,24.8,50.0,224.0,84.0,100.0,8.2,1016.0,4.26,3445.77,ukmo_uk_deterministic_2km,51.507725,0.042434692
EGLC,2026-02-27,13.3,10.6,11.7,10.9,7.7,3.6,3.6,,6.0,22.7,46.1,210.0,96.0,100.0,9.1,1009.8,4.14,2253.52,ukmo_uk_deterministic_2km,51.507725,0.042434692
EGLC,2026-02-28,10.8,7.2,9.3,8.4,2.8,2.6,2.6,,7.0,22.0,43.9,255.0,79.0,100.0,4.2,1014.5,5.08,13106.56,ukmo_uk_deterministic_2km,51.507725,0.042434692
EGLC,2026-03-01,12.3,7.6,9.9,9.1,4.7,0.0,0.0,,0.0,20.2,41.0,201.0,97.0,100.0,7.0,1016.3,2.38,407.63,ukmo_uk_deterministic_2km,51.507725,0.042434692
EGLC,2026-03-02,15.9,9.3,12.1,12.8,6.0,0.0,0.0,,0.0,18.4,37.1,186.0,58.0,100.0,5.8,1015.0,10.71,35034.43,ukmo_uk_deterministic_2km,51.507725,0.042434692
EGLC,2026-03-03,14.6,7.8,10.3,12.5,4.8,0.0,0.0,,0.0,16.6,33.5,82.0,51.0,100.0,5.8,1025.4,10.08,31547.51,ukmo_uk_deterministic_2km,51.507725,0.042434692
EGLC,2026-03-04,11.2,6.8,8.1,8.6,4.1,0.0,0.0,,0.0,16.2,32.8,86.0,83.0,100.0,6.4,1025.1,8.83,17936.24,ukmo_uk_deterministic_2km,51.507725,0.042434692
EGLC,2026-03-05,17.9,5.3,11.3,15.4,3.1,0.0,0.0,,0.0,12.6,26.6,117.0,25.0,100.0,6.4,1016.2,12.05,36207.16,ukmo_uk_deterministic_2km,51.507725,0.042434692
EGLC,2026-03-06,12.4,8.0,9.8,10.9,5.6,4.8,4.8,,10.0,13.0,26.6,8.0,91.0,100.0,7.6,1020.7,4.81,3600.0,ukmo_uk_deterministic_2km,51.507725,0.042434692
EGLC,2026-03-07,9.1,7.1,7.9,6.8,4.8,0.0,0.0,,0.0,12.2,24.5,67.0,100.0,100.0,6.6,1026.1,3.53,0.0,ukmo_uk_deterministic_2km,51.507725,0.042434692
EGLC,2026-03-08,9.2,7.2,8.3,7.5,5.2,0.0,0.0,,0.0,10.4,21.2,90.0,100.0,100.0,7.1,1023.5,5.08,0.0,ukmo_uk_deterministic_2km,51.507725,0.042434692
EGLC,2026-03-09,15.0,7.4,10.1,13.6,5.7,0.0,0.0,,0.0,10.1,20.9,196.0,85.0,100.0,7.6,1018.9,7.72,10800.0,ukmo_uk_deterministic_2km,51.507725,0.042434692
EGLC,2026-03-10,13.2,9.3,10.7,10.0,6.3,0.0,0.0,,0.0,20.9,42.5,219.0,90.0,100.0,6.5,1014.6,7.37,14653.82,ukmo_uk_deterministic_2km,51.507725,0.042434692
EGLC,2026-03-11,13.0,8.6,10.8,8.3,4.4,3.5,3.5,,8.0,23.0,46.4,247.0,58.0,100.0,4.5,1010.5,9.71,30318.29,ukmo_uk_deterministic_2km,51.507725,0.042434692
EGLC,2026-03-12,11.9,7.6,10.1,6.7,3.7,0.0,0.0,,0.0,34.6,69.5,214.0,79.0,100.0,5.7,1011.7,5.53,9586.14,ukmo_uk_deterministic_2km,51.507725,0.042434692
EGLC,2026-03-13,11.7,5.6,8.4,7.2,1.3,4.9,4.9,,5.0,32.0,65.2,239.0,91.0,100.0,2.5,1000.4,7.47,12742.65,ukmo_uk_deterministic_2km,51.507725,0.042434692
EGLC,2026-03-14,11.7,2.8,7.0,7.0,-0.9,0.0,0.0,,0.0,16.6,33.5,299.0,50.0,100.0,-0.7,1004.7,12.35,36000.0,ukmo_uk_deterministic_2km,51.507725,0.042434692
EGLC,2026-03-15,12.2,3.7,7.7,6.9,0.9,2.8,2.8,,4.0,28.1,57.2,225.0,64.0,100.0,2.5,1011.4,8.89,25054.92,ukmo_uk_deterministic_2km,51.507725,0.042434692
EGLC,2026-03-16,12.3,6.0,9.3,8.7,2.2,0.0,0.0,,0.0,22.3,44.6,246.0,82.0,100.0,4.0,1014.7,8.01,6916.65,ukmo_uk_deterministic_2km,51.507725,0.042434692
EGLC,2026-03-17,14.9,9.7,11.9,11.9,6.3,0.0,0.0,,0.0,18.0,36.7,206.0,50.0,100.0,6.7,1015.7,12.46,27363.48,ukmo_uk_deterministic_2km,51.507725,0.042434692
EGLC,2026-03-18,17.9,7.9,12.2,15.0,6.0,0.0,0.0,,0.0,17.3,35.6,96.0,0.0,0.0,5.3,1020.2,15.09,38854.31,ukmo_uk_deterministic_2km,51.507725,0.042434692
EGLC,2026-03-19,16.7,5.8,11.0,12.8,3.0,0.0,0.0,,0.0,14.0,29.9,79.0,8.0,100.0,2.8,1025.8,15.78,38991.2,ukmo_uk_deterministic_2km,51.507725,0.042434692
EGLC,2026-03-20,14.0,4.3,8.8,11.3,1.6,0.0,0.0,,0.0,12.6,26.3,61.0,76.0,100.0,3.2,1022.6,12.95,25200.0,ukmo_uk_deterministic_2km,51.507725,0.042434692
EGLC,2026-03-21,13.7,3.7,7.9,10.3,0.9,0.0,0.0,,0.0,12.6,26.3,61.0,50.0,100.0,2.2,1019.4,15.12,36000.0,ukmo_uk_deterministic_2km,51.507725,0.042434692
EGLC,2026-03-22,13.0,3.7,8.1,10.4,1.3,0.0,0.0,,0.0,8.6,19.4,11.0,55.0,100.0,3.3,1016.6,12.77,27853.77,ukmo_uk_deterministic_2km,51.507725,0.042434692
EGLC,2026-03-23,15.4,4.9,10.2,12.7,3.0,0.0,0.0,,0.0,15.1,30.2,251.0,79.0,100.0,4.1,1019.7,12.97,22411.7,ukmo_uk_deterministic_2km,51.507725,0.042434692
EGLC,2026-03-24,13.2,10.0,11.4,9.3,5.5,1.1,1.1,,1.0,32.8,65.5,229.0,99.0,100.0,7.4,1012.9,7.91,7798.87,ukmo_uk_deterministic_2km,51.507725,0.042434692
EGLC,2026-03-25,10.0,5.3,7.4,4.7,-0.1,1.7,1.7,,4.0,28.4,57.2,285.0,66.0,100.0,0.9,1008.5,10.1,24643.03,ukmo_uk_deterministic_2km,51.507725,0.042434692
EGLC,2026-03-26,10.5,3.5,7.1,5.9,0.1,0.0,0.0,,0.0,15.8,32.0,308.0,49.0,100.0,-2.9,1021.2,16.59,39492.7,ukmo_uk_deterministic_2km,51.507725,0.042434692
EGLC,2026-03-27,12.3,7.7,10.0,9.9,4.4,0.8,0.8,,4.0,18.0,36.4,239.0,98.0,100.0,5.1,1019.6,4.51,0.0,ukmo_uk_deterministic_2km,51.507725,0.042434692
EGLC,2026-03-28,11.1,5.4,8.2,6.3,1.3,0.0,0.0,,0.0,22.3,46.1,306.0,49.0,100.0,-0.6,1024.4,10.85,33670.18,ukmo_uk_deterministic_2km,51.507725,0.042434692
EGLC,2026-03-29,10.8,3.8,7.6,6.0,0.6,0.2,0.2,,1.0,29.2,59.0,248.0,65.0,100.0,2.0,1027.3,9.2,18000.0,ukmo_uk_deterministic_2km,51.507725,0.042434692
EGLC,2026-03-30,12.2,7.4,9.9,7.1,3.6,0.1,0.1,,1.0,23.4,47.5,296.0,49.0,100.0,2.3,1023.5,10.43,31161.21,ukmo_uk_deterministic_2km,51.507725,0.042434692
EGLC,2026-03-31,16.7,9.2,12.5,15.5,6.0,0.0,0.0,,0.0,12.6,25.6,284.0,84.0,100.0,6.3,1029.1,9.89,16156.02,ukmo_uk_deterministic_2km,51.507725,0.042434692
EGLC,2026-04-01,14.2,10.1,12.3,11.7,8.6,0.0,0.0,,0.0,10.8,23.0,298.0,73.0,100.0,5.4,1024.1,11.12,16285.32,ukmo_uk_deterministic_2km,51.507725,0.042434692
EGLC,2026-04-02,12.1,6.6,9.8,9.2,3.1,0.0,0.0,,0.0,18.7,38.5,301.0,69.0,100.0,1.7,1020.2,14.12,35481.13,ukmo_uk_deterministic_2km,51.507725,0.042434692
EGLC,2026-04-03,15.6,8.7,12.0,12.5,5.3,0.6,0.6,,4.0,24.5,48.6,229.0,98.0,100.0,7.6,1012.2,6.89,1361.69,ukmo_uk_deterministic_2km,51.507725,0.042434692
EGLC,2026-04-04,15.0,8.7,12.1,11.5,6.1,0.0,0.0,,0.0,27.0,55.1,223.0,74.0,100.0,6.9,1014.0,9.15,13674.86,ukmo_uk_deterministic_2km,51.507725,0.042434692
EGLC,2026-04-05,13.6,9.1,11.3,8.0,4.8,0.0,0.0,,0.0,33.8,68.0,257.0,68.0,100.0,1.2,1015.6,13.35,31930.43,ukmo_uk_deterministic_2km,51.507725,0.042434692
EGLC,2026-04-06,15.8,4.6,10.5,11.9,2.4,0.0,0.0,,0.0,13.7,28.8,148.0,58.0,100.0,0.1,1025.9,18.36,43200.0,ukmo_uk_deterministic_2km,51.507725,0.042434692
EGLC,2026-04-07,18.2,6.3,12.2,14.6,3.8,0.0,0.0,,0.0,22.0,43.6,92.0,0.0,0.0,4.8,1023.0,20.11,44454.01,ukmo_uk_deterministic_2km,51.507725,0.042434692
EGLC,2026-04-08,25.7,8.5,17.0,24.2,6.5,0.0,0.0,,0.0,9.7,22.0,133.0,6.0,95.0,7.3,1021.7,19.35,44390.66,ukmo_uk_deterministic_2km,51.507725,0.042434692
EGLC,2026-04-09,21.9,9.8,16.3,19.8,5.0,0.0,0.0,,0.0,26.6,53.6,266.0,56.0,100.0,7.6,1017.8,12.71,26636.84,ukmo_uk_deterministic_2km,51.507725,0.042434692
EGLC,2026-04-10,13.4,7.2,9.9,9.3,3.2,0.0,0.0,,0.0,19.8,40.0,239.0,100.0,100.0,-0.5,1018.6,15.41,26111.43,ukmo_uk_deterministic_2km,51.507725,0.042434692
EGLC,2026-04-11,13.2,9.5,10.8,9.1,4.4,0.1,0.1,,1.0,23.8,48.2,209.0,75.0,100.0,2.1,1006.6,10.41,16328.04,ukmo_uk_deterministic_2km,51.507725,0.042434692
EGLC,2026-04-12,14.6,8.8,11.1,10.4,4.1,0.0,0.0,,0.0,24.8,50.8,222.0,49.0,95.0,3.3,1010.5,11.86,26303.9,ukmo_uk_deterministic_2km,51.507725,0.042434692
EGLC,2026-04-13,12.3,5.5,9.3,9.8,3.4,0.9,0.9,,3.0,10.8,25.2,212.0,58.0,100.0,3.9,1013.8,12.01,26380.41,ukmo_uk_deterministic_2km,51.507725,0.042434692
EGLC,2026-04-14,16.5,5.1,11.6,12.8,2.9,0.0,0.0,,0.0,18.0,38.2,182.0,56.0,100.0,4.2,1017.5,15.93,29959.73,ukmo_uk_deterministic_2km,51.507725,0.042434692
EGLC,2026-04-15,16.9,11.8,14.3,13.5,8.9,0.2,0.2,,1.0,25.2,51.5,203.0,77.0,100.0,9.3,1015.8,9.58,13394.67,ukmo_uk_deterministic_2km,51.507725,0.042434692
EGLC,2026-04-16,17.3,10.8,13.7,14.4,8.0,0.0,0.0,,0.0,18.4,36.7,223.0,71.0,100.0,7.7,1018.5,12.96,26498.59,ukmo_uk_deterministic_2km,51.507725,0.042434692
EGLC,2026-04-17,17.6,11.5,14.3,14.4,9.7,0.2,0.2,,1.0,18.4,37.8,213.0,81.0,100.0,7.9,1019.5,12.57,29873.74,ukmo_uk_deterministic_2km,51.507725,0.042434692
EGLC,2026-04-18,17.2,10.5,13.7,14.2,8.2,0.4,0.4,,2.0,17.3,35.3,294.0,51.0,100.0,5.1,1021.5,17.08,39386.55,ukmo_uk_deterministic_2km,51.507725,0.042434692
EGLC,2026-04-19,15.2,7.4,11.4,11.3,3.7,0.0,0.0,,0.0,14.8,30.2,357.0,32.0,100.0,1.6,1025.0,19.31,43784.21,ukmo_uk_deterministic_2km,51.507725,0.042434692
EGLC,2026-04-20,12.9,6.5,10.0,9.6,4.2,0.2,0.2,,1.0,14.8,31.0,52.0,43.0,100.0,3.2,1024.2,13.32,35843.74,ukmo_uk_deterministic_2km,51.507725,0.042434692
EGLC,2026-04-21,13.5,6.2,9.9,8.9,2.8,0.0,0.0,,0.0,21.6,45.4,58.0,59.0,100.0,3.0,1025.0,15.93,36593.38,ukmo_uk_deterministic_2km,51.507725,0.042434692
EGLC,2026-04-22,15.9,7.0,11.3,11.8,4.1,0.0,0.0,,0.0,24.1,50.8,76.0,8.0,91.0,2.8,1026.0,23.46,46800.0,ukmo_uk_deterministic_2km,51.507725,0.042434692
EGLC,2026-04-23,17.6,7.7,11.7,14.3,4.8,0.0,0.0,,0.0,18.4,37.8,76.0,32.0,98.0,5.0,1029.2,23.13,40596.02,ukmo_uk_deterministic_2km,51.507725,0.042434692
EGLC,2026-04-24,18.4,5.1,11.1,15.4,2.5,0.0,0.0,,0.0,16.6,34.6,75.0,16.0,99.0,2.4,1025.6,23.99,39600.0,ukmo_uk_deterministic_2km,51.507725,0.042434692
EGLC,2026-04-25,21.1,5.3,13.2,17.3,3.5,0.0,0.0,,0.0,11.2,24.1,63.0,28.0,100.0,-0.5,1021.5,23.92,39600.0,ukmo_uk_deterministic_2km,51.507725,0.042434692
EGLC,2026-04-26,18.4,9.0,13.1,16.0,7.0,0.0,0.0,,0.0,15.5,31.7,88.0,78.0,100.0,5.7,1024.6,22.44,46800.0,ukmo_uk_deterministic_2km,51.507725,0.042434692
EGLC,2026-04-27,21.0,8.6,14.6,18.5,6.9,0.0,0.0,,0.0,15.1,31.0,48.0,52.0,100.0,5.8,1023.8,19.77,40065.06,ukmo_uk_deterministic_2km,51.507725,0.042434692
EGLC,2026-04-28,16.7,9.6,12.2,12.6,5.3,0.2,0.2,,2.0,22.0,46.1,38.0,64.0,100.0,4.6,1023.9,16.0,25200.0,ukmo_uk_deterministic_2km,51.507725,0.042434692
EGLC,2026-04-29,17.0,8.6,13.1,12.4,4.9,0.0,0.0,,0.0,29.5,60.8,65.0,12.0,100.0,2.7,1023.7,24.39,46800.0,ukmo_uk_deterministic_2km,51.507725,0.042434692
EGLC,2026-04-30,18.9,11.0,15.0,14.8,8.1,0.0,0.0,,0.0,24.1,49.7,87.0,0.0,0.0,3.5,1022.2,25.15,46800.0,ukmo_uk_deterministic_2km,51.507725,0.042434692
EGLC,2026-05-01,24.5,10.1,17.4,23.1,7.0,0.0,0.0,,0.0,15.8,33.5,148.0,15.0,98.0,6.7,1019.9,23.54,46800.0,ukmo_uk_deterministic_2km,51.507725,0.042434692
EGLC,2026-05-02,23.3,11.6,16.2,21.7,9.9,0.7,0.7,,3.0,17.6,36.4,199.0,63.0,100.0,9.2,1015.8,20.34,32845.21,ukmo_uk_deterministic_2km,51.507725,0.042434692
EGLC,2026-05-03,19.7,13.9,16.6,17.9,12.5,0.0,0.0,,0.0,13.0,27.0,242.0,92.0,100.0,9.9,1009.6,14.14,23753.42,ukmo_uk_deterministic_2km,51.507725,0.042434692
EGLC,2026-05-04,16.3,12.6,14.4,15.6,11.5,0.2,0.2,,2.0,11.5,24.5,36.0,92.0,100.0,10.2,1013.4,12.07,20397.78,ukmo_uk_deterministic_2km,51.507725,0.042434692
EGLC,2026-05-05,16.9,11.0,13.6,14.3,9.3,0.0,0.0,,0.0,15.8,33.1,64.0,97.0,100.0,6.8,1012.8,12.23,20323.82,ukmo_uk_deterministic_2km,51.507725,0.042434692
EGLC,2026-05-06,13.2,8.3,11.2,10.1,5.0,0.4,0.4,,2.0,16.2,34.6,10.0,87.0,100.0,4.4,1013.2,10.67,18380.53,ukmo_uk_deterministic_2km,51.507725,0.042434692
EGLC,2026-05-07,14.8,9.2,12.1,12.0,6.7,0.1,0.1,,1.0,13.3,29.2,100.0,87.0,100.0,5.7,1015.9,12.87,21042.63,ukmo_uk_deterministic_2km,51.507725,0.042434692
EGLC,2026-05-08,18.1,8.4,13.8,15.5,6.3,0.0,0.0,,0.0,14.8,30.6,98.0,51.0,100.0,6.7,1016.9,15.27,31806.39,ukmo_uk_deterministic_2km,51.507725,0.042434692
EGLC,2026-05-09,20.1,9.2,15.0,17.8,7.7,0.0,0.0,,0.0,17.3,38.2,84.0,69.0,100.0,5.9,1017.7,23.8,44297.11,ukmo_uk_deterministic_2km,51.507725,0.042434692
EGLC,2026-05-10,13.2,8.5,11.6,9.6,4.5,0.2,0.2,,2.0,19.1,39.2,40.0,89.0,100.0,5.0,1016.4,9.18,4366.19,ukmo_uk_deterministic_2km,51.507725,0.042434692
EGLC,2026-05-11,12.1,5.2,8.7,8.3,1.8,0.7,0.7,,2.0,14.0,29.9,352.0,57.0,100.0,1.9,1012.3,9.45,14276.22,ukmo_uk_deterministic_2km,51.507725,0.042434692
EGLC,2026-05-12,16.4,4.4,11.0,12.5,2.2,0.6,0.6,,2.0,17.6,37.4,278.0,34.0,98.0,2.6,1013.8,20.27,37846.34,ukmo_uk_deterministic_2km,51.507725,0.042434692
EGLC,2026-05-13,12.1,8.2,10.3,7.9,5.1,3.9,3.9,,11.0,24.8,49.0,282.0,87.0,100.0,4.5,1003.8,9.35,6745.99,ukmo_uk_deterministic_2km,51.507725,0.042434692
EGLC,2026-05-14,11.1,7.4,9.2,8.6,4.1,1.8,1.8,,10.0,15.5,32.0,321.0,96.0,100.0,4.0,1002.0,11.97,17317.86,ukmo_uk_deterministic_2km,51.507725,0.042434692
EGLC,2026-05-15,14.1,6.8,10.6,10.2,3.6,0.2,0.2,,1.0,13.7,29.2,330.0,88.0,100.0,1.8,1006.5,11.61,10861.29,ukmo_uk_deterministic_2km,51.507725,0.042434692
EGLC,2026-05-16,14.8,7.3,11.4,11.5,4.2,1.1,1.1,,6.0,19.4,39.2,246.0,71.0,100.0,4.1,1008.1,11.2,18633.01,ukmo_uk_deterministic_2km,51.507725,0.042434692
EGLC,2026-05-17,16.6,10.1,12.9,12.9,7.4,1.9,1.9,,6.0,16.6,33.8,246.0,99.0,100.0,6.3,1009.6,13.17,14931.35,ukmo_uk_deterministic_2km,51.507725,0.042434692
EGLC,2026-05-18,14.4,8.9,11.9,11.0,6.1,0.1,0.1,,1.0,20.2,41.0,228.0,92.0,100.0,5.3,1012.1,9.68,12306.21,ukmo_uk_deterministic_2km,51.507725,0.042434692
EGLC,2026-05-19,17.4,11.3,14.0,14.4,8.9,4.1,4.1,,10.0,22.7,46.4,198.0,88.0,100.0,10.1,1009.2,11.55,15931.9,ukmo_uk_deterministic_2km,51.507725,0.042434692
EGLC,2026-05-20,19.6,12.8,16.1,16.5,10.4,0.6,0.6,,2.0,22.3,44.3,245.0,79.0,100.0,9.2,1017.2,12.99,24157.32,ukmo_uk_deterministic_2km,51.507725,0.042434692
EGLC,2026-05-21,23.6,13.0,18.3,22.8,11.0,0.0,0.0,,0.0,15.8,32.0,212.0,83.0,100.0,10.5,1025.7,20.5,38841.25,ukmo_uk_deterministic_2km,51.507725,0.042434692
EGLC,2026-05-22,27.4,14.8,22.1,26.8,14.2,0.0,0.0,,0.0,15.5,33.8,169.0,31.0,100.0,11.7,1024.7,26.55,53698.08,ukmo_uk_deterministic_2km,51.507725,0.042434692
EGLC,2026-05-23,29.6,19.2,24.1,29.2,19.2,0.0,0.0,,0.0,16.6,33.5,259.0,58.0,100.0,13.4,1025.7,26.21,49982.78,ukmo_uk_deterministic_2km,51.507725,0.042434692
EGLC,2026-05-24,29.7,15.1,22.0,30.8,15.3,0.0,0.0,,0.0,17.3,34.6,93.0,11.0,100.0,14.1,1029.9,27.13,53835.36,ukmo_uk_deterministic_2km,51.507725,0.042434692
EGLC,2026-05-25,31.9,17.3,24.7,33.4,17.8,0.0,0.0,,0.0,16.6,34.2,96.0,8.0,100.0,15.4,1030.3,27.41,53900.51,ukmo_uk_deterministic_2km,51.507725,0.042434692
EGLC,2026-05-26,34.1,18.7,27.1,33.9,19.1,0.0,0.0,,0.0,15.5,32.0,179.0,1.0,5.0,11.8,1026.4,27.63,53963.29,ukmo_uk_deterministic_2km,51.507725,0.042434692
EGLC,2026-05-27,26.2,16.0,21.1,27.3,13.9,0.0,0.0,,0.0,21.2,43.6,86.0,4.0,100.0,13.5,1024.9,27.45,54000.0,ukmo_uk_deterministic_2km,51.507725,0.042434692
EGLC,2026-05-28,31.2,15.0,23.2,31.6,13.3,0.0,0.0,,0.0,18.4,37.4,128.0,73.0,100.0,13.2,1021.2,24.2,46800.0,ukmo_uk_deterministic_2km,51.507725,0.042434692
EGLC,2026-05-29,25.6,19.2,23.1,25.9,19.0,0.1,0.1,,1.0,11.2,25.6,278.0,63.0,100.0,10.2,1021.3,23.1,42267.9,ukmo_uk_deterministic_2km,51.507725,0.042434692
EGLC,2026-05-30,27.1,17.5,22.3,28.0,16.8,0.0,0.0,,0.0,15.8,32.4,87.0,51.0,100.0,11.4,1019.0,26.85,48081.58,ukmo_uk_deterministic_2km,51.507725,0.042434692
EGLC,2026-05-31,23.1,17.0,20.3,20.5,14.7,0.0,0.0,,0.0,16.2,35.3,273.0,79.0,100.0,9.0,1015.8,19.18,45160.69,ukmo_uk_deterministic_2km,51.507725,0.042434692
EGLC,2026-06-01,23.0,14.8,18.5,21.4,13.7,2.0,2.0,,3.0,20.5,42.8,229.0,79.0,100.0,11.3,1014.1,20.45,37192.63,ukmo_uk_deterministic_2km,51.507725,0.042434692
EGLC,2026-06-02,19.6,15.0,16.1,18.3,13.5,24.1,24.1,,17.0,26.3,50.4,232.0,98.0,100.0,13.4,1004.6,11.35,12927.37,ukmo_uk_deterministic_2km,51.507725,0.042434692
EGLC,2026-06-03,18.6,13.5,15.5,15.6,11.2,1.7,1.7,,3.0,29.9,60.5,224.0,91.0,100.0,11.4,1002.7,10.1,11037.43,ukmo_uk_deterministic_2km,51.507725,0.042434692
EGLC,2026-06-04,18.5,13.9,15.9,15.7,11.4,3.2,3.2,,5.0,24.8,47.2,236.0,92.0,100.0,10.2,998.2,10.27,11705.29,ukmo_uk_deterministic_2km,51.507725,0.042434692
EGLC,2026-06-05,18.4,12.8,15.5,15.1,10.7,0.0,0.0,,0.0,19.4,39.2,241.0,86.0,100.0,7.2,1010.4,14.65,39016.02,ukmo_uk_deterministic_2km,51.507725,0.042434692
EGLC,2026-06-06,16.8,13.0,14.2,13.3,10.4,5.5,5.5,,11.0,26.6,53.6,198.0,99.0,100.0,10.8,1008.1,8.01,1444.44,ukmo_uk_deterministic_2km,51.507725,0.042434692
EGLC,2026-06-07,19.3,11.7,15.8,16.9,9.0,0.0,0.0,,0.0,22.7,45.4,234.0,92.0,100.0,9.5,1018.6,16.71,28813.69,ukmo_uk_deterministic_2km,51.507725,0.042434692
EGLC,2026-06-08,15.9,13.6,14.8,14.7,10.0,4.9,4.9,,10.0,19.4,39.2,229.0,83.0,100.0,10.7,1014.1,8.49,7774.61,ukmo_uk_deterministic_2km,51.507725,0.042434692
EGLC,2026-06-09,18.8,10.0,14.4,14.1,7.0,0.9,0.9,,1.0,20.9,42.5,252.0,59.0,100.0,5.4,1014.4,19.83,43303.26,ukmo_uk_deterministic_2km,51.507725,0.042434692
EGLC,2026-06-10,16.9,10.6,13.5,14.4,8.0,2.8,2.8,,7.0,16.6,33.1,269.0,83.0,100.0,7.4,1016.5,12.91,25634.41,ukmo_uk_deterministic_2km,51.507725,0.042434692
EGLC,2026-06-11,16.7,10.5,13.3,15.7,8.5,7.1,7.1,,8.0,23.4,47.2,238.0,87.0,100.0,10.8,1018.6,5.67,874.98,ukmo_uk_deterministic_2km,51.507725,0.042434692
EGLC,2026-06-12,22.4,16.1,18.5,20.0,13.8,0.0,0.0,,0.0,24.8,50.4,260.0,69.0,100.0,12.4,1018.9,20.22,34440.75,ukmo_uk_deterministic_2km,51.507725,0.042434692
EGLC,2026-06-13,21.7,13.4,17.3,18.2,11.3,0.0,0.0,,0.0,19.4,39.6,284.0,44.0,100.0,8.2,1021.3,26.66,54000.0,ukmo_uk_deterministic_2km,51.507725,0.042434692
EGLC,2026-06-14,21.0,13.2,17.3,19.5,10.8,0.0,0.0,,0.0,18.4,37.4,330.0,73.0,100.0,7.5,1020.0,24.84,54000.0,ukmo_uk_deterministic_2km,51.507725,0.042434692
EGLC,2026-06-15,21.9,13.3,17.2,20.1,12.1,2.2,2.2,,5.0,17.3,34.9,106.0,88.0,100.0,11.0,1015.2,21.02,30301.19,ukmo_uk_deterministic_2km,51.507725,0.042434692
EGLC,2026-06-16,26.5,15.4,20.2,25.4,15.5,0.5,0.5,,1.0,18.4,37.8,238.0,74.0,100.0,12.6,1013.7,24.34,44315.46,ukmo_uk_deterministic_2km,51.507725,0.042434692
EGLC,2026-06-17,25.4,17.7,20.8,24.7,16.9,0.5,0.5,,2.0,21.2,44.3,229.0,66.0,100.0,15.3,1016.8,21.6,32519.06,ukmo_uk_deterministic_2km,51.507725,0.042434692
EGLC,2026-06-18,25.9,17.6,21.3,27.1,17.9,0.3,0.3,,2.0,15.1,31.7,210.0,65.0,100.0,15.8,1016.6,21.51,34160.42,ukmo_uk_deterministic_2km,51.507725,0.042434692
EGLC,2026-06-19,30.2,19.1,24.5,31.4,20.4,0.0,0.0,,0.0,17.6,37.1,230.0,5.0,47.0,15.3,1012.3,28.23,54000.0,ukmo_uk_deterministic_2km,51.507725,0.042434692
EGLC,2026-06-20,25.7,18.1,22.5,26.2,18.5,0.0,0.0,,0.0,15.1,32.0,235.0,61.0,100.0,15.6,1018.3,18.76,47330.21,ukmo_uk_deterministic_2km,51.507725,0.042434692
EGLC,2026-06-21,28.8,20.1,23.9,30.1,20.9,0.0,0.0,,0.0,19.1,39.6,83.0,50.0,100.0,16.8,1024.5,25.17,50400.0,ukmo_uk_deterministic_2km,51.507725,0.042434692
EGLC,2026-06-22,26.9,17.3,21.9,28.2,17.2,0.2,0.2,,1.0,20.9,42.8,85.0,57.0,100.0,15.9,1025.8,27.24,50400.0,ukmo_uk_deterministic_2km,51.507725,0.042434692
EGLC,2026-06-23,33.1,18.3,25.1,34.3,18.9,2.0,2.0,,5.0,14.8,32.0,108.0,42.0,100.0,18.2,1019.6,27.39,48052.13,ukmo_uk_deterministic_2km,51.507725,0.042434692
EGLC,2026-06-24,36.0,21.9,27.9,39.4,24.6,0.0,0.0,,0.0,15.8,32.0,53.0,4.0,50.0,19.9,1017.2,27.67,52191.71,ukmo_uk_deterministic_2km,51.507725,0.042434692
EGLC,2026-06-25,29.6,20.6,25.3,31.5,21.2,0.0,0.0,,0.0,22.3,45.7,90.0,7.0,98.0,18.9,1017.5,28.12,54000.0,ukmo_uk_deterministic_2km,51.507725,0.042434692
EGLC,2026-06-26,35.7,22.4,29.1,35.5,24.1,0.0,0.0,,0.0,17.3,36.0,221.0,40.0,100.0,16.8,1013.8,27.87,54000.0,ukmo_uk_deterministic_2km,51.507725,0.042434692
EGLC,2026-06-27,31.3,22.0,26.2,32.4,23.1,0.3,0.3,,2.0,16.9,35.3,205.0,81.0,100.0,16.0,1016.3,23.49,32631.46,ukmo_uk_deterministic_2km,51.507725,0.042434692
EGLC,2026-06-28,25.7,19.8,22.7,23.6,16.7,0.0,0.0,,0.0,19.4,40.3,240.0,50.0,100.0,12.6,1017.3,19.94,41165.72,ukmo_uk_deterministic_2km,51.507725,0.042434692
EGLC,2026-06-29,24.1,15.2,19.9,22.5,13.4,0.0,0.0,,0.0,16.2,32.8,267.0,45.0,100.0,8.7,1025.1,25.79,49251.56,ukmo_uk_deterministic_2km,51.507725,0.042434692
EGLC,2026-06-30,24.3,18.5,20.7,22.9,17.9,0.8,0.8,,4.0,17.3,34.9,232.0,69.0,100.0,11.0,1022.3,22.94,37774.77,ukmo_uk_deterministic_2km,51.507725,0.042434692
EGLC,2026-07-01,26.0,17.4,21.5,24.3,17.0,0.0,0.0,,0.0,18.7,38.2,272.0,70.0,100.0,12.0,1022.3,17.25,41231.32,ukmo_uk_deterministic_2km,51.507725,0.042434692
EGLC,2026-07-02,26.0,17.3,21.5,24.3,15.3,0.0,0.0,,0.0,20.2,40.7,285.0,30.0,100.0,10.1,1021.7,25.38,44851.41,ukmo_uk_deterministic_2km,51.507725,0.042434692
EGLC,2026-07-03,27.0,14.4,20.5,24.7,12.4,0.0,0.0,,0.0,18.4,37.4,284.0,60.0,100.0,8.1,1027.9,27.34,53637.72,ukmo_uk_deterministic_2km,51.507725,0.042434692
EGLC,2026-07-04,28.2,16.7,22.4,26.9,15.5,0.0,0.0,,0.0,18.4,38.9,270.0,32.0,100.0,13.2,1025.5,24.59,52482.96,ukmo_uk_deterministic_2km,51.507725,0.042434692
EGLC,2026-07-05,28.6,17.7,22.9,27.8,17.2,0.0,0.0,,0.0,15.5,31.3,281.0,73.0,100.0,13.8,1023.5,21.96,49493.24,ukmo_uk_deterministic_2km,51.507725,0.042434692
EGLC,2026-07-06,31.8,19.0,26.0,29.5,18.6,0.0,0.0,,0.0,22.3,46.4,262.0,54.0,100.0,10.4,1018.1,27.6,50400.0,ukmo_uk_deterministic_2km,51.507725,0.042434692
EGLC,2026-07-07,31.6,20.7,26.4,29.9,18.2,0.0,0.0,,0.0,16.6,34.6,285.0,76.0,100.0,10.0,1015.5,27.01,48406.58,ukmo_uk_deterministic_2km,51.507725,0.042434692
EGLC,2026-07-08,32.0,20.8,26.6,33.2,20.9,0.0,0.0,,0.0,18.7,38.2,309.0,8.0,48.0,14.2,1018.7,26.45,53311.06,ukmo_uk_deterministic_2km,51.507725,0.042434692
EGLC,2026-07-09,33.7,22.0,28.2,34.4,22.2,0.0,0.0,,0.0,15.5,32.4,205.0,23.0,100.0,13.6,1017.1,27.22,51387.0,ukmo_uk_deterministic_2km,51.507725,0.042434692
EGLC,2026-07-10,28.5,21.1,24.9,28.5,21.7,0.0,0.0,,0.0,17.6,37.1,94.0,85.0,100.0,15.3,1017.5,23.97,48678.68,ukmo_uk_deterministic_2km,51.507725,0.042434692
EGLC,2026-07-11,28.5,18.1,23.2,28.7,18.4,0.0,0.0,,0.0,19.1,39.2,74.0,26.0,100.0,15.0,1020.8,27.8,53848.13,ukmo_uk_deterministic_2km,51.507725,0.042434692
EGLC,2026-07-12,29.0,17.1,22.6,28.2,16.1,0.0,0.0,,0.0,22.0,46.1,65.0,50.0,100.0,12.2,1024.0,25.94,41880.09,ukmo_uk_deterministic_2km,51.507725,0.042434692
EGLC,2026-07-13,26.7,15.9,21.1,26.1,13.7,0.0,0.0,,0.0,20.2,42.8,54.0,35.0,100.0,13.1,1022.4,26.53,52911.51,ukmo_uk_deterministic_2km,51.507725,0.042434692
EGLC,2026-07-14,30.2,17.0,22.7,28.7,15.8,0.0,0.0,,0.0,18.4,39.2,43.0,45.0,100.0,13.7,1021.1,23.77,47150.83,ukmo_uk_deterministic_2km,51.507725,0.042434692
EGLC,2026-07-15,27.9,17.7,22.8,27.4,17.6,0.0,0.0,,0.0,17.6,37.4,61.0,32.0,97.0,13.9,1022.6,23.48,42865.56,ukmo_uk_deterministic_2km,51.507725,0.042434692
EGLC,2026-07-16,27.8,16.6,22.1,28.1,16.6,0.0,0.0,,0.0,17.3,37.1,71.0,25.0,100.0,13.7,1020.3,24.02,51755.91,ukmo_uk_deterministic_2km,51.507725,0.042434692
EGLC,2026-07-17,28.9,15.9,21.5,27.8,15.7,0.0,0.0,,0.0,17.3,34.9,33.0,10.0,69.0,12.4,1016.6,26.08,53437.93,ukmo_uk_deterministic_2km,51.507725,0.042434692
EGLC,2026-07-18,22.2,15.9,19.0,20.7,15.0,0.0,0.0,,0.0,14.4,32.8,25.0,52.0,100.0,10.8,1019.6,22.58,47339.72,ukmo_uk_deterministic_2km,51.507725,0.042434692
EGLC,2026-07-19,22.2,13.2,17.8,19.6,11.1,0.0,0.0,,0.0,14.8,32.0,9.0,39.0,100.0,6.9,1024.1,24.66,51990.67,ukmo_uk_deterministic_2km,51.507725,0.042434692
EGLC,2026-07-20,25.3,12.9,18.8,22.9,11.2,0.0,0.0,,0.0,15.5,32.8,39.0,39.0,100.0,7.9,1026.5,24.59,53216.41,ukmo_uk_deterministic_2km,51.507725,0.042434692
EGLC,2026-07-21,22.4,15.0,19.0,22.0,14.6,0.0,0.0,,0.0,11.2,25.6,42.0,45.0,87.0,11.7,1027.9,16.52,47952.36,ukmo_uk_deterministic_2km,51.507725,0.042434692
EGLC,2026-07-22,25.8,16.2,20.7,25.2,16.3,0.0,0.0,,0.0,19.1,39.2,95.0,76.0,100.0,12.2,1025.4,18.89,37957.97,ukmo_uk_deterministic_2km,51.507725,0.042434692
EGLC,2026-07-23,26.4,17.6,22.1,25.4,17.7,0.0,0.0,,0.0,18.0,36.7,250.0,98.0,100.0,11.7,1022.7,15.99,32386.22,ukmo_uk_deterministic_2km,51.507725,0.042434692
EGLC,2026-07-24,27.9,18.5,23.6,27.2,18.2,0.0,0.0,,0.0,13.3,26.6,286.0,98.0,100.0,12.0,1017.2,19.94,41791.61,ukmo_uk_deterministic_2km,51.507725,0.042434692
EGLC,2026-07-25,28.6,17.4,23.3,26.7,16.6,0.0,0.0,,0.0,20.2,40.7,279.0,27.0,100.0,10.7,1009.1,25.89,51985.33,ukmo_uk_deterministic_2km,51.507725,0.042434692
EGLC,2026-07-26,26.1,18.9,22.1,24.0,17.4,0.1,0.1,,1.0,22.0,43.9,276.0,56.0,100.0,12.1,1005.9,17.56,28800.0,ukmo_uk_deterministic_2km,51.507725,0.042434692
EGLC,2026-07-27,26.8,16.8,21.7,25.1,15.3,0.0,0.0,,0.0,17.3,34.6,284.0,28.0,80.0,10.2,1016.5,23.51,50965.92,ukmo_uk_deterministic_2km,51.507725,0.042434692
EGLC,2026-07-28,29.3,19.4,24.1,29.4,20.1,0.0,0.0,,0.0,13.7,28.4,237.0,18.0,61.0,15.2,1018.6,22.26,51003.2,ukmo_uk_deterministic_2km,51.507725,0.042434692
EGLC,2026-07-29,33.9,20.1,26.7,33.1,21.3,0.0,0.0,,0.0,19.4,41.0,224.0,8.0,100.0,13.6,1013.9,25.78,50620.31,ukmo_uk_deterministic_2km,51.507725,0.042434692
EGLC,2026-07-30,28.1,20.0,24.0,27.1,19.9,0.0,0.0,,0.0,15.8,33.5,287.0,66.0,100.0,13.5,1014.7,16.5,37479.94,ukmo_uk_deterministic_2km,51.507725,0.042434692
EGLC,2026-07-31,25.4,16.9,21.3,23.6,14.6,0.0,0.0,,0.0,15.5,32.0,2.0,54.0,100.0,9.6,1017.6,22.26,45925.35,ukmo_uk_deterministic_2km,51.507725,0.042434692
EGLC,2026-08-01,26.0,16.0,21.3,23.7,13.7,0.0,0.0,,0.0,14.0,28.8,339.0,49.0,100.0,6.4,1019.2,23.32,45165.32,ukmo_uk_deterministic_2km,51.507725,0.042434692
EGLC,2026-08-02,26.8,15.8,21.7,25.2,14.1,0.0,0.0,,0.0,18.7,38.9,82.0,91.0,100.0,9.1,1017.0,21.83,46800.0,ukmo_uk_deterministic_2km,51.507725,0.042434692
EGLC,2026-08-03,29.7,18.2,23.6,29.2,18.3,0.0,0.0,,0.0,17.3,36.0,89.0,42.0,100.0,13.3,1011.4,24.34,43208.01,ukmo_uk_deterministic_2km,51.507725,0.042434692
EGLC,2026-08-04,29.8,19.2,23.7,29.2,20.2,0.0,0.0,,0.0,22.7,44.3,218.0,39.0,100.0,15.1,1009.5,19.98,33219.03,ukmo_uk_deterministic_2km,51.507725,0.042434692
EGLC,2026-08-05,24.9,18.8,21.6,21.9,16.3,0.5,0.5,,2.0,22.3,46.1,247.0,45.0,100.0,11.5,1013.5,17.09,36478.7,ukmo_uk_deterministic_2km,51.507725,0.042434692
EGLC,2026-08-06,22.6,15.0,19.0,19.7,13.5,0.0,0.0,,0.0,16.2,32.8,282.0,56.0,100.0,6.8,1022.0,16.19,37224.25,ukmo_uk_deterministic_2km,51.507725,0.042434692
EGLC,2026-08-07,25.5,13.7,20.1,24.1,12.5,0.0,0.0,,0.0,13.7,28.4,265.0,25.0,100.0,6.3,1023.1,24.53,48472.56,ukmo_uk_deterministic_2km,51.507725,0.042434692
EGLC,2026-08-08,28.1,14.7,22.1,26.4,13.6,0.0,0.0,,0.0,11.2,26.3,188.0,42.0,100.0,7.6,1019.2,24.12,44133.55,ukmo_uk_deterministic_2km,51.507725,0.042434692
EGLC,2026-08-09,31.4,18.3,24.7,30.0,17.7,0.0,0.0,,0.0,19.1,38.5,293.0,47.0,100.0,8.4,1013.3,22.07,42406.94,ukmo_uk_deterministic_2km,51.507725,0.042434692
EGLC,2026-08-10,26.2,18.5,22.2,25.0,16.9,0.0,0.0,,0.0,20.2,42.1,3.0,74.0,100.0,11.8,1018.2,21.18,43200.0,ukmo_uk_deterministic_2km,51.507725,0.042434692
EGLC,2026-08-11,24.4,16.2,20.3,23.6,16.0,0.0,0.0,,0.0,17.3,36.4,93.0,20.0,100.0,12.3,1024.0,23.07,48030.05,ukmo_uk_deterministic_2km,51.507725,0.042434692
EGLC,2026-08-12,31.0,17.4,23.7,30.8,17.3,0.0,0.0,,0.0,16.2,33.1,92.0,5.0,52.0,12.6,1023.1,23.8,47683.83,ukmo_uk_deterministic_2km,51.507725,0.042434692
EGLC,2026-08-13,34.3,18.2,26.3,33.6,18.7,0.0,0.0,,0.0,15.5,31.7,94.0,13.0,100.0,13.3,1020.8,23.48,45597.07,ukmo_uk_deterministic_2km,51.507725,0.042434692
EGLC,2026-08-14,33.9,23.0,28.1,33.8,23.0,0.0,0.0,,0.0,13.3,29.2,291.0,32.0,100.0,13.2,1016.5,22.28,46921.87,ukmo_uk_deterministic_2km,51.507725,0.042434692
EGLC,2026-08-15,26.8,20.2,23.5,27.0,19.7,0.0,0.0,,0.0,14.8,29.5,38.0,76.0,100.0,15.4,1016.7,14.09,26340.03,ukmo_uk_deterministic_2km,51.507725,0.042434692
EGLC,2026-08-16,26.6,17.2,22.0,26.4,18.1,0.0,0.0,,0.0,15.5,31.0,237.0,71.0,100.0,14.6,1017.5,16.89,40342.95,ukmo_uk_deterministic_2km,51.507725,0.042434692
EGLC,2026-08-17,27.2,19.5,23.4,27.3,18.1,0.0,0.0,,0.0,14.8,29.9,297.0,79.0,100.0,12.0,1015.1,16.26,38988.74,ukmo_uk_deterministic_2km,51.507725,0.042434692
EGLC,2026-08-18,25.8,19.4,22.6,24.6,18.8,0.0,0.0,,0.0,19.1,37.8,268.0,99.0,100.0,14.2,1010.6,9.31,2609.3,ukmo_uk_deterministic_2km,51.507725,0.042434692
EGLC,2026-08-19,25.0,17.0,20.5,23.2,16.5,1.7,1.7,,4.0,21.2,43.6,254.0,70.0,100.0,12.1,1005.2,11.71,23314.05,ukmo_uk_deterministic_2km,51.507725,0.042434692
EGLC,2026-08-20,23.2,16.2,19.0,20.3,14.7,1.7,1.7,,3.0,20.5,40.7,258.0,69.0,100.0,10.7,1005.4,14.13,30395.62,ukmo_uk_deterministic_2km,51.507725,0.042434692
EGLC,2026-08-21,21.4,14.6,17.5,19.1,13.2,0.0,0.0,,0.0,18.7,38.9,360.0,73.0,100.0,8.9,1013.1,12.82,33132.1,ukmo_uk_deterministic_2km,51.507725,0.042434692
EGLC,2026-08-22,21.7,12.5,17.3,19.3,10.1,0.0,0.0,,0.0,13.0,25.9,7.0,50.0,100.0,7.3,1022.0,17.97,44849.0,ukmo_uk_deterministic_2km,51.507725,0.042434692
EGLC,2026-08-23,24.0,13.4,18.5,22.0,12.8,0.0,0.0,,0.0,19.1,39.2,113.0,64.0,100.0,8.9,1024.7,16.5,41303.36,ukmo_uk_deterministic_2km,51.507725,0.042434692
EGLC,2026-08-24,21.6,13.0,17.7,18.9,11.8,0.0,0.0,,0.0,21.6,45.4,75.0,79.0,100.0,9.8,1019.7,16.92,40768.63,ukmo_uk_deterministic_2km,51.507725,0.042434692
EGLC,2026-08-25,24.5,15.7,20.0,22.8,14.6,0.0,0.0,,0.0,18.7,40.0,77.0,25.0,100.0,12.3,1012.9,20.57,46126.69,ukmo_uk_deterministic_2km,51.507725,0.042434692
EGLC,2026-08-26,26.0,18.4,21.6,26.8,19.2,0.2,0.2,,2.0,18.4,37.1,91.0,90.0,100.0,16.6,1012.4,16.43,35172.76,ukmo_uk_deterministic_2km,51.507725,0.042434692
EGLC,2026-08-27,24.9,19.2,21.3,25.9,19.4,4.5,4.5,,7.0,14.0,28.8,151.0,96.0,100.0,16.7,1008.7,11.18,21644.59,ukmo_uk_deterministic_2km,51.507725,0.042434692
EGLC,2026-08-28,24.6,16.3,20.0,22.2,16.1,0.3,0.3,,2.0,24.8,47.2,237.0,60.0,100.0,13.4,1006.8,13.1,29493.69,ukmo_uk_deterministic_2km,51.507725,0.042434692
EGLC,2026-08-29,21.0,17.8,18.9,19.9,17.4,5.1,5.1,,8.0,23.8,47.5,214.0,91.0,100.0,15.6,1005.1,4.37,0.0,ukmo_uk_deterministic_2km,51.507725,0.042434692
EGLC,2026-08-30,22.4,16.9,19.6,20.7,15.1,0.1,0.1,,1.0,25.6,49.0,231.0,86.0,100.0,13.2,1007.9,10.79,22198.36,ukmo_uk_deterministic_2km,51.507725,0.042434692
EGLC,2026-08-31,22.7,15.2,18.8,20.8,12.9,1.1,1.1,,4.0,22.3,44.6,261.0,81.0,100.0,11.7,1010.7,10.61,21796.15,ukmo_uk_deterministic_2km,51.507725,0.042434692
EGLC,2026-09-01,22.9,14.4,18.6,20.6,13.4,0.0,0.0,,0.0,16.6,33.5,258.0,68.0,100.0,9.5,1019.8,16.31,44092.06,ukmo_uk_deterministic_2km,51.507725,0.042434692
EGLC,2026-09-02,21.3,17.0,18.9,19.3,16.3,0.8,0.8,,5.0,22.7,46.1,228.0,98.0,100.0,13.6,1018.6,8.33,6691.55,ukmo_uk_deterministic_2km,51.507725,0.042434692
EGLC,2026-09-03,25.8,19.2,21.9,25.1,18.8,0.0,0.0,,0.0,22.3,45.4,237.0,85.0,100.0,16.3,1016.1,11.22,21529.06,ukmo_uk_deterministic_2km,51.507725,0.042434692
EGLC,2026-09-04,21.1,16.8,20.1,20.7,14.8,0.8,0.8,,3.0,26.6,53.3,253.0,90.0,100.0,13.8,1013.8,8.12,1257.43,ukmo_uk_deterministic_2km,51.507725,0.042434692
EGLC,2026-09-05,23.0,13.4,18.2,21.0,11.6,0.0,0.0,,0.0,15.5,30.2,258.0,24.0,100.0,9.2,1022.6,17.57,44734.62,ukmo_uk_deterministic_2km,51.507725,0.042434692
EGLC,2026-09-06,26.5,15.7,20.7,24.3,14.9,0.0,0.0,,0.0,18.4,37.4,192.0,52.0,100.0,10.8,1021.3,17.54,36000.0,ukmo_uk_deterministic_2km,51.507725,0.042434692
EGLC,2026-09-07,24.3,18.4,21.1,23.1,17.2,0.0,0.0,,0.0,19.4,38.9,245.0,81.0,100.0,13.7,1015.6,12.1,27679.31,ukmo_uk_deterministic_2km,51.507725,0.042434692
EGLC,2026-09-08,18.7,14.5,16.0,16.9,12.7,17.8,17.8,,16.0,18.0,36.4,256.0,81.0,100.0,12.1,1009.7,5.32,7420.5,ukmo_uk_deterministic_2km,51.507725,0.042434692
EGLC,2026-09-09,19.2,12.5,16.0,17.5,10.3,0.0,0.0,,0.0,16.6,33.1,279.0,57.0,97.0,8.3,1015.8,10.48,24359.45,ukmo_uk_deterministic_2km,51.507725,0.042434692
EGLC,2026-09-10,20.4,14.5,17.5,17.5,13.8,0.0,0.0,,0.0,18.0,36.0,224.0,75.0,100.0,9.6,1017.1,14.19,30597.95,ukmo_uk_deterministic_2km,51.507725,0.042434692
EGLC,2026-09-11,21.5,16.5,18.9,20.7,15.4,0.6,0.6,,4.0,18.0,36.4,262.0,66.0,100.0,12.8,1019.0,11.46,34516.2,ukmo_uk_deterministic_2km,51.507725,0.042434692
EGLC,2026-09-12,23.7,13.9,18.8,22.4,12.5,0.0,0.0,,0.0,19.4,40.0,237.0,42.0,100.0,12.5,1022.3,14.95,35273.81,ukmo_uk_deterministic_2km,51.507725,0.042434692
EGLC,2026-09-13,23.1,18.4,20.3,23.3,18.7,1.1,1.1,,3.0,14.8,29.9,247.0,98.0,100.0,17.3,1021.5,6.07,4178.54,ukmo_uk_deterministic_2km,51.507725,0.042434692
EGLC,2026-09-14,25.1,18.4,20.9,25.5,19.7,0.7,0.7,,2.0,16.6,33.5,230.0,80.0,100.0,17.4,1021.5,10.5,26696.06,ukmo_uk_deterministic_2km,51.507725,0.042434692
EGLC,2026-09-15,22.4,16.9,19.5,21.0,14.4,0.0,0.0,,0.0,17.6,36.0,255.0,77.0,100.0,12.7,1016.2,9.39,23745.15,ukmo_uk_deterministic_2km,51.507725,0.042434692
EGLC,2026-09-16,19.9,13.8,16.9,17.8,11.9,0.0,0.0,,0.0,15.8,32.4,282.0,71.0,100.0,9.2,1018.3,9.29,27897.24,ukmo_uk_deterministic_2km,51.507725,0.042434692
EGLC,2026-09-17,20.9,14.2,17.0,17.6,12.2,1.4,1.4,,2.0,19.4,38.5,255.0,68.0,100.0,9.4,1011.4,10.08,24427.68,ukmo_uk_deterministic_2km,51.507725,0.042434692
EGLC,2026-09-18,19.9,12.1,16.1,16.7,10.1,0.6,0.6,,2.0,21.2,42.8,242.0,72.0,100.0,9.6,1013.6,11.7,24714.67,ukmo_uk_deterministic_2km,51.507725,0.042434692
EGLC,2026-09-19,22.2,17.3,19.5,20.4,15.5,0.0,0.0,,0.0,22.7,46.8,234.0,93.0,100.0,14.6,1015.2,8.32,18063.65,ukmo_uk_deterministic_2km,51.507725,0.042434692
EGLC,2026-09-20,20.3,15.5,18.2,18.9,13.9,0.0,0.0,,0.0,15.8,32.0,285.0,71.0,100.0,9.3,1025.1,13.21,33699.02,ukmo_uk_deterministic_2km,51.507725,0.042434692
EGLC,2026-09-21,23.1,11.0,17.3,22.0,10.0,0.0,0.0,,0.0,8.3,19.8,284.0,18.0,100.0,7.3,1031.4,14.47,32764.23,ukmo_uk_deterministic_2km,51.507725,0.042434692
EGLC,2026-09-22,24.9,15.8,20.1,25.4,16.0,0.0,0.0,,0.0,13.7,27.7,164.0,50.0,96.0,12.8,1028.9,11.07,29157.95,ukmo_uk_deterministic_2km,51.507725,0.042434692
EGLC,2026-09-23,23.4,16.0,19.6,22.2,13.1,0.0,0.0,,0.0,15.1,32.0,285.0,61.0,100.0,12.0,1024.5,11.15,30147.14,ukmo_uk_deterministic_2km,51.507725,0.042434692
EGLC,2026-09-24,21.5,12.1,16.4,20.6,11.3,0.0,0.0,,0.0,11.2,23.4,121.0,79.0,100.0,10.3,1024.7,13.42,35125.97,ukmo_uk_deterministic_2km,51.507725,0.042434692
EGLC,2026-09-25,23.8,13.7,18.0,23.6,13.5,0.0,0.0,,0.0,15.5,32.0,10.0,23.0,100.0,12.4,1018.9,14.31,39600.0,ukmo_uk_deterministic_2km,51.507725,0.042434692
EGLC,2026-09-26,20.8,13.0,17.3,18.3,11.5,0.0,0.0,,0.0,10.8,22.3,299.0,86.0,100.0,6.1,1021.9,13.11,32400.0,ukmo_uk_deterministic_2km,51.507725,0.042434692
EGLC,2026-09-27,22.0,13.4,17.5,20.4,12.8,0.5,0.5,,3.0,19.1,38.9,191.0,93.0,100.0,12.5,1015.6,8.38,17383.16,ukmo_uk_deterministic_2km,51.507725,0.042434692
EGLC,2026-09-28,19.4,14.0,16.8,18.1,13.2,0.0,0.0,,0.0,14.8,30.2,57.0,100.0,100.0,11.5,1019.7,8.17,12008.01,ukmo_uk_deterministic_2km,51.507725,0.042434692
EGLC,2026-09-29,23.8,16.4,20.2,24.0,16.2,0.0,0.0,,0.0,17.6,36.4,105.0,89.0,100.0,16.4,1014.9,11.45,24981.83,ukmo_uk_deterministic_2km,51.507725,0.042434692
EGLC,2026-09-30,23.7,18.6,21.5,22.3,18.0,0.4,0.4,,2.0,20.2,38.2,187.0,77.0,100.0,14.2,1011.5,9.61,22442.85,ukmo_uk_deterministic_2km,51.507725,0.042434692
EGLC,2026-10-01,20.9,14.4,17.4,18.3,13.5,0.3,0.3,,1.0,15.5,31.0,240.0,50.0,100.0,10.5,1021.6,11.15,37492.72,ukmo_uk_deterministic_2km,51.507725,0.042434692
EGLC,2026-10-02,20.8,12.9,16.7,18.2,12.1,0.0,0.0,,0.0,16.2,33.8,207.0,69.0,100.0,9.9,1029.6,9.64,31338.65,ukmo_uk_deterministic_2km,51.507725,0.042434692
EGLC,2026-10-03,20.0,12.9,16.1,19.8,12.4,0.0,0.0,,0.0,8.6,17.6,235.0,93.0,100.0,12.1,1029.6,7.63,16154.33,ukmo_uk_deterministic_2km,51.507725,0.042434692
